0
0
0
0
0
0
0
0
0
0
0
0
0
0
0
0
0
0
0
0
0
0
0
0
0
0
0
0
0
0
0
0
0
0
-1
0
1
0
-1
0
1
0
-1
0
1
0
-1
0
1
0
-1
0
1
0
-1
0
1
0
-2
0
2
0
-2
0
2
0
-2
0
2
-1
-2
1
2
-1
-2
1
3
-1
-3
1
3
-1
-3
1
3
-1
-3
1
4
-1
-4
1
4
-1
-4
1
4
-1
-4
1
5
-1
-5
1
5
-1
-5
1
5
-1
-6
1
6
-1
-6
1
6
-1
-6
2
7
-2
-7
2
7
-2
-7
2
7
-2
-8
2
8
-2
-8
2
8
-2
-9
2
9
-2
-9
2
9
-2
-10
2
10
-2
-10
2
11
-2
-11
3
11
-3
-11
3
12
-3
-12
3
12
-3
-13
3
13
-3
-13
3
13
-3
-14
3
14
-3
-14
3
15
-3
-15
4
15
-4
-16
4
16
-4
-16
4
17
-4
-17
4
17
-4
-18
4
18
-4
-19
4
19
-4
-19
5
20
-5
-20
5
20
-5
-21
5
21
-5
-22
5
22
-5
-22
5
23
-5
-23
5
24
-6
-24
6
24
-6
-25
6
25
-6
-26
6
26
-6
-27
6
27
-6
-27
6
28
-7
-28
7
29
-7
-29
7
30
-7
-30
7
31
-7
-31
7
32
-7
-32
8
32
-8
-33
8
33
-8
-34
8
34
-8
-35
8
35
-8
-36
8
36
-9
-37
9
37
-9
-38
9
38
-9
-39
9
39
-9
-40
9
41
-10
-41
10
42
-10
-42
10
43
-10
-43
10
44
-10
-44
10
45
-11
-45
11
46
-11
-47
11
47
-11
-48
11
48
-11
-49
11
49
-12
-50
12
51
-12
-51
12
52
-12
-52
12
53
-12
-54
13
54
-13
-55
13
55
-13
-56
13
57
-13
-57
13
58
-14
-59
14
59
-14
-60
14
60
-14
-61
14
62
-15
-62
15
63
-15
-64
15
64
-15
-65
15
66
-15
-66
16
67
-16
-68
16
68
-16
-69
16
70
-16
-70
17
71
-17
-72
17
72
-17
-73
17
74
-17
-75
18
75
-18
-76
18
77
-18
-77
18
78
-18
-79
19
80
-19
-80
19
81
-19
-82
19
82
-19
-83
20
84
-20
-85
20
85
-20
-86
20
87
-20
-88
21
88
-21
-89
21
90
-21
-91
21
92
-21
-92
22
93
-22
-94
22
95
-22
-95
22
96
-23
-97
23
98
-23
-99
23
99
-23
-100
23
101
-24
-102
24
103
-24
-103
24
104
-24
-105
25
106
-25
-107
25
107
-25
-108
25
109
-26
-110
26
111
-26
-112
26
112
-26
-113
27
114
-27
-115
27
116
-27
-117
27
118
-28
-118
28
119
-28
-120
28
121
-28
-122
29
123
-29
-124
29
124
-29
-125
29
126
-30
-127
30
128
-30
-129
30
130
-30
-131
31
132
-31
-132
31
133
-31
-134
31
135
-32
-136
32
137
-32
-138
32
139
-33
-140
33
141
-33
-142
33
142
-33
-143
34
144
-34
-145
34
146
-34
-147
34
148
-35
-149
35
150
-35
-151
35
152
-36
-153
36
154
-36
-155
36
156
-36
-157
37
158
-37
-158
37
159
-37
-160
38
161
-38
-162
38
163
-38
-164
39
165
-39
-166
39
167
-39
-168
39
169
-40
-170
40
171
-40
-172
40
173
-41
-174
41
175
-41
-176
41
177
-42
-178
42
179
-42
-180
42
181
-42
-182
43
183
-43
-184
43
185
-43
-186
44
187
-44
-188
44
189
-44
-190
45
191
-45
-192
45
193
-45
-194
46
196
-46
-197
46
198
-46
-199
47
200
-47
-201
47
202
-47
-203
48
204
-48
-205
48
206
-48
-207
48
208
-49
-209
49
210
-49
-211
49
212
-50
-213
50
214
-50
-216
50
217
-51
-218
51
219
-51
-220
51
221
-52
-222
52
223
-52
-224
52
225
-53
-226
53
227
-53
-228
54
230
-54
-231
54
232
-54
-233
55
234
-55
-235
55
236
-55
-237
56
238
-56
-239
56
241
-56
-242
57
243
-57
-244
57
245
-57
-246
58
247
-58
-248
58
249
-58
-251
59
252
-59
-253
59
254
-59
-255
60
256
-60
-257
60
258
-60
-260
61
261
-61
-262
61
263
-62
-264
62
265
-62
-266
62
267
-63
-269
63
270
-63
-271
63
272
-64
-273
64
274
-64
-275
64
277
-65
-278
65
279
-65
-280
66
281
-66
-282
66
283
-66
-285
67
286
-67
-287
67
288
-67
-289
68
290
-68
-292
68
293
-69
-294
69
295
-69
-296
69
297
-70
-298
70
300
-70
-301
70
302
-71
-303
71
304
-71
-305
71
307
-72
-308
72
309
-72
-310
73
311
-73
-312
73
314
-73
-315
74
316
-74
-317
74
318
-75
-320
75
321
-75
-322
75
323
-76
-324
76
325
-76
-327
76
328
-77
-329
77
330
-77
-331
78
332
-78
-334
78
335
-78
-336
79
337
-79
-338
79
340
-79
-341
80
342
-80
-343
80
344
-81
-346
81
347
-81
-348
81
349
-82
-350
82
351
-82
-353
83
354
-83
-355
83
356
-83
-357
84
359
-84
-360
84
361
-84
-362
85
363
-85
-365
85
366
-86
-367
86
368
-86
-369
86
371
-87
-372
87
373
-87
-374
88
375
-88
-376
88
378
-88
-379
89
380
-89
-381
89
382
-89
-384
90
385
-90
-386
90
387
-91
-388
91
390
-91
-391
91
392
-92
-393
92
394
-92
-396
93
397
-93
-398
93
399
-93
-400
94
402
-94
-403
94
404
-95
-405
95
406
-95
-408
95
409
-96
-410
96
411
-96
-412
96
414
-97
-415
97
416
-97
-417
98
418
-98
-419
98
421
-98
-422
99
423
-99
-424
99
425
-100
-427
100
428
-100
-429
100
430
-101
-431
101
433
-101
-434
101
435
-102
-436
102
437
-102
-439
103
440
-103
-441
103
442
-103
-443
104
444
-104
-446
104
447
-105
-448
105
449
-105
-450
105
452
-106
-453
106
454
-106
-455
106
456
-107
-457
107
459
-107
-460
108
461
-108
-462
108
463
-108
-464
109
466
-109
-467
109
468
-109
-469
110
470
-110
-471
110
473
-111
-474
111
475
-111
-476
111
477
-112
-478
112
480
-112
-481
112
482
-113
-483
113
484
-113
-485
114
487
-114
-488
114
489
-114
-490
115
491
-115
-492
115
494
-115
-495
116
496
-116
-497
116
498
-117
-499
117
500
-117
-502
117
503
-118
-504
118
505
-118
-506
118
507
-119
-508
119
510
-119
-511
119
512
-120
-513
120
514
-120
-515
121
516
-121
-517
121
519
-121
-520
122
521
-122
-522
122
523
-122
-524
123
525
-123
-526
123
528
-123
-529
124
530
-124
-531
124
532
-124
-533
125
534
-125
-535
125
536
-125
-538
126
539
-126
-540
126
541
-127
-542
127
543
-127
-544
127
545
-128
-546
128
547
-128
-549
128
550
-129
-551
129
552
-129
-553
129
554
-130
-555
130
556
-130
-557
130
558
-131
-559
131
561
-131
-562
131
563
-132
-564
132
565
-132
-566
132
567
-133
-568
133
569
-133
-570
133
571
-134
-572
134
573
-134
-574
134
575
-135
-576
135
577
-135
-579
135
580
-136
-581
136
582
-136
-583
136
584
-136
-585
137
586
-137
-587
137
588
-137
-589
138
590
-138
-591
138
592
-138
-593
139
594
-139
-595
139
596
-139
-597
140
598
-140
-599
140
600
-140
-601
141
602
-141
-603
141
604
-141
-605
141
606
-142
-607
142
608
-142
-609
142
610
-143
-611
143
612
-143
-613
143
614
-144
-615
144
616
-144
-617
144
618
-144
-619
145
620
-145
-621
145
622
-145
-623
146
624
-146
-625
146
625
-146
-626
146
627
-147
-628
147
629
-147
-630
147
631
-148
-632
148
633
-148
-634
148
635
-148
-636
149
637
-149
-638
149
639
-149
-639
150
640
-150
-641
150
642
-150
-643
150
644
-151
-645
151
646
-151
-647
151
648
-151
-649
152
649
-152
-650
152
651
-152
-652
152
653
-153
-654
153
655
-153
-656
153
656
-153
-657
154
658
-154
-659
154
660
-154
-661
154
662
-155
-663
155
663
-155
-664
155
665
-155
-666
156
667
-156
-668
156
668
-156
-669
156
670
-157
-671
157
672
-157
-673
157
673
-157
-674
158
675
-158
-676
158
677
-158
-677
158
678
-159
-679
159
680
-159
-681
159
681
-159
-682
159
683
-160
-684
160
685
-160
-685
160
686
-160
-687
161
688
-161
-688
161
689
-161
-690
161
691
-161
-691
162
692
-162
-693
162
694
-162
-694
162
695
-163
-696
163
697
-163
-697
163
698
-163
-699
163
700
-164
-700
164
701
-164
-702
164
702
-164
-703
164
704
-165
-705
165
705
-165
-706
165
707
-165
-707
165
708
-166
-709
166
709
-166
-710
166
711
-166
-711
166
712
-166
-713
167
713
-167
-714
167
715
-167
-715
167
716
-167
-717
168
717
-168
-718
168
719
-168
-719
168
720
-168
-721
168
721
-169
-722
169
722
-169
-723
169
724
-169
-724
169
725
-169
-726
170
726
-170
-727
170
727
-170
-728
170
729
-170
-729
170
730
-171
-730
171
731
-171
-731
171
732
-171
-733
171
733
-171
-734
171
734
-172
-735
172
735
-172
-736
172
736
-172
-737
172
737
-172
-738
172
739
-173
-739
173
740
-173
-740
173
741
-173
-741
173
742
-173
-742
173
743
-174
-743
174
744
-174
-744
174
745
-174
-745
174
746
-174
-746
174
747
-174
-747
175
748
-175
-748
175
748
-175
-749
175
749
-175
-750
175
750
-175
-751
175
751
-176
-752
176
752
-176
-753
176
753
-176
-753
176
754
-176
-754
176
755
-176
-755
176
755
-177
-756
177
756
-177
-757
177
757
-177
-757
177
758
-177
-758
177
759
-177
-759
177
759
-177
-760
178
760
-178
-761
178
761
-178
-761
178
762
-178
-762
178
762
-178
-763
178
763
-178
-763
178
764
-178
-764
179
764
-179
-765
179
765
-179
-765
179
766
-179
-766
179
766
-179
-766
179
767
-179
-767
179
767
-179
-768
179
768
-179
-768
180
768
-180
-769
180
769
-180
-769
180
770
-180
-770
180
770
-180
-770
180
771
-180
-771
180
771
-180
-771
180
772
-180
-772
180
772
-180
-772
180
772
-180
-773
181
773
-181
-773
181
773
-181
-773
181
774
-181
-774
181
774
-181
-774
181
774
-181
-775
181
775
-181
-775
181
775
-181
-775
181
775
-181
-776
181
776
-181
-776
181
776
-181
-776
181
776
-181
-777
181
777
-181
-777
181
777
-182
-777
182
777
-182
-777
182
777
-182
-777
182
778
-182
-778
182
778
-182
-778
182
778
-182
-778
182
778
-182
-778
182
778
-182
-778
182
778
-182
-778
182
779
-182
-779
182
779
-182
-779
182
779
-182
-779
182
779
-182
-779
182
779
-182
-779
182
779
-182
-779
182
779
-182
-779
182
779
-182
-779
182
779
-182
-779
182
779
-182
-779
182
779
-182
-779
182
779
-182
-779
182
779
-182
-779
182
779
-182
-779
182
779
-182
-779
182
779
-182
-779
182
779
-182
-778
182
778
-182
-778
182
778
-182
-778
182
778
-182
-778
182
778
-182
-778
182
778
-182
-778
182
778
-182
-777
182
777
-182
-777
182
777
-182
-777
182
777
-181
-777
181
777
-181
-776
181
776
-181
-776
181
776
-181
-776
181
776
-181
-776
181
775
-181
-775
181
775
-181
-775
181
775
-181
-775
181
774
-181
-774
181
774
-181
-774
181
774
-181
-773
181
773
-181
-773
181
773
-181
-773
180
772
-180
-772
180
772
-180
-772
180
771
-180
-771
180
771
-180
-771
180
770
-180
-770
180
770
-180
-770
180
769
-180
-769
180
769
-180
-769
180
768
-179
-768
179
768
-179
-768
179
767
-179
-767
179
767
-179
-766
179
766
-179
-766
179
765
-179
-765
179
765
-179
-764
179
764
-178
-764
178
763
-178
-763
178
763
-178
-762
178
762
-178
-762
178
761
-178
-761
178
761
-178
-760
178
760
-178
-760
177
759
-177
-759
177
758
-177
-758
177
758
-177
-757
177
757
-177
-756
177
756
-177
-756
177
755
-176
-755
176
754
-176
-754
176
754
-176
-753
176
753
-176
-752
176
752
-176
-751
176
751
-175
-751
175
750
-175
-750
175
749
-175
-749
175
748
-175
-748
175
747
-175
-747
174
746
-174
-746
174
745
-174
-745
174
744
-174
-744
174
743
-174
-743
174
742
-173
-742
173
741
-173
-741
173
740
-173
-740
173
739
-173
-739
173
738
-172
-738
172
737
-172
-737
172
736
-172
-736
172
735
-172
-734
172
734
-171
-733
171
733
-171
-732
171
732
-171
-731
171
731
-171
-730
170
729
-170
-729
170
728
-170
-728
170
727
-170
-726
170
726
-170
-725
169
725
-169
-724
169
723
-169
-723
169
722
-169
-722
168
721
-168
-720
168
720
-168
-719
168
718
-168
-718
168
717
-167
-716
167
716
-167
-715
167
714
-167
-714
167
713
-167
-712
166
712
-166
-711
166
710
-166
-710
166
709
-166
-708
165
708
-165
-707
165
706
-165
-706
165
705
-165
-704
164
704
-164
-703
164
702
-164
-701
164
701
-164
-700
163
699
-163
-699
163
698
-163
-697
163
696
-163
-696
162
695
-162
-694
162
693
-162
-693
162
692
-162
-691
161
690
-161
-690
161
689
-161
-688
161
687
-160
-686
160
686
-160
-685
160
684
-160
-683
160
683
-159
-682
159
681
-159
-680
159
679
-159
-679
158
678
-158
-677
158
676
-158
-675
158
675
-158
-674
157
673
-157
-672
157
671
-157
-670
157
670
-156
-669
156
668
-156
-667
156
666
-156
-665
155
665
-155
-664
155
663
-155
-662
155
661
-154
-660
154
660
-154
-659
154
658
-154
-657
153
656
-153
-655
153
654
-153
-653
153
653
-152
-652
152
651
-152
-650
152
649
-152
-648
151
647
-151
-646
151
645
-151
-645
150
644
-150
-643
150
642
-150
-641
150
640
-149
-639
149
638
-149
-637
149
636
-149
-635
148
634
-148
-634
148
633
-148
-632
147
631
-147
-630
147
629
-147
-628
147
627
-146
-626
146
625
-146
-624
146
623
-145
-622
145
621
-145
-620
145
619
-145
-618
144
617
-144
-616
144
615
-144
-614
143
613
-143
-612
143
611
-143
-610
143
610
-142
-609
142
608
-142
-607
142
606
-141
-605
141
604
-141
-603
141
602
-140
-601
140
600
-140
-599
140
598
-139
-597
139
595
-139
-594
139
593
-139
-592
138
591
-138
-590
138
589
-138
-588
137
587
-137
-586
137
585
-137
-584
136
583
-136
-582
136
581
-136
-580
135
579
-135
-578
135
577
-135
-576
134
575
-134
-574
134
573
-134
-572
133
571
-133
-570
133
569
-133
-567
132
566
-132
-565
132
564
-132
-563
131
562
-131
-561
131
560
-131
-559
130
558
-130
-557
130
556
-130
-555
129
553
-129
-552
129
551
-129
-550
128
549
-128
-548
128
547
-128
-546
127
545
-127
-544
127
543
-127
-541
126
540
-126
-539
126
538
-126
-537
125
536
-125
-535
125
534
-125
-533
124
531
-124
-530
124
529
-124
-528
123
527
-123
-526
123
525
-122
-524
122
523
-122
-521
122
520
-121
-519
121
518
-121
-517
121
516
-120
-515
120
514
-120
-512
120
511
-119
-510
119
509
-119
-508
119
507
-118
-506
118
504
-118
-503
117
502
-117
-501
117
500
-117
-499
116
498
-116
-496
116
495
-116
-494
115
493
-115
-492
115
491
-114
-489
114
488
-114
-487
114
486
-113
-485
113
484
-113
-483
113
481
-112
-480
112
479
-112
-478
112
477
-111
-476
111
474
-111
-473
110
472
-110
-471
110
470
-110
-469
109
467
-109
-466
109
465
-109
-464
108
463
-108
-462
108
460
-107
-459
107
458
-107
-457
107
456
-106
-454
106
453
-106
-452
105
451
-105
-450
105
449
-105
-447
104
446
-104
-445
104
444
-104
-443
103
441
-103
-440
103
439
-102
-438
102
437
-102
-436
102
434
-101
-433
101
432
-101
-431
101
430
-100
-428
100
427
-100
-426
99
425
-99
-424
99
422
-99
-421
98
420
-98
-419
98
418
-97
-417
97
415
-97
-414
97
413
-96
-412
96
411
-96
-409
95
408
-95
-407
95
406
-95
-405
94
403
-94
-402
94
401
-94
-400
93
399
-93
-397
93
396
-92
-395
92
394
-92
-393
92
391
-91
-390
91
389
-91
-388
90
387
-90
-385
90
384
-90
-383
89
382
-89
-381
89
379
-89
-378
88
377
-88
-376
88
375
-87
-374
87
372
-87
-371
87
370
-86
-369
86
368
-86
-366
85
365
-85
-364
85
363
-85
-362
84
360
-84
-359
84
358
-84
-357
83
356
-83
-354
83
353
-82
-352
82
351
-82
-350
82
348
-81
-347
81
346
-81
-345
80
344
-80
-343
80
341
-80
-340
79
339
-79
-338
79
337
-79
-335
78
334
-78
-333
78
332
-77
-331
77
330
-77
-328
77
327
-76
-326
76
325
-76
-324
75
322
-75
-321
75
320
-75
-319
74
318
-74
-317
74
315
-74
-314
73
313
-73
-312
73
311
-72
-310
72
308
-72
-307
72
306
-71
-305
71
304
-71
-303
71
301
-70
-300
70
299
-70
-298
69
297
-69
-296
69
294
-69
-293
68
292
-68
-291
68
290
-68
-289
67
287
-67
-286
67
285
-66
-284
66
283
-66
-282
66
281
-65
-279
65
278
-65
-277
65
276
-64
-275
64
274
-64
-273
64
271
-63
-270
63
269
-63
-268
62
267
-62
-266
62
265
-62
-263
61
262
-61
-261
61
260
-61
-259
60
258
-60
-257
60
256
-60
-254
59
253
-59
-252
59
251
-59
-250
58
249
-58
-248
58
247
-57
-246
57
244
-57
-243
57
242
-56
-241
56
240
-56
-239
56
238
-55
-237
55
236
-55
-234
55
233
-54
-232
54
231
-54
-230
54
229
-53
-228
53
227
-53
-226
53
225
-52
-224
52
223
-52
-221
52
220
-51
-219
51
218
-51
-217
51
216
-50
-215
50
214
-50
-213
50
212
-49
-211
49
210
-49
-209
49
208
-48
-206
48
205
-48
-204
48
203
-47
-202
47
201
-47
-200
47
199
-46
-198
46
197
-46
-196
46
195
-45
-194
45
193
-45
-192
45
191
-44
-190
44
189
-44
-188
44
187
-44
-186
43
185
-43
-184
43
183
-43
-182
42
181
-42
-180
42
179
-42
-178
41
177
-41
-176
41
175
-41
-174
40
173
-40
-172
40
171
-40
-170
40
169
-39
-168
39
167
-39
-166
39
165
-38
-164
38
163
-38
-162
38
161
-37
-160
37
159
-37
-158
37
157
-37
-156
36
155
-36
-154
36
153
-36
-152
35
151
-35
-150
35
149
-35
-149
35
148
-34
-147
34
146
-34
-145
34
144
-34
-143
33
142
-33
-141
33
140
-33
-139
32
138
-32
-137
32
137
-32
-136
32
135
-31
-134
31
133
-31
-132
31
131
-31
-130
30
129
-30
-128
30
128
-30
-127
29
126
-29
-125
29
124
-29
-123
29
122
-28
-121
28
121
-28
-120
28
119
-28
-118
27
117
-27
-116
27
115
-27
-115
27
114
-26
-113
26
112
-26
-111
26
110
-26
-110
25
109
-25
-108
25
107
-25
-106
25
105
-25
-105
24
104
-24
-103
24
102
-24
-101
24
101
-23
-100
23
99
-23
-98
23
97
-23
-97
22
96
-22
-95
22
94
-22
-93
22
93
-22
-92
21
91
-21
-90
21
90
-21
-89
21
88
-20
-87
20
87
-20
-86
20
85
-20
-84
20
84
-19
-83
19
82
-19
-81
19
81
-19
-80
19
79
-18
-78
18
78
-18
-77
18
76
-18
-76
18
75
-17
-74
17
74
-17
-73
17
72
-17
-71
17
71
-16
-70
16
69
-16
-69
16
68
-16
-67
16
67
-15
-66
15
65
-15
-65
15
64
-15
-63
15
63
-15
-62
14
61
-14
-61
14
60
-14
-60
14
59
-14
-58
14
58
-13
-57
13
56
-13
-56
13
55
-13
-55
13
54
-13
-53
12
53
-12
-52
12
52
-12
-51
12
50
-12
-50
12
49
-11
-49
11
48
-11
-47
11
47
-11
-46
11
46
-11
-45
10
45
-10
-44
10
44
-10
-43
10
42
-10
-42
10
41
-10
-41
9
40
-9
-40
9
39
-9
-39
9
38
-9
-38
9
37
-9
-37
9
36
-8
-36
8
35
-8
-35
8
34
-8
-34
8
33
-8
-33
8
32
-7
-32
7
31
-7
-31
7
30
-7
-30
7
29
-7
-29
7
29
-7
-28
7
28
-6
-27
6
27
-6
-26
6
26
-6
-25
6
25
-6
-25
6
24
-6
-24
6
23
-5
-23
5
23
-5
-22
5
22
-5
-21
5
21
-5
-21
5
20
-5
-20
5
19
-5
-19
4
19
-4
-18
4
18
-4
-18
4
17
-4
-17
4
17
-4
-16
4
16
-4
-16
4
15
-4
-15
3
15
-3
-14
3
14
-3
-14
3
13
-3
-13
3
13
-3
-12
3
12
-3
-12
3
12
-3
-11
3
11
-3
-11
2
10
-2
-10
2
10
-2
-10
2
9
-2
-9
2
9
-2
-9
2
8
-2
-8
2
8
-2
-8
2
7
-2
-7
2
7
-2
-7
2
6
-1
-6
1
6
-1
-6
1
6
-1
-5
1
5
-1
-5
1
5
-1
-5
1
4
-1
-4
1
4
-1
-4
1
4
-1
-4
1
3
-1
-3
1
3
-1
-3
1
3
-1
-3
1
3
-1
-2
1
2
-1
-2
0
2
0
-2
0
2
0
-2
0
2
0
-1
0
1
0
-1
0
1
0
-1
0
1
0
-1
0
1
0
-1
0
1
0
-1
0
1
0
0
0
0
0
0
0
0
0
0
0
0
0
0
0
0
0
0
0
0
0
0
0
0
0
0
0
0
0
0
0
0
0
0
0
0
0
0
0
0
0
0
0
0
0
0
0
0
0
0
0
0
0
0
0
0
0
0
0
0
0
0
0
0
0
0
0
0
-1
-1
0
0
0
1
1
1
1
1
0
0
0
0
0
-1
-1
-2
-2
-2
-1
0
0
0
1
1
1
1
2
3
3
2
0
-1
-1
-2
-3
-2
-2
-2
-2
-3
-2
0
1
3
4
5
4
3
2
1
2
1
-1
-2
-4
-5
-6
-6
-4
-1
0
1
2
3
4
4
5
7
8
5
1
-2
-4
-5
-6
-6
-5
-4
-6
-7
-5
-1
3
6
9
10
10
6
3
3
3
2
-1
-5
-7
-11
-14
-13
-8
-2
1
2
3
6
7
8
10
14
14
9
2
-4
-7
-10
-12
-11
-9
-8
-11
-12
-8
-1
6
11
15
19
17
11
6
5
6
3
-3
-8
-13
-18
-23
-22
-13
-4
1
3
6
10
12
13
17
23
23
15
3
-6
-12
-16
-19
-18
-14
-13
-17
-19
-13
-1
10
17
24
29
26
16
8
8
9
5
-4
-13
-19
-28
-35
-33
-20
-5
2
5
9
15
18
19
25
33
34
22
4
-10
-17
-24
-29
-27
-20
-19
-24
-27
-18
-1
14
25
35
42
38
23
12
10
12
6
-7
-18
-28
-39
-49
-46
-28
-7
4
7
13
21
25
27
35
46
47
30
5
-14
-24
-33
-40
-37
-27
-25
-33
-37
-24
-1
20
35
48
57
51
31
15
14
16
7
-10
-25
-37
-53
-66
-62
-37
-9
5
10
18
28
33
36
46
61
62
39
5
-19
-32
-44
-53
-48
-36
-33
-43
-47
-30
0
26
45
63
75
66
40
20
17
20
9
-13
-32
-48
-68
-85
-79
-46
-11
7
14
24
37
43
46
59
78
78
48
6
-24
-42
-57
-67
-61
-45
-41
-54
-59
-37
1
34
58
81
94
82
50
24
21
24
10
-18
-41
-61
-86
-107
-98
-57
-13
10
18
30
47
54
57
73
97
96
59
6
-31
-53
-72
-84
-75
-55
-51
-66
-72
-45
2
42
72
100
116
101
60
29
25
28
10
-23
-51
-75
-105
-130
-119
-68
-14
13
23
38
58
66
69
89
117
116
70
7
-38
-65
-88
-102
-91
-66
-61
-79
-85
-52
4
52
87
121
140
121
71
34
29
32
11
-28
-62
-90
-126
-156
-141
-80
-16
16
28
48
70
79
83
106
139
137
81
6
-47
-78
-106
-122
-108
-78
-72
-93
-100
-60
7
62
104
144
166
142
83
39
34
36
11
-35
-73
-106
-149
-183
-165
-93
-17
20
35
58
84
93
97
124
162
159
93
6
-56
-92
-125
-144
-126
-90
-83
-108
-115
-67
10
74
122
169
194
165
95
44
38
41
10
-43
-86
-124
-174
-213
-191
-106
-19
25
42
69
99
108
112
144
187
182
105
4
-66
-108
-146
-167
-145
-104
-95
-123
-130
-75
13
86
142
195
224
189
108
49
42
44
9
-51
-100
-143
-200
-244
-217
-119
-19
30
51
81
115
124
128
164
213
206
117
3
-77
-126
-169
-192
-166
-117
-107
-139
-146
-83
17
100
163
223
255
214
121
54
46
48
7
-60
-115
-163
-228
-277
-245
-133
-20
36
60
95
132
141
145
185
240
231
130
1
-89
-144
-193
-218
-187
-131
-120
-156
-162
-90
22
114
185
254
289
240
135
59
50
51
5
-70
-130
-184
-257
-311
-273
-146
-20
43
70
110
150
159
162
208
269
257
142
-2
-102
-164
-219
-246
-209
-146
-133
-173
-179
-97
28
130
208
285
323
267
148
64
54
54
2
-81
-147
-206
-287
-346
-302
-160
-19
50
81
126
169
177
180
231
298
283
154
-6
-116
-185
-246
-275
-232
-160
-147
-190
-195
-103
34
146
233
318
359
295
162
69
57
56
-3
-93
-164
-229
-319
-383
-332
-173
-18
58
92
143
190
197
199
255
328
309
166
-10
-131
-207
-275
-305
-255
-175
-160
-207
-211
-109
41
163
259
353
396
323
175
73
61
58
-7
-106
-182
-253
-351
-421
-363
-187
-17
67
105
161
211
217
218
280
359
336
178
-14
-146
-230
-305
-336
-279
-191
-174
-225
-228
-114
49
181
285
388
435
352
189
77
63
59
-13
-120
-200
-277
-385
-460
-393
-200
-15
76
119
181
234
237
238
305
390
362
189
-20
-162
-254
-336
-368
-304
-206
-187
-243
-243
-119
58
200
313
425
473
381
202
81
66
60
-20
-134
-219
-302
-419
-499
-424
-213
-12
86
134
201
257
258
257
330
421
389
199
-26
-179
-279
-368
-402
-329
-221
-201
-260
-259
-123
67
219
342
463
513
411
215
84
68
60
-27
-149
-239
-328
-455
-538
-455
-225
-9
96
149
222
281
279
277
356
453
415
209
-33
-197
-305
-401
-435
-354
-236
-215
-278
-274
-126
78
239
371
501
554
440
228
87
69
59
-35
-164
-259
-354
-490
-579
-486
-237
-5
108
166
245
305
300
297
382
485
441
219
-40
-216
-332
-435
-470
-378
-251
-228
-294
-288
-129
88
259
401
541
595
469
240
90
70
57
-45
-181
-280
-381
-527
-619
-516
-248
0
120
183
268
331
322
318
408
516
466
227
-49
-235
-360
-470
-505
-403
-266
-242
-311
-302
-130
100
280
431
581
636
498
252
92
70
55
-55
-198
-301
-408
-563
-659
-546
-258
5
132
201
292
356
344
338
434
548
491
235
-58
-254
-388
-506
-539
-428
-280
-255
-328
-314
-131
112
302
462
621
677
526
263
93
70
52
-66
-216
-322
-434
-600
-700
-575
-267
10
146
220
317
383
366
358
460
579
515
242
-67
-275
-417
-542
-575
-453
-294
-267
-343
-326
-131
125
324
493
662
718
554
273
94
69
47
-78
-234
-343
-461
-636
-740
-604
-277
17
159
239
342
409
387
377
486
609
538
248
-78
-295
-446
-579
-610
-477
-307
-279
-358
-337
-130
138
346
525
703
759
581
283
95
68
42
-90
-252
-365
-489
-672
-779
-632
-285
24
174
259
368
436
409
397
511
639
560
252
-88
-316
-476
-616
-646
-501
-321
-291
-372
-348
-128
152
369
556
743
799
608
292
95
66
36
-104
-272
-386
-515
-709
-818
-658
-291
31
188
280
395
462
429
416
536
667
581
256
-100
-338
-506
-653
-680
-523
-333
-302
-386
-356
-125
166
391
588
784
839
634
300
94
64
29
-118
-291
-407
-542
-745
-855
-684
-297
40
204
301
422
489
451
435
560
695
601
259
-111
-359
-536
-689
-714
-546
-345
-313
-399
-364
-121
181
414
620
824
878
658
308
92
60
22
-133
-310
-428
-568
-780
-892
-708
-303
48
219
323
449
515
471
453
584
722
620
260
-124
-381
-566
-727
-749
-567
-355
-322
-411
-370
-116
196
436
651
864
916
681
314
91
56
14
-148
-329
-449
-594
-814
-928
-730
-306
58
235
346
477
542
491
471
607
748
636
261
-137
-402
-597
-763
-782
-588
-365
-331
-422
-376
-110
212
458
682
903
953
704
320
88
51
4
-164
-349
-469
-620
-848
-962
-752
-310
67
252
368
504
567
509
488
629
773
651
261
-150
-425
-627
-799
-814
-608
-375
-340
-431
-380
-103
228
480
713
941
989
724
325
85
46
-5
-181
-369
-489
-644
-881
-994
-771
-311
78
268
391
532
592
528
504
649
795
666
259
-164
-446
-657
-835
-845
-626
-384
-348
-439
-383
-95
243
502
742
978
1023
744
328
81
40
-16
-198
-388
-508
-668
-912
-1026
-790
-312
88
285
413
560
617
546
519
670
817
678
257
-178
-468
-686
-870
-876
-644
-391
-355
-448
-384
-87
259
523
771
1015
1056
762
331
78
34
-28
-216
-407
-527
-691
-942
-1055
-806
-311
99
301
436
586
642
562
533
688
837
689
253
-192
-489
-715
-904
-905
-659
-398
-360
-454
-385
-77
275
544
800
1050
1087
778
333
72
26
-40
-234
-426
-545
-713
-970
-1083
-821
-310
110
318
459
613
664
577
547
706
855
698
248
-207
-510
-744
-936
-933
-675
-403
-366
-459
-384
-67
292
564
827
1083
1116
792
333
68
19
-53
-252
-445
-562
-733
-998
-1109
-833
-308
122
335
482
640
686
592
560
723
872
704
243
-221
-530
-771
-969
-959
-688
-408
-370
-463
-382
-56
308
584
853
1114
1143
805
333
62
10
-66
-270
-462
-578
-754
-1023
-1132
-844
-304
135
351
505
665
708
605
571
738
887
710
236
-236
-551
-798
-999
-983
-700
-412
-373
-465
-378
-44
323
603
879
1145
1169
816
331
55
2
-80
-288
-480
-594
-773
-1047
-1153
-853
-299
147
368
527
690
728
617
581
751
899
714
228
-250
-570
-824
-1028
-1006
-711
-415
-375
-467
-374
-33
339
620
903
1174
1192
826
329
49
-7
-94
-306
-496
-608
-789
-1070
-1172
-860
-294
159
385
548
714
747
629
591
764
910
715
220
-264
-589
-849
-1055
-1026
-719
-417
-377
-467
-367
-20
354
638
925
1200
1212
833
326
42
-17
-108
-324
-513
-621
-806
-1090
-1189
-864
-288
171
401
569
737
764
638
598
774
918
715
211
-279
-606
-873
-1081
-1045
-727
-418
-377
-467
-360
-7
368
653
946
1224
1230
839
322
34
-27
-123
-341
-528
-633
-820
-1108
-1203
-867
-280
183
416
590
759
780
647
605
783
925
714
201
-293
-623
-895
-1105
-1062
-732
-418
-377
-464
-352
7
382
669
965
1246
1246
843
316
27
-37
-138
-359
-541
-644
-834
-1124
-1215
-868
-272
195
432
610
780
795
654
611
790
930
710
190
-306
-640
-915
-1128
-1077
-736
-416
-375
-461
-343
20
396
682
983
1266
1259
844
311
18
-47
-154
-376
-555
-654
-845
-1138
-1224
-867
-263
206
446
629
800
808
660
615
796
933
705
179
-319
-655
-936
-1148
-1090
-740
-414
-374
-456
-332
34
408
695
999
1284
1270
844
304
10
-59
-169
-392
-567
-663
-855
-1149
-1231
-864
-253
218
461
648
818
820
665
618
800
934
698
167
-331
-669
-953
-1166
-1101
-740
-411
-370
-451
-321
48
421
706
1014
1298
1279
842
296
1
-69
-184
-409
-578
-671
-863
-1159
-1235
-859
-243
230
473
665
835
830
667
620
803
932
688
154
-344
-682
-970
-1181
-1109
-740
-407
-366
-444
-309
62
432
716
1026
1311
1285
839
288
-8
-80
-199
-423
-588
-676
-871
-1166
-1237
-852
-231
241
486
681
850
838
669
620
804
930
679
141
-355
-694
-984
-1195
-1115
-738
-402
-361
-436
-295
76
443
724
1036
1321
1287
833
279
-17
-92
-214
-438
-597
-680
-875
-1171
-1236
-843
-220
252
498
696
863
845
669
619
803
924
667
128
-366
-704
-997
-1206
-1119
-734
-396
-355
-427
-282
90
452
732
1044
1328
1287
826
270
-25
-102
-229
-452
-604
-684
-878
-1174
-1232
-833
-208
262
510
710
875
850
668
618
801
917
655
114
-376
-713
-1008
-1216
-1120
-729
-390
-349
-417
-268
104
461
738
1051
1333
1285
817
259
-34
-113
-243
-464
-611
-686
-880
-1174
-1226
-821
-195
272
520
722
886
853
666
614
797
908
640
101
-386
-721
-1016
-1222
-1119
-722
-382
-342
-407
-253
117
469
743
1055
1335
1280
805
249
-43
-124
-257
-476
-615
-686
-880
-1172
-1218
-807
-182
282
529
732
894
854
662
610
791
896
625
87
-394
-728
-1023
-1225
-1115
-713
-374
-334
-395
-237
130
475
745
1058
1334
1272
793
237
-52
-135
-270
-486
-619
-685
-879
-1167
-1206
-792
-169
290
537
742
901
853
657
604
784
884
608
73
-402
-733
-1028
-1227
-1110
-704
-366
-326
-382
-222
143
481
747
1058
1331
1263
780
226
-61
-145
-283
-495
-621
-682
-874
-1160
-1193
-775
-156
298
544
750
905
850
649
598
775
870
590
59
-408
-736
-1031
-1226
-1102
-693
-356
-317
-369
-205
155
485
746
1057
1325
1250
764
214
-69
-155
-295
-503
-622
-679
-869
-1151
-1177
-757
-143
306
550
756
907
846
642
590
765
853
572
45
-414
-738
-1031
-1222
-1093
-680
-346
-307
-356
-189
167
489
745
1052
1316
1234
747
202
-77
-164
-306
-510
-621
-674
-862
-1139
-1159
-737
-129
312
555
761
908
840
632
580
753
836
552
32
-419
-738
-1030
-1215
-1080
-666
-335
-297
-341
-173
177
491
742
1047
1305
1216
729
190
-85
-173
-316
-516
-619
-667
-853
-1125
-1138
-716
-116
318
558
764
906
832
622
570
740
816
531
19
-423
-737
-1026
-1207
-1065
-652
-323
-286
-326
-156
187
492
737
1039
1290
1197
711
177
-93
-183
-326
-520
-616
-659
-843
-1109
-1116
-695
-102
323
561
765
903
823
610
559
725
796
510
7
-426
-734
-1020
-1196
-1049
-635
-312
-275
-311
-140
197
491
730
1028
1274
1175
690
165
-100
-190
-334
-523
-611
-650
-831
-1091
-1092
-672
-89
327
562
764
897
811
598
547
709
774
488
-6
-427
-730
-1013
-1182
-1030
-618
-300
-264
-295
-124
205
489
723
1016
1255
1151
668
152
-107
-197
-341
-524
-605
-639
-818
-1072
-1067
-648
-76
330
562
763
889
798
584
534
693
750
466
-17
-428
-724
-1003
-1167
-1010
-600
-288
-252
-279
-108
213
487
714
1001
1234
1125
646
140
-114
-205
-348
-525
-597
-628
-803
-1050
-1039
-624
-63
332
560
758
880
784
569
520
674
726
444
-29
-427
-718
-991
-1148
-988
-581
-275
-241
-264
-92
220
483
703
986
1210
1096
624
128
-120
-211
-353
-524
-588
-615
-786
-1026
-1009
-599
-51
334
558
753
869
767
554
506
656
701
421
-40
-425
-709
-977
-1128
-963
-562
-263
-228
-248
-77
225
478
691
968
1184
1067
599
115
-125
-216
-357
-521
-578
-601
-768
-1000
-978
-573
-39
335
554
746
855
750
538
490
635
676
398
-50
-423
-698
-961
-1105
-938
-542
-250
-216
-231
-63
230
472
678
948
1157
1035
576
104
-129
-220
-360
-517
-567
-587
-749
-973
-946
-547
-28
334
548
736
840
731
520
474
614
649
376
-60
-419
-686
-943
-1080
-911
-521
-237
-204
-215
-48
234
465
664
926
1127
1002
550
92
-133
-225
-362
-511
-554
-570
-729
-945
-913
-521
-17
332
541
725
823
710
503
458
593
622
353
-68
-414
-674
-923
-1052
-882
-499
-223
-191
-200
-35
237
457
647
903
1095
968
526
81
-137
-227
-363
-505
-540
-554
-707
-915
-878
-494
-7
330
533
713
805
690
484
440
570
594
331
-76
-408
-659
-901
-1024
-852
-478
-210
-179
-183
-22
239
447
631
879
1061
933
500
70
-140
-229
-362
-496
-526
-536
-685
-884
-843
-468
2
326
524
699
784
667
465
423
548
566
309
-83
-401
-643
-878
-993
-822
-456
-197
-167
-168
-10
240
437
612
852
1026
896
475
60
-143
-231
-360
-487
-510
-518
-661
-851
-807
-442
11
322
514
683
762
643
446
405
524
538
287
-89
-392
-626
-853
-962
-790
-434
-185
-155
-153
1
240
425
594
825
989
858
449
50
-144
-231
-357
-476
-494
-498
-637
-818
-771
-416
19
318
502
666
739
619
426
387
500
510
266
-94
-383
-608
-826
-928
-757
-411
-172
-143
-139
12
239
413
573
796
952
820
424
41
-145
-230
-353
-464
-476
-478
-612
-783
-733
-390
27
312
490
648
714
594
406
368
476
481
244
-99
-373
-589
-799
-892
-724
-389
-160
-132
-124
22
236
400
552
766
912
781
398
32
-146
-229
-347
-451
-458
-458
-586
-748
-696
-364
34
304
476
628
689
568
385
350
451
453
224
-102
-363
-568
-770
-857
-690
-366
-148
-120
-111
31
233
386
530
735
873
743
373
24
-145
-227
-340
-437
-439
-438
-560
-713
-659
-340
40
296
461
607
662
542
364
331
427
425
205
-105
-351
-547
-740
-819
-655
-344
-136
-109
-98
38
230
371
509
703
832
703
349
17
-144
-223
-333
-422
-420
-417
-533
-677
-621
-315
45
288
445
585
634
515
344
313
402
397
186
-107
-339
-525
-708
-781
-621
-322
-124
-99
-86
45
224
356
486
670
791
664
325
9
-143
-219
-324
-406
-400
-395
-506
-641
-584
-291
49
279
428
561
605
488
324
294
378
370
168
-109
-325
-502
-676
-742
-585
-301
-113
-89
-74
51
219
340
462
637
749
624
301
3
-140
-215
-314
-389
-379
-374
-479
-604
-547
-268
53
269
411
537
576
461
304
276
354
344
151
-109
-312
-479
-643
-703
-550
-279
-103
-80
-63
55
212
324
438
604
706
585
278
-2
-138
-209
-303
-371
-359
-352
-451
-568
-510
-245
56
258
393
512
546
434
284
257
330
317
135
-108
-297
-454
-609
-663
-516
-258
-93
-70
-53
60
205
307
414
570
664
546
256
-7
-134
-202
-292
-353
-338
-331
-424
-532
-474
-224
58
247
374
486
515
406
264
239
306
292
119
-107
-283
-430
-575
-624
-481
-238
-83
-62
-44
63
197
290
390
536
622
508
234
-12
-130
-195
-279
-335
-317
-309
-396
-496
-439
-203
60
235
355
459
484
379
244
221
283
267
105
-105
-267
-405
-541
-584
-448
-219
-74
-54
-35
65
188
273
365
501
580
471
213
-16
-126
-188
-266
-316
-297
-288
-369
-461
-404
-183
60
223
335
433
454
352
226
204
261
243
91
-103
-252
-380
-506
-544
-414
-199
-65
-46
-27
66
179
255
341
467
538
434
193
-18
-121
-179
-252
-296
-276
-267
-342
-426
-371
-165
61
210
315
405
423
325
207
187
239
221
79
-99
-236
-355
-472
-504
-381
-181
-58
-39
-20
67
169
238
316
434
497
398
174
-21
-115
-170
-238
-276
-255
-246
-316
-391
-338
-147
60
197
294
378
392
299
189
171
217
199
67
-95
-220
-329
-437
-465
-349
-164
-50
-33
-14
67
159
221
292
400
457
363
156
-23
-109
-161
-223
-257
-235
-226
-290
-358
-307
-130
59
184
274
350
361
274
172
155
197
178
57
-91
-204
-304
-403
-427
-318
-147
-43
-27
-8
66
149
203
269
367
418
329
139
-24
-103
-151
-208
-237
-215
-206
-264
-325
-277
-115
57
171
253
323
331
249
155
140
178
159
48
-86
-188
-280
-370
-390
-288
-131
-37
-22
-4
64
138
186
245
335
379
296
123
-25
-96
-141
-193
-217
-195
-187
-240
-294
-248
-100
55
158
233
296
301
225
139
125
159
140
39
-81
-172
-255
-336
-353
-259
-116
-31
-17
0
62
127
169
223
303
342
266
108
-25
-89
-130
-177
-198
-176
-168
-216
-264
-221
-87
52
144
212
269
272
202
124
112
141
123
32
-75
-157
-231
-304
-317
-231
-102
-26
-14
3
58
116
153
200
273
306
236
94
-25
-83
-120
-162
-179
-158
-150
-193
-235
-195
-75
49
131
192
243
244
180
109
99
124
107
25
-70
-141
-208
-273
-283
-204
-89
-21
-10
6
55
105
137
179
243
272
208
81
-24
-76
-109
-146
-160
-140
-133
-171
-207
-171
-63
46
118
172
217
217
159
95
86
108
92
19
-64
-126
-185
-242
-251
-179
-77
-17
-7
8
51
95
122
158
215
239
181
69
-23
-68
-98
-131
-142
-123
-117
-150
-181
-148
-53
42
105
153
192
191
138
83
75
94
78
15
-57
-112
-163
-213
-219
-156
-66
-14
-4
9
47
84
107
139
188
208
157
58
-22
-61
-88
-116
-125
-107
-101
-130
-157
-127
-44
38
93
135
169
167
120
71
64
80
66
11
-51
-98
-142
-185
-190
-134
-56
-11
-2
10
43
74
93
120
163
179
134
49
-20
-54
-77
-102
-108
-92
-87
-112
-134
-107
-36
34
81
117
146
143
102
60
54
67
55
7
-45
-84
-123
-159
-162
-113
-46
-8
-1
10
38
64
79
103
139
152
112
40
-18
-47
-67
-88
-92
-78
-73
-94
-113
-89
-29
30
69
100
124
121
86
50
45
56
45
5
-39
-72
-104
-135
-136
-94
-38
-6
0
10
33
54
67
86
116
127
93
32
-16
-40
-57
-74
-78
-65
-61
-79
-93
-73
-23
26
59
84
104
101
71
41
37
45
36
3
-33
-60
-86
-112
-113
-77
-30
-4
1
9
29
45
55
71
96
104
76
25
-14
-34
-48
-62
-64
-53
-50
-64
-76
-59
-18
22
48
69
85
82
57
33
29
36
28
1
-27
-49
-70
-91
-91
-62
-24
-3
2
8
24
37
44
57
77
83
60
19
-12
-28
-39
-50
-51
-43
-39
-51
-60
-46
-13
18
39
56
68
65
45
26
23
28
21
0
-22
-39
-56
-72
-71
-48
-18
-2
2
7
19
29
35
45
60
65
46
15
-10
-22
-31
-39
-40
-33
-30
-39
-46
-35
-10
14
30
43
53
50
34
19
17
21
16
-1
-17
-30
-43
-55
-54
-36
-13
-1
2
6
15
22
26
34
45
48
34
10
-8
-17
-24
-30
-30
-24
-23
-29
-34
-25
-7
11
23
32
39
37
25
14
12
15
11
-1
-13
-22
-31
-40
-39
-26
-9
0
2
5
11
16
19
24
32
34
24
7
-6
-12
-17
-21
-21
-17
-16
-20
-23
-17
-4
8
16
23
27
26
17
9
8
10
7
-1
-9
-15
-21
-27
-27
-17
-6
0
1
3
8
11
13
16
22
23
16
4
-4
-8
-11
-14
-14
-11
-10
-13
-15
-11
-3
5
10
15
18
16
11
6
5
6
4
-1
-6
-10
-13
-17
-16
-11
-4
0
1
2
5
7
8
10
13
14
9
3
-2
-5
-7
-8
-8
-6
-6
-8
-9
-6
-1
3
6
8
10
9
6
3
3
3
2
-1
-3
-5
-7
-9
-9
-6
-2
0
1
1
3
3
4
5
6
7
5
1
-1
-2
-3
-4
-4
-3
-3
-3
-4
-3
-1
1
3
4
4
4
3
1
1
1
1
0
-1
-2
-3
-4
-3
-2
-1
0
0
1
1
1
1
2
2
2
1
0
0
-1
-1
-1
-1
-1
-1
-1
-1
-1
0
0
1
1
1
1
1
0
0
0
0
0
0
0
-1
-1
-1
0
0
0
0
0
0
0
0
0
0
0
0
0
0
0
0
0
0
0
0
0
0
0
0
0
0
0
0
0
0
0
0
0
0
0
0
0
0
0
0
0
0
0
0
0
0
0
0
0
0
0
0
0
0
0
0
0
0
0
0
0
0
0
0
0
0
0
0
0
0
0
0
0
0
0
0
0
0
0
-1
-1
-1
-1
-1
-1
-1
-1
-1
-1
-1
-1
-1
-1
-1
-1
-2
-2
-2
-2
-2
-2
-2
-2
-2
-2
-2
-2
-3
-3
-3
-3
-3
-3
-3
-3
-3
-3
-3
-3
-3
-4
-4
-4
-4
-4
-4
-4
-4
-4
-4
-4
-4
-4
-4
-4
-4
-4
-4
-4
-4
-4
-4
-3
-3
-3
-3
-3
-3
-3
-3
-3
-3
-2
-2
-2
-2
-2
-2
-1
-1
-1
-1
0
0
0
0
1
1
1
1
2
2
2
2
3
3
3
4
4
4
5
5
5
6
6
6
7
7
7
8
8
8
9
9
9
10
10
10
11
11
11
11
12
12
12
12
13
13
13
13
14
14
14
14
14
14
15
15
15
15
15
15
15
15
15
15
15
15
15
15
15
15
14
14
14
14
14
13
13
13
13
12
12
12
11
11
10
10
10
9
9
8
8
7
6
6
5
5
4
3
3
2
1
1
0
-1
-1
-2
-3
-4
-5
-5
-6
-7
-8
-9
-9
-10
-11
-12
-13
-13
-14
-15
-16
-17
-17
-18
-19
-20
-21
-21
-22
-23
-23
-24
-25
-26
-26
-27
-27
-28
-29
-29
-30
-30
-31
-31
-31
-32
-32
-33
-33
-33
-33
-34
-34
-34
-34
-34
-34
-34
-34
-34
-34
-34
-34
-33
-33
-33
-33
-32
-32
-31
-31
-30
-30
-29
-28
-28
-27
-26
-25
-25
-24
-23
-22
-21
-20
-19
-18
-17
-16
-14
-13
-12
-11
-10
-8
-7
-6
-4
-3
-1
0
2
3
4
6
7
9
10
12
13
15
17
18
20
21
23
24
26
27
29
30
32
33
34
36
37
39
40
41
43
44
45
46
47
48
49
51
51
52
53
54
55
56
56
57
58
58
59
59
60
60
60
60
61
61
61
61
61
60
60
60
59
59
59
58
57
57
56
55
54
53
52
51
50
49
48
46
45
44
42
41
39
37
36
34
32
30
28
26
24
22
20
18
16
14
11
9
7
5
2
0
-3
-5
-7
-10
-12
-15
-17
-20
-22
-25
-27
-30
-32
-34
-37
-39
-42
-44
-46
-49
-51
-53
-55
-58
-60
-62
-64
-66
-68
-70
-72
-73
-75
-77
-78
-80
-81
-83
-84
-85
-87
-88
-89
-90
-90
-91
-92
-92
-93
-93
-94
-94
-94
-94
-94
-94
-93
-93
-93
-92
-91
-91
-90
-89
-88
-87
-86
-84
-83
-81
-80
-78
-76
-74
-72
-70
-68
-66
-64
-61
-59
-56
-54
-51
-48
-45
-42
-39
-36
-33
-30
-27
-24
-20
-17
-14
-10
-7
-3
0
4
7
11
14
18
22
25
29
32
36
40
43
47
50
54
57
61
64
67
71
74
77
81
84
87
90
92
95
98
101
103
106
108
110
113
115
117
119
121
122
124
125
127
128
129
130
131
132
132
133
133
133
133
133
133
133
132
132
131
130
129
128
127
125
124
122
120
118
116
114
112
109
107
104
101
98
95
92
89
85
82
78
74
71
67
63
59
55
50
46
42
37
33
28
23
19
14
9
5
0
-5
-10
-15
-20
-25
-30
-35
-39
-44
-49
-54
-59
-64
-69
-73
-78
-83
-87
-92
-96
-101
-105
-109
-113
-117
-121
-125
-129
-132
-136
-139
-143
-146
-149
-152
-155
-157
-160
-162
-164
-166
-168
-170
-171
-173
-174
-175
-176
-177
-177
-178
-178
-178
-177
-177
-177
-176
-175
-174
-173
-171
-170
-168
-166
-164
-162
-159
-156
-154
-151
-147
-144
-141
-137
-133
-129
-125
-121
-117
-112
-108
-103
-98
-93
-88
-82
-77
-72
-66
-60
-54
-49
-43
-37
-31
-25
-19
-12
-6
0
7
13
19
26
32
38
45
51
57
64
70
77
83
89
95
101
107
113
118
124
130
135
141
146
151
156
161
166
170
175
179
183
187
191
194
198
201
204
207
210
213
215
217
219
221
222
223
224
225
226
226
226
226
226
225
224
224
222
221
219
217
215
213
210
208
205
201
198
194
191
186
182
178
173
168
163
158
152
147
141
135
129
123
117
110
103
97
90
83
76
68
61
54
46
38
31
23
15
8
0
-8
-16
-24
-32
-40
-48
-56
-64
-72
-79
-87
-95
-103
-110
-118
-125
-133
-140
-147
-154
-161
-168
-174
-181
-187
-193
-199
-205
-211
-216
-221
-226
-231
-236
-240
-244
-248
-252
-255
-259
-262
-264
-267
-269
-271
-273
-274
-276
-277
-277
-278
-278
-277
-277
-276
-275
-274
-272
-271
-268
-266
-263
-260
-257
-254
-250
-246
-242
-237
-233
-227
-222
-217
-211
-205
-199
-192
-186
-179
-172
-165
-157
-149
-142
-134
-126
-117
-109
-100
-92
-83
-74
-65
-56
-46
-37
-28
-19
-9
0
10
20
29
39
49
58
68
77
86
96
105
115
124
133
142
151
159
168
177
185
193
201
209
217
225
232
239
246
252
259
265
271
277
282
287
292
297
301
305
309
313
316
319
321
324
326
327
329
330
330
331
331
330
330
329
327
326
324
322
319
316
313
309
305
301
297
292
287
281
276
269
263
256
250
243
235
228
220
211
203
195
186
176
167
158
148
139
129
118
108
98
87
77
66
55
44
33
22
11
-1
-12
-23
-34
-46
-57
-68
-79
-90
-101
-112
-123
-135
-145
-156
-166
-177
-187
-197
-207
-216
-226
-236
-245
-254
-263
-271
-279
-287
-295
-302
-310
-317
-323
-329
-335
-341
-346
-351
-356
-360
-364
-368
-371
-374
-377
-379
-381
-382
-383
-384
-384
-384
-384
-383
-382
-380
-378
-376
-373
-370
-366
-362
-358
-354
-349
-344
-338
-332
-325
-319
-312
-305
-297
-289
-280
-272
-263
-254
-244
-235
-225
-214
-204
-193
-182
-171
-160
-148
-136
-124
-112
-100
-88
-76
-63
-51
-38
-25
-12
1
14
26
39
52
66
78
91
104
116
129
142
154
166
178
191
202
214
226
237
248
259
270
280
290
300
310
319
328
337
345
354
361
369
376
382
389
395
400
406
411
415
419
423
426
429
432
433
435
436
437
437
437
436
435
434
432
430
427
424
420
416
411
407
402
396
390
383
376
369
362
353
345
336
327
317
307
297
287
276
266
254
242
230
218
206
193
180
168
154
140
127
113
100
85
71
57
43
28
14
-1
-15
-30
-44
-59
-74
-88
-103
-117
-131
-145
-159
-173
-187
-201
-214
-227
-240
-253
-266
-278
-291
-302
-314
-325
-337
-347
-358
-368
-378
-387
-396
-405
-413
-421
-428
-435
-442
-448
-454
-459
-464
-468
-472
-476
-480
-482
-484
-486
-487
-488
-488
-488
-487
-485
-484
-481
-479
-476
-472
-468
-463
-458
-453
-447
-440
-434
-426
-418
-410
-402
-393
-384
-373
-364
-353
-342
-330
-319
-307
-295
-282
-269
-255
-242
-229
-214
-200
-186
-171
-156
-141
-126
-110
-95
-79
-63
-47
-31
-15
1
17
33
49
65
82
97
113
129
144
160
176
191
206
221
236
251
265
279
293
307
320
333
346
359
371
383
394
405
416
426
436
446
454
463
471
479
486
493
499
505
511
515
519
523
527
529
531
533
535
535
536
535
534
532
530
528
525
522
518
513
508
502
496
490
482
475
467
458
449
440
429
420
408
398
386
373
361
348
335
322
308
294
279
264
249
234
218
203
186
170
153
137
120
103
86
69
52
34
17
-1
-18
-36
-53
-71
-89
-106
-123
-140
-157
-174
-191
-208
-224
-241
-257
-272
-288
-304
-318
-333
-348
-362
-376
-389
-402
-415
-427
-439
-451
-462
-473
-483
-492
-502
-510
-519
-526
-533
-540
-546
-552
-557
-562
-566
-570
-573
-575
-577
-578
-578
-579
-578
-577
-575
-573
-570
-567
-563
-559
-553
-548
-542
-535
-528
-520
-512
-503
-494
-484
-474
-463
-452
-440
-428
-415
-402
-389
-375
-361
-347
-332
-316
-300
-284
-268
-251
-235
-218
-200
-182
-165
-147
-129
-111
-92
-74
-55
-37
-18
1
20
38
57
76
95
113
132
150
168
187
205
223
240
258
275
292
308
325
341
356
372
387
402
416
430
444
457
469
482
493
505
516
526
536
545
554
562
569
576
583
589
594
599
604
607
610
613
615
616
616
617
616
615
612
610
607
604
599
595
589
583
576
569
562
553
544
535
525
514
504
492
480
467
455
441
427
413
398
383
368
352
335
318
301
284
267
249
231
212
193
175
156
137
117
97
78
59
39
19
-1
-21
-41
-61
-81
-101
-120
-140
-159
-178
-197
-216
-236
-254
-272
-291
-308
-325
-343
-360
-376
-393
-408
-424
-439
-454
-468
-482
-495
-508
-520
-532
-543
-554
-564
-574
-583
-592
-599
-607
-614
-620
-625
-630
-635
-639
-642
-644
-646
-648
-648
-648
-647
-646
-643
-641
-637
-634
-630
-624
-618
-612
-605
-597
-589
-580
-571
-561
-550
-539
-528
-515
-503
-490
-477
-462
-447
-432
-417
-401
-385
-368
-351
-333
-315
-298
-279
-260
-242
-222
-202
-183
-163
-143
-122
-102
-82
-61
-41
-20
1
22
43
63
84
105
125
146
166
186
206
226
246
265
284
303
321
339
357
375
392
409
425
442
457
473
487
501
515
529
541
554
565
576
587
597
606
615
623
631
638
645
650
655
660
664
667
669
671
672
672
673
672
670
667
665
661
657
653
647
641
634
627
619
611
601
592
581
570
558
547
534
521
507
493
478
463
447
431
415
398
381
363
344
326
308
288
269
250
229
209
189
168
148
126
105
85
63
42
20
-1
-22
-44
-65
-87
-108
-129
-150
-171
-191
-212
-232
-253
-273
-292
-312
-331
-349
-368
-386
-403
-421
-438
-454
-470
-486
-501
-516
-529
-543
-556
-569
-581
-592
-603
-613
-623
-632
-640
-648
-655
-662
-667
-672
-677
-681
-684
-686
-688
-689
-689
-690
-689
-687
-684
-681
-677
-674
-669
-663
-656
-649
-642
-634
-625
-615
-605
-595
-583
-571
-559
-546
-533
-518
-504
-489
-473
-457
-440
-424
-407
-389
-370
-352
-333
-314
-294
-275
-255
-234
-213
-192
-172
-151
-129
-107
-86
-65
-43
-21
1
23
45
67
88
110
131
153
174
195
216
237
258
277
297
317
336
355
374
392
410
428
445
462
478
494
509
524
538
552
565
578
590
601
612
622
632
641
649
657
664
671
676
681
686
690
693
695
697
698
698
699
698
696
693
690
686
682
677
671
664
657
649
641
632
622
612
601
589
577
565
551
539
524
510
494
478
462
445
428
411
393
374
355
336
317
297
277
257
236
215
194
173
152
130
108
87
65
43
21
-1
-23
-45
-67
-89
-111
-132
-154
-175
-196
-217
-238
-259
-279
-299
-319
-338
-357
-376
-394
-412
-430
-447
-464
-480
-496
-511
-526
-540
-554
-567
-580
-592
-603
-614
-624
-634
-643
-651
-659
-666
-673
-678
-683
-688
-691
-694
-696
-698
-699
-699
-699
-698
-696
-693
-690
-686
-682
-677
-671
-664
-657
-649
-641
-632
-622
-612
-601
-589
-577
-565
-551
-538
-523
-509
-493
-477
-461
-444
-427
-410
-392
-373
-354
-335
-316
-296
-276
-256
-235
-214
-193
-172
-151
-129
-108
-87
-65
-43
-21
1
23
45
67
89
110
131
153
174
195
216
237
257
277
297
317
336
355
373
391
409
427
444
461
476
492
507
522
536
549
562
575
587
598
608
618
628
637
645
653
659
666
671
676
681
685
687
689
691
692
692
692
691
689
686
683
678
674
669
663
656
649
641
633
624
614
604
593
581
569
558
544
531
516
502
486
470
454
438
421
404
386
368
349
330
311
292
272
252
232
211
190
170
149
127
106
85
64
42
21
-1
-23
-44
-66
-87
-109
-129
-151
-171
-191
-212
-232
-253
-272
-292
-311
-330
-348
-367
-384
-401
-419
-435
-452
-467
-483
-497
-512
-525
-539
-551
-564
-575
-586
-596
-606
-615
-624
-631
-639
-646
-652
-657
-661
-666
-670
-673
-674
-676
-677
-677
-676
-675
-673
-670
-667
-663
-659
-654
-648
-641
-634
-626
-618
-609
-600
-590
-579
-567
-556
-544
-530
-518
-503
-489
-474
-458
-443
-427
-410
-394
-376
-358
-340
-321
-303
-284
-265
-246
-225
-205
-185
-165
-145
-124
-103
-83
-62
-41
-20
1
22
43
64
85
105
125
146
166
186
206
226
245
264
283
302
320
338
355
372
389
406
422
438
453
468
482
496
509
522
534
546
557
567
577
586
595
603
611
618
624
631
635
639
644
647
650
652
653
654
654
653
652
650
647
644
640
636
631
625
618
612
604
596
588
578
569
558
547
535
524
511
499
484
471
456
441
426
411
395
379
362
344
327
309
292
273
255
236
217
197
178
159
139
119
99
80
59
39
19
-1
-21
-41
-61
-81
-101
-120
-140
-159
-178
-197
-216
-235
-253
-271
-289
-306
-323
-340
-357
-373
-389
-404
-419
-433
-448
-461
-474
-486
-499
-510
-522
-532
-542
-551
-560
-569
-577
-583
-590
-596
-602
-606
-611
-615
-618
-620
-622
-623
-624
-623
-623
-622
-620
-617
-614
-610
-606
-601
-596
-589
-582
-575
-568
-559
-550
-541
-531
-520
-509
-499
-486
-474
-461
-448
-434
-420
-405
-390
-375
-360
-344
-327
-310
-294
-277
-259
-242
-224
-206
-187
-169
-150
-132
-113
-94
-75
-56
-37
-18
1
20
39
58
77
96
114
133
151
169
187
205
223
240
257
274
290
306
322
337
352
367
382
396
409
423
435
448
459
471
482
492
502
511
520
528
536
544
550
556
562
568
571
575
579
582
584
585
587
587
587
586
585
583
580
577
574
570
565
560
554
547
540
533
526
517
508
499
488
478
468
456
445
432
420
407
394
380
366
352
337
322
307
291
275
259
243
226
210
192
175
158
141
124
106
88
71
53
35
17
-1
-19
-36
-54
-72
-89
-106
-124
-141
-157
-174
-191
-208
-224
-239
-255
-270
-285
-300
-314
-328
-342
-356
-369
-381
-394
-405
-417
-428
-438
-448
-458
-467
-476
-484
-491
-499
-506
-511
-517
-522
-527
-531
-534
-538
-541
-542
-544
-545
-545
-545
-544
-543
-541
-538
-535
-532
-528
-524
-519
-513
-507
-501
-494
-487
-479
-471
-462
-452
-443
-433
-422
-412
-400
-389
-376
-364
-351
-338
-325
-312
-298
-283
-269
-254
-239
-224
-209
-194
-178
-162
-146
-130
-114
-97
-81
-65
-49
-32
-16
1
17
33
50
66
82
98
114
129
145
160
176
191
206
220
235
248
262
276
289
302
314
327
339
350
361
372
382
392
402
411
420
428
436
443
450
457
463
468
474
478
483
486
489
492
495
496
497
498
498
498
497
496
494
492
489
486
482
478
474
468
463
457
451
444
437
429
421
412
403
395
384
375
364
354
343
331
320
308
296
284
271
258
244
231
218
204
190
176
161
147
132
118
103
88
73
59
44
29
14
-1
-16
-30
-45
-60
-75
-89
-103
-117
-131
-145
-159
-173
-186
-199
-212
-225
-237
-249
-261
-272
-284
-295
-306
-316
-326
-336
-345
-354
-363
-371
-379
-386
-393
-400
-406
-412
-417
-422
-427
-431
-435
-438
-440
-443
-445
-446
-447
-448
-448
-448
-447
-446
-444
-442
-439
-436
-433
-430
-425
-420
-415
-410
-404
-398
-391
-385
-377
-369
-361
-354
-344
-336
-326
-317
-307
-296
-286
-275
-264
-254
-242
-230
-218
-206
-194
-182
-170
-157
-144
-131
-118
-105
-92
-79
-65
-53
-39
-26
-13
1
14
27
40
53
66
79
92
104
117
129
141
154
165
177
189
199
210
221
232
242
252
262
271
280
289
298
306
314
322
329
336
342
348
354
359
365
369
373
377
381
384
387
389
391
393
394
395
396
396
395
395
393
392
390
387
385
382
379
375
370
366
361
356
351
345
339
332
325
318
311
303
295
287
279
269
260
251
242
232
223
213
202
191
181
170
159
149
138
126
115
103
92
81
69
57
46
34
23
11
-1
-12
-24
-35
-47
-58
-69
-80
-91
-102
-113
-123
-134
-144
-154
-164
-174
-183
-193
-202
-211
-219
-228
-236
-244
-252
-259
-266
-273
-279
-285
-291
-297
-302
-307
-312
-316
-320
-324
-327
-330
-333
-335
-337
-339
-340
-341
-342
-342
-342
-342
-341
-340
-338
-336
-334
-332
-330
-327
-323
-319
-315
-311
-307
-302
-297
-292
-286
-280
-274
-267
-260
-254
-246
-239
-232
-224
-216
-208
-199
-191
-182
-173
-164
-155
-146
-137
-127
-118
-108
-98
-89
-79
-69
-59
-49
-39
-29
-19
-9
0
10
20
30
40
49
59
68
78
87
96
105
114
123
131
140
148
156
164
171
179
186
193
200
207
214
220
226
231
237
242
247
252
256
260
264
268
271
274
277
279
282
283
285
286
287
288
288
289
289
288
288
287
285
284
282
280
278
275
272
269
265
262
258
254
249
245
240
235
230
224
219
213
207
201
194
187
181
174
167
160
153
145
137
130
122
114
106
98
90
82
74
66
58
49
41
33
24
16
8
0
-9
-17
-25
-33
-41
-49
-57
-64
-72
-80
-87
-95
-102
-109
-116
-122
-129
-136
-142
-148
-154
-160
-166
-171
-176
-181
-186
-191
-195
-200
-204
-208
-211
-214
-217
-220
-223
-225
-228
-230
-232
-233
-234
-235
-236
-237
-237
-237
-237
-236
-236
-235
-234
-232
-231
-229
-227
-225
-222
-220
-217
-214
-211
-207
-203
-200
-196
-191
-187
-183
-178
-173
-168
-163
-158
-152
-147
-141
-136
-130
-124
-118
-111
-105
-99
-93
-86
-80
-73
-66
-60
-53
-47
-40
-33
-26
-20
-13
-6
0
7
14
20
27
33
39
46
52
58
64
70
76
82
87
93
98
103
109
114
119
123
128
133
137
141
145
149
152
156
159
162
165
168
171
173
175
177
179
181
182
184
185
186
187
187
188
188
188
187
187
187
186
185
183
182
181
179
177
175
173
171
168
166
163
160
157
154
150
147
144
140
136
132
128
124
119
115
111
106
102
97
92
87
82
77
72
67
62
57
52
47
41
36
31
26
21
15
10
5
0
-5
-10
-16
-21
-26
-30
-35
-40
-45
-49
-54
-59
-63
-67
-72
-76
-80
-84
-87
-91
-95
-98
-102
-105
-108
-111
-114
-117
-119
-122
-124
-126
-128
-130
-132
-134
-135
-137
-138
-139
-140
-140
-141
-142
-142
-142
-142
-142
-142
-142
-141
-141
-140
-139
-138
-136
-135
-134
-132
-130
-129
-127
-125
-123
-120
-118
-116
-113
-110
-108
-105
-102
-99
-96
-92
-89
-86
-82
-79
-76
-72
-68
-65
-61
-57
-54
-50
-46
-42
-38
-34
-31
-27
-23
-19
-15
-11
-7
-4
0
4
8
11
15
19
22
26
29
33
36
40
43
46
49
52
55
58
61
64
66
69
71
74
76
78
80
83
84
86
88
90
91
93
94
95
96
97
98
99
100
100
101
101
102
102
102
102
102
101
101
101
100
99
99
98
97
96
95
94
92
91
90
88
87
85
83
81
80
78
76
74
72
69
67
65
62
60
58
55
53
50
48
45
43
40
37
35
32
29
27
24
21
19
16
13
10
8
5
2
0
-3
-5
-8
-10
-13
-15
-18
-20
-22
-25
-27
-29
-31
-33
-35
-37
-39
-41
-43
-45
-47
-48
-50
-51
-53
-54
-55
-57
-58
-59
-60
-61
-62
-63
-63
-64
-65
-65
-66
-66
-67
-67
-67
-67
-67
-67
-67
-67
-67
-66
-66
-66
-65
-65
-64
-63
-63
-62
-61
-60
-59
-58
-57
-56
-55
-54
-53
-51
-50
-49
-47
-46
-44
-43
-41
-40
-38
-37
-35
-34
-32
-30
-29
-27
-25
-24
-22
-20
-18
-17
-15
-13
-12
-10
-8
-7
-5
-3
-2
0
2
3
5
6
8
9
11
12
14
15
16
18
19
20
22
23
24
25
26
27
28
29
30
31
32
32
33
34
35
35
36
36
37
37
38
38
38
38
39
39
39
39
39
39
39
39
39
39
39
38
38
38
37
37
37
36
36
35
35
34
34
33
32
32
31
30
30
29
28
27
26
26
25
24
23
22
21
20
19
18
17
17
16
15
14
13
12
11
10
9
8
7
6
5
4
3
3
2
1
0
-1
-2
-3
-3
-4
-5
-6
-6
-7
-8
-8
-9
-10
-10
-11
-12
-12
-13
-13
-14
-14
-14
-15
-15
-16
-16
-16
-17
-17
-17
-17
-18
-18
-18
-18
-18
-18
-18
-18
-18
-18
-18
-18
-18
-18
-18
-18
-18
-18
-18
-17
-17
-17
-17
-17
-16
-16
-16
-16
-15
-15
-15
-14
-14
-14
-13
-13
-12
-12
-12
-11
-11
-10
-10
-10
-9
-9
-8
-8
-8
-7
-7
-6
-6
-6
-5
-5
-4
-4
-4
-3
-3
-2
-2
-2
-1
-1
-1
0
0
0
1
1
1
2
2
2
2
3
3
3
3
3
4
4
4
4
4
4
5
5
5
5
5
5
5
5
5
5
5
5
6
6
6
6
6
6
6
5
5
5
5
5
5
5
5
5
5
5
5
5
5
5
4
4
4
4
4
4
4
4
4
3
3
3
3
3
3
3
3
2
2
2
2
2
2
2
2
2
1
1
1
1
1
1
1
1
1
1
1
1
0
0
0
0
0
0
0
0
0
0
0
0
0
0
0
0
0
0
0
0
0
0
0
0
0
0
0
0
0
0
0
0
0
0
0
0
0
0
0
0
0
0
0
0
0
0
0
0
0
0
0
0
0
0
0
0
0
0
0
0
0
0
0
0
0
0
0
0
0
0
0
0
0
0
0
0
0
0
0
0
0
0
0
0
0
0
0
0
0
0
0
0
0
0
0
0
0
0
0
0
0
0
0
0
0
0
0
0
0
0
0
0
0
0
0
0
0
0
0
0
0
0
0
0
0
0
0
0
0
0
-1
-1
-1
-1
-1
-1
-1
-1
-1
-1
-1
-2
-2
-2
-2
-2
-2
-2
-2
-2
-2
-3
-3
-3
-3
-3
-3
-3
-3
-3
-3
-3
-3
-3
-4
-4
-4
-4
-4
-4
-4
-4
-4
-4
-4
-4
-4
-3
-3
-3
-3
-3
-3
-3
-3
-3
-2
-2
-2
-2
-2
-2
-1
-1
-1
-1
0
0
0
0
1
1
1
2
2
2
2
3
3
3
4
4
4
5
5
5
6
6
6
7
7
7
8
8
8
9
9
9
9
10
10
10
10
10
11
11
11
11
11
11
11
11
11
11
11
11
11
11
11
11
11
11
10
10
10
10
9
9
9
8
8
7
7
7
6
6
5
5
4
3
3
2
2
1
0
0
-1
-2
-2
-3
-4
-5
-5
-6
-7
-8
-8
-9
-10
-10
-11
-12
-13
-13
-14
-15
-15
-16
-17
-17
-18
-18
-19
-19
-20
-20
-21
-21
-22
-22
-22
-22
-23
-23
-23
-23
-23
-23
-23
-23
-23
-23
-23
-23
-22
-22
-22
-21
-21
-21
-20
-19
-19
-18
-18
-17
-16
-15
-14
-14
-13
-12
-11
-10
-9
-8
-6
-5
-4
-3
-2
-1
1
2
3
5
6
7
8
10
11
12
14
15
16
18
19
20
21
23
24
25
26
27
28
29
30
31
32
33
34
35
35
36
37
37
38
38
39
39
39
39
39
40
39
39
39
39
39
38
38
38
37
36
36
35
34
33
32
31
30
29
28
26
25
23
22
20
19
17
16
14
12
10
8
6
5
3
1
-1
-3
-5
-7
-9
-12
-14
-16
-18
-20
-22
-24
-26
-28
-30
-32
-33
-35
-37
-39
-41
-42
-44
-45
-47
-48
-50
-51
-52
-53
-54
-55
-56
-57
-57
-58
-59
-59
-59
-60
-60
-60
-60
-59
-59
-59
-58
-58
-57
-56
-55
-54
-53
-52
-51
-49
-47
-46
-44
-42
-41
-39
-36
-34
-32
-30
-27
-25
-23
-20
-17
-15
-12
-9
-6
-4
-1
2
5
8
11
14
17
20
23
26
29
31
34
37
40
43
45
48
51
53
56
58
60
62
65
67
69
70
72
74
75
77
78
79
80
81
82
82
83
83
83
84
83
83
83
82
82
81
80
79
78
77
75
73
72
70
68
66
63
61
58
56
53
50
47
44
41
38
34
31
27
23
20
16
12
9
5
1
-3
-7
-11
-15
-19
-23
-27
-31
-35
-39
-43
-47
-50
-54
-58
-61
-65
-68
-72
-75
-78
-81
-84
-87
-89
-92
-94
-97
-99
-101
-102
-104
-105
-107
-108
-109
-110
-110
-111
-111
-111
-111
-110
-110
-109
-108
-107
-106
-104
-102
-101
-99
-96
-94
-91
-89
-86
-83
-80
-76
-73
-69
-65
-61
-57
-53
-49
-44
-40
-35
-30
-26
-21
-16
-11
-6
-1
5
10
15
20
25
30
36
41
46
51
56
61
66
70
75
79
84
88
92
97
101
104
108
111
115
118
121
124
126
129
131
133
135
136
138
139
140
140
141
141
141
141
140
139
138
137
136
134
132
130
127
125
122
119
115
112
108
104
100
96
91
87
82
77
72
66
61
55
49
44
37
32
25
19
13
6
0
-6
-13
-19
-26
-32
-38
-45
-51
-58
-64
-70
-76
-82
-88
-94
-99
-105
-110
-115
-120
-125
-130
-134
-139
-143
-146
-150
-153
-157
-159
-162
-165
-167
-169
-170
-172
-172
-173
-174
-174
-174
-173
-172
-172
-170
-169
-167
-164
-162
-159
-156
-153
-149
-145
-141
-137
-132
-127
-122
-117
-111
-106
-100
-93
-87
-80
-74
-67
-60
-52
-45
-38
-30
-23
-15
-7
0
8
16
24
32
39
47
55
63
70
78
85
93
100
107
114
121
127
134
140
146
152
157
162
168
173
177
181
185
189
192
195
198
201
203
205
206
207
208
209
209
208
208
207
205
204
202
199
197
194
190
187
182
178
173
168
163
158
152
145
139
132
125
118
110
103
95
87
79
70
62
53
44
35
26
17
8
-1
-10
-20
-29
-38
-48
-57
-66
-75
-84
-93
-102
-110
-119
-127
-135
-143
-151
-158
-166
-173
-180
-186
-193
-198
-204
-209
-214
-219
-223
-227
-231
-234
-237
-239
-241
-243
-244
-245
-245
-245
-245
-244
-243
-241
-239
-236
-234
-230
-227
-223
-218
-213
-208
-202
-196
-190
-184
-177
-169
-162
-154
-146
-137
-128
-119
-110
-101
-91
-81
-71
-61
-51
-40
-30
-19
-9
2
13
24
35
45
56
67
77
88
99
109
119
129
139
148
158
167
176
184
193
201
209
216
223
230
236
242
248
254
258
263
267
270
273
276
278
280
281
282
283
282
282
281
280
277
275
272
269
265
260
256
251
245
239
232
225
218
211
202
194
185
176
167
156
147
136
126
115
104
93
81
69
58
45
33
21
9
-3
-16
-28
-41
-53
-65
-77
-89
-102
-114
-125
-137
-148
-159
-170
-181
-191
-201
-211
-221
-230
-238
-247
-255
-263
-270
-276
-283
-289
-294
-299
-303
-307
-311
-314
-317
-318
-320
-321
-321
-321
-320
-319
-317
-315
-312
-308
-304
-300
-295
-289
-283
-277
-270
-262
-255
-246
-237
-228
-219
-209
-198
-187
-176
-165
-153
-141
-128
-116
-103
-90
-77
-64
-50
-36
-23
-9
5
19
33
47
61
74
88
101
115
128
142
155
167
180
192
204
216
227
238
248
258
269
278
287
295
303
311
318
324
331
336
341
345
349
352
355
357
358
359
359
359
358
357
354
351
348
344
340
335
329
323
316
308
300
292
283
274
264
254
243
232
220
208
195
182
170
156
142
128
114
99
84
69
54
39
24
9
-7
-22
-38
-53
-68
-84
-99
-114
-129
-144
-159
-173
-187
-201
-214
-227
-240
-253
-264
-276
-288
-298
-309
-318
-328
-336
-345
-352
-359
-366
-372
-377
-382
-386
-389
-392
-395
-396
-397
-397
-397
-395
-393
-391
-388
-384
-380
-375
-369
-363
-356
-348
-340
-331
-322
-312
-301
-290
-278
-267
-254
-241
-228
-214
-200
-185
-170
-155
-140
-124
-108
-91
-75
-59
-42
-25
-8
9
26
43
60
76
93
110
126
143
159
175
190
206
221
236
250
264
278
291
304
316
327
339
350
359
369
378
386
394
401
407
413
418
423
426
429
431
433
434
433
433
432
430
427
423
419
414
408
402
395
387
379
370
360
350
339
327
315
303
289
276
262
247
232
217
200
184
168
151
134
116
98
80
62
44
26
8
-11
-29
-48
-66
-84
-103
-121
-139
-156
-174
-191
-208
-225
-241
-257
-272
-287
-303
-316
-330
-343
-356
-368
-380
-390
-400
-410
-419
-427
-435
-442
-448
-453
-457
-461
-465
-467
-469
-469
-469
-468
-467
-464
-461
-457
-453
-447
-440
-433
-426
-417
-408
-398
-388
-377
-364
-352
-339
-325
-311
-296
-281
-265
-249
-232
-215
-197
-179
-161
-143
-123
-105
-85
-66
-46
-26
-7
13
33
53
73
92
112
132
151
169
188
207
225
243
260
277
294
310
326
341
356
370
383
396
408
420
430
441
450
459
467
474
480
486
491
495
498
500
502
502
502
501
499
496
493
489
484
478
471
463
455
446
436
425
414
402
389
375
361
346
331
316
298
281
264
246
228
209
190
170
151
130
110
89
68
48
26
6
-16
-37
-58
-79
-100
-121
-142
-162
-182
-202
-222
-241
-260
-279
-297
-315
-332
-348
-364
-379
-394
-408
-422
-435
-447
-458
-469
-479
-488
-496
-504
-511
-516
-521
-526
-529
-531
-533
-533
-533
-532
-529
-527
-523
-518
-512
-506
-499
-491
-481
-472
-461
-450
-437
-425
-411
-396
-382
-365
-350
-332
-315
-297
-278
-259
-240
-220
-199
-178
-158
-136
-115
-92
-71
-49
-26
-4
19
40
63
85
107
129
151
173
194
215
236
256
276
296
315
333
351
368
385
402
417
432
446
459
472
484
495
506
515
524
532
538
544
549
554
557
560
561
561
561
559
557
554
550
544
538
532
523
515
505
495
484
471
458
445
430
415
399
383
365
347
329
310
290
270
250
229
207
185
164
141
119
95
72
49
26
3
-21
-44
-68
-91
-114
-137
-160
-183
-205
-227
-249
-270
-291
-310
-330
-350
-369
-387
-404
-421
-438
-453
-467
-481
-495
-507
-519
-529
-539
-548
-556
-563
-569
-574
-578
-581
-584
-586
-586
-585
-584
-581
-577
-573
-568
-561
-554
-545
-536
-526
-515
-503
-490
-477
-462
-447
-431
-415
-397
-379
-361
-341
-321
-301
-280
-258
-237
-214
-191
-168
-145
-122
-97
-73
-50
-25
-1
24
48
73
97
121
145
169
192
215
237
260
282
303
324
345
365
384
403
421
438
455
471
486
500
514
527
539
549
560
568
577
584
590
595
599
603
605
607
607
606
605
601
598
593
587
581
572
564
554
543
532
520
506
492
477
462
445
427
409
391
371
351
331
309
288
265
243
219
196
172
147
124
98
74
49
24
-1
-27
-51
-77
-102
-126
-151
-176
-200
-223
-246
-269
-292
-314
-336
-357
-377
-397
-417
-435
-453
-470
-486
-501
-517
-530
-543
-556
-566
-577
-586
-594
-602
-607
-612
-617
-621
-623
-624
-624
-623
-621
-618
-614
-609
-603
-596
-587
-579
-568
-558
-545
-532
-519
-504
-488
-472
-456
-437
-418
-399
-379
-359
-337
-315
-293
-270
-247
-223
-199
-174
-149
-125
-99
-74
-49
-22
3
29
54
81
106
131
157
182
206
231
254
277
301
323
346
367
388
407
427
447
464
482
499
514
529
543
556
569
580
590
599
607
614
621
626
630
634
636
637
637
635
633
630
626
621
614
606
599
589
578
568
555
541
528
512
496
480
462
444
425
405
385
363
342
319
297
273
249
226
200
176
150
125
99
73
47
21
-5
-32
-57
-84
-110
-135
-161
-186
-212
-236
-260
-284
-308
-330
-352
-374
-395
-416
-436
-455
-473
-490
-507
-523
-538
-552
-565
-577
-589
-599
-608
-617
-624
-630
-635
-639
-642
-644
-645
-645
-644
-642
-638
-634
-628
-622
-614
-605
-595
-585
-574
-561
-547
-533
-517
-501
-485
-467
-448
-428
-408
-387
-366
-344
-322
-298
-275
-250
-226
-201
-175
-149
-125
-98
-72
-46
-19
7
34
60
87
113
139
165
190
215
240
264
288
312
335
357
379
400
421
440
460
478
495
512
528
543
557
570
582
594
604
613
621
628
635
640
645
647
649
650
650
648
646
642
637
632
625
617
608
598
588
576
563
549
535
519
503
485
467
448
429
409
388
366
344
321
298
274
249
225
200
174
148
123
96
70
44
17
-9
-36
-62
-89
-115
-141
-167
-192
-218
-242
-267
-291
-314
-337
-360
-381
-403
-423
-443
-462
-480
-498
-514
-530
-545
-559
-572
-584
-595
-606
-614
-622
-629
-635
-640
-644
-647
-648
-649
-649
-647
-644
-641
-636
-630
-623
-615
-607
-597
-586
-574
-561
-547
-532
-517
-500
-483
-465
-446
-426
-406
-385
-363
-341
-318
-295
-271
-247
-222
-197
-171
-145
-120
-94
-68
-42
-15
12
38
65
91
116
142
168
193
219
243
268
291
314
337
359
381
402
422
441
460
479
496
513
527
542
556
569
581
592
601
610
618
625
631
636
640
643
643
644
643
642
639
635
631
625
618
610
601
591
580
568
555
541
526
511
494
477
459
440
421
400
379
358
336
313
290
266
243
218
193
168
142
116
91
65
38
13
-14
-39
-66
-92
-117
-143
-168
-193
-217
-242
-266
-289
-312
-335
-357
-378
-399
-418
-438
-456
-474
-490
-507
-522
-536
-550
-562
-574
-585
-594
-603
-611
-617
-623
-628
-631
-633
-635
-635
-634
-633
-630
-626
-621
-615
-608
-600
-591
-581
-570
-558
-545
-532
-517
-501
-485
-468
-450
-432
-412
-393
-372
-351
-328
-307
-283
-260
-237
-212
-188
-163
-138
-112
-87
-62
-36
-11
15
41
67
92
117
142
167
191
215
239
262
285
308
330
352
372
392
412
430
448
465
482
498
513
526
539
552
563
574
583
591
599
604
610
615
618
620
622
621
620
619
616
612
607
601
594
586
577
567
556
545
532
519
504
489
472
456
439
420
401
381
361
340
319
297
275
252
229
205
182
157
133
108
83
59
33
8
-17
-41
-67
-91
-116
-140
-165
-188
-212
-235
-257
-280
-301
-323
-343
-364
-383
-402
-420
-438
-455
-470
-485
-500
-514
-526
-538
-549
-559
-568
-575
-582
-588
-594
-597
-601
-602
-604
-604
-602
-600
-597
-593
-588
-583
-576
-568
-560
-549
-539
-527
-515
-502
-488
-473
-457
-440
-424
-406
-387
-369
-348
-328
-308
-286
-264
-242
-220
-197
-174
-150
-127
-102
-79
-55
-30
-6
18
42
67
90
114
137
161
184
206
229
251
272
293
314
334
353
372
390
407
424
440
455
470
484
497
508
520
530
539
548
556
562
568
573
577
579
581
582
582
581
579
576
572
567
561
554
546
538
529
518
507
495
483
468
454
439
423
407
389
372
353
334
315
294
274
253
232
210
188
165
143
120
97
74
51
27
4
-19
-42
-66
-88
-111
-134
-156
-178
-200
-221
-242
-263
-283
-303
-322
-340
-358
-375
-392
-408
-423
-438
-451
-464
-477
-488
-499
-509
-517
-525
-533
-538
-544
-548
-552
-554
-557
-557
-557
-555
-553
-551
-547
-542
-536
-529
-522
-513
-505
-494
-484
-472
-459
-446
-432
-418
-403
-387
-370
-353
-335
-317
-299
-279
-259
-240
-220
-198
-177
-156
-134
-113
-90
-69
-47
-24
-3
20
42
64
86
107
129
150
171
192
212
232
252
271
289
307
325
342
358
373
389
403
417
430
442
454
464
475
483
492
500
506
512
517
521
524
526
528
529
528
527
525
522
518
513
508
501
494
486
478
467
457
447
434
422
409
395
380
365
349
333
317
299
281
263
245
225
206
186
166
146
125
105
84
63
43
21
1
-21
-41
-62
-83
-103
-123
-144
-163
-183
-201
-221
-238
-256
-274
-291
-308
-323
-338
-354
-367
-381
-394
-406
-417
-429
-438
-448
-456
-464
-471
-477
-482
-487
-491
-493
-496
-497
-497
-497
-496
-494
-490
-487
-483
-477
-471
-464
-457
-448
-438
-429
-419
-407
-395
-383
-370
-356
-341
-327
-312
-295
-279
-263
-245
-228
-210
-192
-173
-154
-135
-116
-97
-77
-58
-39
-18
1
21
40
60
79
98
117
136
154
172
190
207
224
241
258
273
288
303
318
331
345
357
369
380
391
401
410
419
426
434
440
445
451
454
458
461
462
463
464
463
462
459
457
454
449
444
438
431
425
416
408
399
388
378
367
355
343
330
317
302
288
273
258
243
227
210
194
177
159
142
124
106
89
70
52
34
16
-2
-21
-38
-57
-74
-92
-110
-127
-144
-161
-177
-193
-209
-225
-240
-255
-268
-282
-295
-308
-320
-331
-342
-353
-362
-371
-380
-388
-395
-401
-407
-412
-416
-420
-423
-425
-427
-428
-428
-428
-426
-424
-422
-418
-414
-409
-403
-398
-391
-383
-376
-367
-357
-348
-337
-326
-315
-303
-290
-278
-265
-251
-237
-222
-207
-192
-177
-161
-146
-129
-113
-96
-80
-63
-47
-30
-13
3
20
36
53
70
86
102
117
134
149
164
178
193
207
221
234
247
259
271
283
294
304
314
324
332
340
348
355
362
367
372
377
381
384
387
389
390
391
391
390
389
387
384
381
377
373
368
362
356
349
342
334
325
316
307
297
286
275
264
252
240
227
215
201
188
174
160
145
131
117
102
86
72
56
41
26
11
-4
-19
-34
-50
-64
-79
-94
-108
-122
-136
-150
-163
-176
-189
-201
-213
-225
-236
-246
-257
-267
-276
-285
-293
-301
-309
-315
-322
-328
-333
-337
-341
-344
-348
-350
-352
-352
-353
-353
-353
-351
-349
-347
-344
-340
-336
-331
-326
-320
-314
-308
-300
-292
-284
-276
-267
-257
-247
-236
-226
-215
-204
-192
-180
-168
-156
-143
-130
-117
-104
-90
-77
-64
-50
-36
-23
-9
5
18
32
45
59
72
85
98
111
123
135
147
158
170
181
191
202
212
221
230
239
248
255
263
270
276
282
288
293
298
301
305
308
310
312
314
315
315
315
314
313
311
309
306
303
299
294
290
285
279
273
266
259
252
244
236
228
219
210
200
190
180
170
159
148
137
126
115
103
91
79
67
55
43
31
19
7
-5
-17
-29
-41
-53
-64
-76
-87
-99
-109
-120
-131
-141
-151
-160
-170
-179
-188
-196
-204
-212
-219
-226
-232
-238
-244
-249
-254
-258
-262
-265
-268
-271
-273
-275
-276
-277
-276
-276
-276
-275
-273
-271
-268
-265
-262
-258
-254
-249
-244
-239
-233
-227
-220
-214
-206
-199
-191
-183
-174
-165
-157
-148
-138
-129
-119
-109
-99
-89
-79
-68
-58
-47
-37
-26
-15
-5
6
16
26
37
47
57
67
77
86
96
105
114
123
132
140
148
156
163
171
177
184
190
196
202
207
212
216
220
224
227
230
233
235
236
238
238
239
239
239
238
237
236
234
231
229
226
222
219
215
210
206
200
195
189
183
177
170
164
157
149
142
134
126
118
110
102
93
84
76
67
58
49
40
31
22
13
4
-5
-14
-23
-32
-41
-49
-58
-66
-74
-82
-90
-98
-106
-113
-120
-127
-133
-140
-146
-152
-157
-163
-167
-172
-176
-180
-184
-188
-191
-193
-196
-198
-199
-201
-202
-203
-203
-203
-203
-202
-201
-200
-198
-196
-194
-191
-188
-185
-181
-177
-173
-169
-164
-160
-154
-149
-143
-138
-131
-126
-119
-113
-106
-99
-92
-85
-78
-70
-63
-56
-48
-41
-33
-25
-18
-10
-3
5
12
20
27
35
42
49
56
63
70
76
82
89
95
101
106
112
117
122
127
131
136
140
144
147
150
153
156
159
161
163
164
166
167
168
168
168
168
168
167
166
165
164
162
160
158
155
153
149
146
143
139
135
131
127
123
118
113
108
103
98
92
87
81
75
69
63
57
51
45
39
33
26
20
14
8
2
-5
-11
-17
-23
-29
-35
-40
-46
-52
-57
-62
-68
-73
-78
-82
-87
-91
-96
-99
-103
-107
-110
-114
-117
-120
-122
-125
-127
-129
-130
-132
-133
-134
-135
-136
-136
-136
-136
-135
-135
-134
-133
-132
-130
-129
-127
-125
-123
-120
-117
-115
-112
-108
-105
-102
-98
-94
-90
-86
-82
-78
-73
-69
-64
-60
-55
-50
-45
-40
-36
-31
-26
-21
-16
-11
-6
-1
4
9
14
18
23
28
32
37
41
46
50
54
58
62
65
69
72
75
79
82
84
87
90
92
94
96
98
100
101
102
103
104
105
106
106
106
106
106
106
105
104
104
103
101
100
99
97
95
93
91
89
86
84
81
78
75
73
69
66
63
60
56
53
49
46
42
38
35
31
27
23
19
16
12
8
4
0
-3
-7
-11
-14
-18
-21
-25
-28
-32
-35
-38
-41
-44
-47
-50
-52
-55
-57
-60
-62
-64
-66
-68
-69
-71
-72
-74
-75
-76
-77
-78
-78
-79
-79
-79
-79
-79
-79
-79
-78
-78
-77
-76
-75
-74
-73
-72
-70
-69
-67
-66
-64
-62
-60
-58
-56
-53
-51
-49
-46
-44
-41
-39
-36
-33
-31
-28
-25
-22
-20
-17
-14
-11
-8
-6
-3
0
3
5
8
11
13
16
18
21
23
25
28
30
32
34
36
38
40
41
43
44
46
47
49
50
51
52
53
53
54
55
55
56
56
56
56
56
56
56
56
55
55
54
54
53
52
51
50
49
48
47
46
44
43
42
40
39
37
35
34
32
30
28
27
25
23
21
19
17
15
13
11
9
7
6
4
2
0
-2
-4
-6
-7
-9
-11
-12
-14
-16
-17
-19
-20
-21
-23
-24
-25
-26
-28
-29
-30
-30
-31
-32
-33
-34
-34
-35
-35
-36
-36
-36
-36
-37
-37
-37
-37
-36
-36
-36
-36
-35
-35
-35
-34
-33
-33
-32
-31
-31
-30
-29
-28
-27
-26
-25
-24
-23
-22
-21
-20
-19
-18
-17
-15
-14
-13
-12
-11
-9
-8
-7
-6
-5
-3
-2
-1
0
1
2
3
5
6
7
8
9
10
10
11
12
13
14
14
15
16
16
17
18
18
19
19
19
20
20
20
21
21
21
21
21
21
21
21
21
21
21
21
20
20
20
19
19
19
18
18
18
17
17
16
16
15
14
14
13
13
12
11
11
10
9
9
8
8
7
6
6
5
4
4
3
2
2
1
0
0
-1
-1
-2
-2
-3
-3
-4
-4
-5
-5
-6
-6
-6
-7
-7
-7
-8
-8
-8
-9
-9
-9
-9
-9
-9
-10
-10
-10
-10
-10
-10
-10
-10
-10
-10
-10
-9
-9
-9
-9
-9
-9
-9
-8
-8
-8
-8
-8
-7
-7
-7
-7
-6
-6
-6
-6
-5
-5
-5
-4
-4
-4
-4
-3
-3
-3
-2
-2
-2
-2
-1
-1
-1
-1
0
0
0
0
0
1
1
1
1
1
2
2
2
2
2
2
2
2
2
3
3
3
3
3
3
3
3
3
3
3
3
3
3
3
3
3
3
3
3
2
2
2
2
2
2
2
2
2
2
2
2
2
2
1
1
1
1
1
1
1
1
1
1
1
1
1
1
0
0
0
0
0
0
0
0
0
0
0
0
0
0
0
0
0
0
0
0
0
0
0
0
0
0
0
0
0
0
0
0
0
0
0
0
0
0
0
0
0
0
0
0
0
0
0
0
0
0
0
0
0
0
0
0
0
0
0
0
0
0
0
0
0
0
0
0
0
0
0
0
0
0
0
0
0
0
0
0
0
0
0
0
0
0
0
1
0
0
-1
-1
0
1
1
0
0
-1
-1
0
1
1
0
-1
-1
-1
1
1
1
0
-1
-2
0
1
2
1
-1
-2
-1
0
2
2
0
-2
-3
-1
1
3
2
-1
-3
-3
0
2
3
1
-2
-4
-3
1
4
4
1
-3
-4
-2
2
5
3
-1
-4
-4
-1
4
5
2
-3
-6
-4
1
5
5
1
-5
-6
-3
3
7
5
-1
-6
-6
-1
5
7
3
-4
-8
-6
2
8
7
1
-6
-9
-4
4
9
6
-2
-9
-9
-1
7
10
4
-5
-11
-7
2
10
10
1
-9
-12
-5
6
12
9
-2
-12
-11
-2
10
13
6
-7
-14
-10
3
13
13
2
-11
-15
-7
8
16
11
-3
-15
-14
-2
12
17
7
-8
-17
-12
3
16
16
2
-14
-19
-8
9
19
14
-4
-18
-18
-3
15
21
9
-10
-21
-15
4
20
20
3
-17
-23
-10
11
24
16
-5
-22
-22
-3
18
25
11
-12
-26
-18
5
24
24
3
-20
-27
-12
14
28
20
-5
-26
-26
-4
22
30
13
-15
-31
-21
6
29
28
4
-24
-32
-14
16
33
23
-6
-31
-30
-4
26
35
15
-17
-36
-25
7
33
33
5
-28
-37
-16
19
39
27
-7
-36
-35
-5
30
40
17
-20
-41
-29
8
39
38
5
-32
-43
-19
21
44
31
-9
-41
-40
-6
34
46
20
-23
-47
-33
9
44
43
6
-36
-49
-21
24
50
35
-10
-47
-46
-6
39
52
23
-26
-54
-37
10
50
49
7
-41
-55
-24
28
57
40
-11
-53
-52
-7
43
59
26
-29
-60
-42
12
56
55
8
-46
-62
-27
31
64
44
-12
-59
-58
-8
49
66
29
-33
-67
-47
13
63
61
9
-51
-69
-30
34
71
49
-14
-66
-64
-9
54
73
32
-36
-75
-52
14
69
67
10
-57
-77
-33
38
79
55
-15
-73
-71
-10
60
81
35
-40
-83
-57
16
77
74
11
-63
-85
-37
42
87
60
-17
-80
-78
-11
66
89
38
-44
-91
-63
17
84
82
12
-69
-93
-40
46
95
66
-18
-88
-85
-12
72
97
42
-48
-99
-69
19
92
89
13
-75
-101
-44
50
104
72
-20
-96
-93
-13
78
106
46
-52
-108
-75
21
100
97
14
-81
-110
-48
55
113
78
-22
-104
-101
-14
85
115
50
-57
-117
-81
22
108
105
15
-88
-119
-52
59
122
84
-23
-112
-109
-15
92
124
54
-61
-127
-87
24
117
113
16
-95
-129
-56
64
131
91
-25
-121
-118
-17
99
133
58
-66
-136
-94
26
126
122
17
-102
-138
-60
69
141
98
-27
-130
-126
-18
106
143
62
-71
-146
-101
28
135
131
18
-110
-148
-64
73
151
105
-29
-140
-135
-19
114
153
66
-76
-156
-108
30
144
140
20
-117
-159
-69
79
162
112
-31
-149
-145
-20
121
164
71
-81
-167
-115
32
154
149
21
-125
-169
-73
84
172
119
-33
-159
-154
-22
129
174
76
-86
-178
-123
34
164
159
22
-133
-180
-78
89
183
127
-35
-169
-164
-23
137
185
80
-92
-189
-130
36
174
169
24
-141
-191
-83
94
195
134
-37
-179
-174
-25
146
197
85
-97
-200
-138
38
184
179
25
-150
-202
-88
100
206
142
-39
-190
-184
-26
154
208
90
-103
-212
-146
41
195
189
27
-158
-214
-93
106
218
150
-42
-200
-194
-27
163
220
95
-109
-224
-154
43
206
199
28
-167
-225
-98
111
229
158
-44
-211
-205
-29
172
231
100
-114
-236
-163
45
217
210
30
-176
-237
-103
117
242
167
-46
-222
-215
-30
180
243
105
-120
-248
-171
47
228
221
31
-185
-249
-108
123
254
175
-49
-233
-226
-32
189
256
111
-126
-260
-180
50
239
232
33
-194
-262
-113
129
266
184
-51
-245
-237
-33
199
268
116
-132
-273
-188
52
251
243
34
-203
-274
-119
136
279
193
-53
-256
-248
-35
208
281
121
-139
-285
-197
55
262
254
36
-213
-287
-124
142
292
201
-56
-268
-260
-37
217
293
127
-145
-298
-206
57
274
265
37
-222
-300
-130
148
305
210
-58
-280
-271
-38
227
306
133
-151
-311
-215
59
286
277
39
-232
-313
-135
154
318
219
-61
-292
-283
-40
237
319
138
-158
-324
-224
62
298
288
41
-241
-326
-141
161
331
228
-63
-304
-294
-42
246
332
144
-164
-337
-233
64
310
300
42
-251
-339
-147
167
344
237
-66
-316
-306
-43
256
345
149
-171
-351
-242
67
322
312
44
-261
-352
-152
174
358
247
-68
-328
-318
-45
266
359
155
-177
-364
-251
70
334
324
46
-271
-365
-158
180
371
256
-71
-340
-330
-47
276
372
161
-184
-378
-261
72
347
336
47
-281
-379
-164
187
385
265
-73
-353
-342
-48
286
385
167
-190
-391
-270
75
359
348
49
-291
-392
-170
194
398
275
-76
-365
-354
-50
296
399
173
-197
-405
-279
77
371
360
51
-301
-406
-176
200
412
284
-79
-378
-366
-52
306
412
178
-204
-419
-289
80
384
372
52
-311
-419
-181
207
425
293
-81
-390
-378
-53
316
426
184
-210
-432
-298
83
396
384
54
-321
-433
-187
214
439
303
-84
-403
-390
-55
326
439
190
-217
-446
-308
85
409
396
56
-331
-446
-193
220
453
312
-86
-415
-402
-57
336
453
196
-224
-460
-317
88
421
408
58
-341
-460
-199
227
467
322
-89
-428
-414
-58
346
467
202
-230
-473
-326
90
434
420
59
-351
-473
-205
234
480
331
-92
-440
-426
-60
356
480
208
-237
-487
-336
93
446
432
61
-361
-487
-211
240
494
341
-94
-453
-438
-62
366
494
214
-244
-501
-345
96
459
444
63
-371
-500
-216
247
507
350
-97
-465
-450
-63
376
507
219
-250
-514
-355
98
471
456
64
-381
-514
-222
253
521
359
-99
-477
-462
-65
386
520
225
-257
-528
-364
101
483
468
66
-391
-527
-228
260
534
369
-102
-490
-474
-67
396
534
231
-263
-541
-373
103
496
480
68
-401
-540
-234
267
548
378
-105
-502
-486
-69
406
547
237
-270
-555
-382
106
508
492
69
-411
-554
-239
273
561
387
-107
-514
-498
-70
416
560
242
-276
-568
-391
108
520
503
71
-421
-567
-245
279
574
396
-110
-526
-509
-72
425
573
248
-283
-581
-400
111
532
515
73
-430
-580
-251
286
587
405
-112
-538
-521
-73
435
586
253
-289
-594
-409
113
544
526
74
-440
-592
-256
292
600
414
-115
-550
-532
-75
445
599
259
-295
-607
-418
116
555
538
76
-449
-605
-262
298
613
423
-117
-561
-543
-77
454
611
264
-301
-619
-427
118
567
549
77
-459
-618
-267
305
626
431
-119
-573
-554
-78
463
624
270
-308
-632
-436
121
578
560
79
-468
-630
-272
311
638
440
-122
-584
-565
-80
472
636
275
-314
-644
-444
123
590
571
80
-477
-642
-278
317
650
448
-124
-595
-576
-81
481
648
280
-320
-657
-453
125
601
581
82
-486
-654
-283
322
663
457
-126
-606
-587
-83
490
660
285
-325
-669
-461
127
612
592
83
-494
-666
-288
328
674
465
-129
-617
-597
-84
499
672
291
-331
-680
-469
130
622
602
85
-503
-677
-293
334
686
473
-131
-628
-607
-86
507
683
295
-337
-692
-477
132
633
613
86
-512
-689
-298
340
698
481
-133
-638
-618
-87
516
694
300
-342
-703
-485
134
643
623
88
-520
-700
-303
345
709
489
-135
-648
-627
-88
524
705
305
-348
-714
-492
136
653
632
89
-528
-711
-307
350
720
496
-137
-658
-637
-90
532
716
310
-353
-725
-500
138
663
642
90
-536
-722
-312
356
730
503
-139
-668
-646
-91
540
727
314
-358
-736
-507
140
673
651
92
-544
-732
-316
361
741
511
-141
-678
-656
-92
547
737
319
-363
-746
-514
142
682
660
93
-551
-742
-321
366
751
518
-143
-687
-665
-94
555
747
323
-368
-756
-521
144
691
669
94
-558
-752
-325
370
761
524
-145
-696
-673
-95
562
757
327
-373
-766
-528
146
700
677
95
-565
-761
-329
375
771
531
-147
-704
-682
-96
569
766
331
-377
-775
-534
148
709
686
97
-572
-771
-333
380
780
537
-149
-713
-690
-97
576
775
335
-382
-784
-540
149
717
694
98
-579
-779
-337
384
789
543
-150
-721
-698
-98
582
784
339
-386
-793
-546
151
725
701
99
-585
-788
-341
388
797
549
-152
-729
-705
-99
589
792
343
-390
-802
-552
153
733
709
100
-592
-796
-344
392
806
555
-154
-736
-712
-100
595
800
346
-394
-810
-558
154
740
716
101
-597
-804
-348
396
814
561
-155
-744
-719
-101
600
808
349
-398
-818
-563
156
747
723
102
-603
-812
-351
400
821
566
-156
-751
-726
-102
606
816
353
-402
-825
-568
157
754
729
103
-609
-819
-354
403
829
571
-158
-757
-732
-103
611
823
356
-405
-832
-573
159
760
735
104
-614
-826
-357
407
835
576
-159
-763
-738
-104
616
829
359
-408
-839
-578
160
766
741
104
-619
-833
-360
410
842
580
-160
-769
-744
-105
621
836
361
-412
-845
-582
161
772
747
105
-623
-839
-363
413
848
584
-162
-775
-749
-106
625
842
364
-414
-851
-586
162
778
752
106
-627
-845
-365
416
854
588
-163
-780
-755
-106
629
847
366
-417
-857
-590
163
783
757
107
-631
-850
-367
418
859
592
-164
-785
-759
-107
633
852
368
-420
-862
-594
164
787
761
107
-635
-855
-370
421
864
595
-165
-790
-764
-108
637
857
371
-422
-867
-597
165
792
766
108
-639
-860
-372
423
869
599
-166
-794
-768
-108
640
862
372
-424
-871
-600
166
796
769
108
-642
-864
-373
425
873
602
-166
-798
-771
-109
643
866
374
-426
-875
-603
167
799
773
109
-645
-868
-375
427
877
604
-167
-801
-775
-109
646
869
376
-428
-879
-605
167
803
776
109
-647
-871
-377
429
880
606
-168
-804
-778
-110
648
873
377
-430
-882
-608
168
805
779
110
-650
-874
-378
430
883
609
-168
-807
-780
-110
651
876
378
-431
-885
-609
168
808
781
110
-652
-877
-379
432
886
610
-169
-809
-782
-110
652
878
379
-432
-887
-611
169
810
783
110
-653
-879
-380
433
888
612
-169
-811
-784
-110
654
880
380
-433
-889
-612
169
812
785
111
-655
-881
-381
434
890
613
-169
-813
-786
-111
655
882
381
-434
-891
-614
170
813
786
111
-656
-882
-381
434
891
614
-170
-814
-787
-111
656
883
381
-434
-892
-614
170
814
787
111
-656
-883
-382
435
892
615
-170
-815
-788
-111
657
884
382
-435
-893
-615
170
815
788
111
-657
-884
-382
435
893
615
-170
-815
-788
-111
657
884
382
-435
-893
-615
170
815
788
111
-657
-884
-382
435
893
615
-170
-815
-788
-111
657
884
382
-435
-893
-615
170
815
788
111
-657
-884
-382
435
893
615
-170
-815
-788
-111
657
883
382
-435
-892
-614
170
814
787
111
-656
-883
-382
434
892
614
-170
-814
-787
-111
656
883
381
-434
-891
-614
170
813
786
111
-656
-882
-381
434
891
613
-170
-813
-786
-111
655
881
381
-434
-890
-613
169
812
785
111
-654
-880
-380
433
889
612
-169
-811
-784
-110
654
880
380
-433
-888
-612
169
810
783
110
-653
-879
-380
432
887
611
-169
-809
-782
-110
652
877
379
-432
-886
-610
169
808
781
110
-651
-876
-379
431
885
609
-168
-807
-780
-110
650
875
378
-430
-883
-608
168
806
779
110
-649
-873
-377
430
882
607
-168
-804
-778
-110
648
872
377
-429
-880
-606
168
803
776
109
-647
-870
-376
428
879
605
-167
-801
-775
-109
646
869
375
-427
-877
-604
167
800
773
109
-644
-867
-374
426
875
602
-167
-798
-771
-109
643
865
374
-425
-873
-601
166
796
770
108
-641
-863
-373
424
871
600
-166
-794
-768
-108
640
861
372
-423
-869
-598
165
792
766
108
-638
-858
-371
422
867
597
-165
-790
-764
-108
636
856
370
-421
-864
-595
164
788
762
107
-635
-854
-369
420
862
593
-164
-786
-759
-107
633
851
368
-419
-859
-591
163
783
757
107
-631
-849
-367
417
856
590
-163
-781
-755
-106
629
846
365
-416
-854
-588
162
778
752
106
-627
-843
-364
415
851
586
-162
-776
-750
-106
625
840
363
-413
-848
-584
161
773
747
105
-622
-837
-362
412
845
582
-161
-770
-744
-105
620
834
360
-410
-842
-579
160
767
742
104
-618
-831
-359
409
838
577
-159
-764
-739
-104
615
828
358
-407
-835
-575
159
761
736
104
-613
-824
-356
405
832
573
-158
-758
-733
-103
610
821
355
-404
-828
-570
158
755
730
103
-608
-817
-353
402
825
568
-157
-752
-726
-102
605
814
351
-400
-821
-565
156
748
723
102
-602
-810
-350
398
817
562
-155
-745
-720
-101
599
806
348
-396
-813
-560
155
741
716
101
-597
-802
-347
394
809
557
-154
-738
-713
-100
594
798
345
-392
-805
-554
153
734
709
100
-591
-794
-343
390
801
551
-152
-730
-705
-99
588
790
341
-388
-797
-549
152
726
702
99
-584
-786
-339
386
793
546
-151
-722
-698
-98
581
782
338
-384
-788
-543
150
718
694
98
-578
-777
-336
382
784
540
-149
-714
-690
-97
575
773
334
-380
-779
-536
148
710
686
97
-571
-768
-332
378
775
533
-147
-706
-682
-96
568
764
330
-375
-770
-530
146
701
678
95
-564
-759
-328
373
765
527
-146
-697
-674
-95
561
754
326
-371
-760
-523
145
693
669
94
-557
-749
-324
368
756
520
-144
-688
-665
-94
554
744
321
-366
-751
-517
143
684
661
93
-550
-739
-319
363
746
513
-142
-679
-656
-92
546
734
317
-361
-740
-510
141
674
652
92
-542
-729
-315
358
735
506
-140
-670
-647
-91
539
724
313
-356
-730
-502
139
665
642
90
-535
-719
-310
353
725
499
-138
-660
-638
-90
531
714
308
-351
-719
-495
137
655
633
89
-527
-708
-306
348
714
491
-136
-650
-628
-88
523
703
303
-345
-708
-487
135
645
623
88
-519
-697
-301
343
703
484
-134
-640
-618
-87
514
692
299
-340
-697
-480
132
635
613
86
-510
-686
-296
337
691
476
-131
-629
-608
-86
506
680
294
-334
-686
-472
130
624
603
85
-502
-675
-291
331
680
468
-129
-619
-598
-84
498
669
289
-329
-674
-464
128
613
593
83
-493
-663
-286
326
668
460
-127
-608
-587
-83
489
657
284
-323
-662
-455
126
602
582
82
-484
-651
-281
320
656
451
-125
-597
-577
-81
480
645
279
-317
-650
-447
123
591
571
80
-475
-639
-276
314
644
443
-122
-586
-566
-80
471
633
273
-311
-638
-439
121
580
560
79
-466
-627
-271
308
631
434
-120
-575
-555
-78
462
621
268
-305
-625
-430
119
569
549
77
-457
-614
-265
302
619
426
-118
-563
-544
-77
452
608
263
-299
-612
-421
116
557
538
76
-448
-602
-260
296
606
417
-115
-551
-533
-75
443
596
257
-292
-600
-413
114
546
527
74
-438
-589
-254
289
593
408
-113
-540
-521
-73
434
583
252
-286
-587
-404
111
534
515
73
-429
-576
-249
283
580
399
-110
-528
-510
-72
424
570
246
-280
-574
-395
109
522
504
71
-419
-563
-243
277
567
390
-108
-516
-498
-70
414
557
240
-273
-560
-386
106
510
492
69
-409
-550
-237
270
554
381
-105
-504
-486
-68
405
544
235
-267
-547
-376
104
498
480
68
-400
-537
-232
264
540
372
-103
-491
-475
-67
395
530
229
-260
-534
-367
101
485
469
66
-390
-524
-226
257
527
363
-100
-479
-463
-65
385
517
223
-254
-520
-358
99
473
457
64
-380
-510
-220
250
514
353
-98
-467
-451
-63
375
504
217
-247
-507
-349
96
461
445
63
-370
-497
-214
244
500
344
-95
-454
-439
-62
365
490
212
-241
-493
-339
94
448
433
61
-360
-483
-209
237
486
334
-92
-442
-427
-60
355
477
206
-234
-480
-330
91
436
421
59
-350
-470
-203
231
473
325
-90
-430
-415
-58
345
463
200
-227
-466
-320
88
423
409
57
-340
-456
-197
224
459
316
-87
-417
-403
-57
335
450
194
-221
-452
-311
86
411
397
56
-330
-443
-191
217
445
306
-85
-405
-391
-55
325
436
188
-214
-438
-301
83
398
384
54
-320
-429
-185
211
432
297
-82
-392
-378
-53
315
422
182
-207
-425
-292
81
386
372
52
-309
-416
-179
204
418
287
-79
-380
-366
-52
304
409
176
-201
-411
-283
78
373
360
51
-299
-402
-174
197
404
278
-77
-367
-354
-50
294
395
171
-194
-397
-273
75
361
348
49
-289
-389
-168
191
391
269
-74
-355
-342
-48
284
382
165
-187
-384
-264
73
348
336
47
-279
-375
-162
184
377
259
-72
-342
-330
-46
274
369
159
-181
-370
-255
70
336
324
46
-269
-362
-156
177
364
250
-69
-330
-318
-45
265
355
153
-174
-357
-245
68
324
313
44
-260
-349
-150
171
350
241
-66
-318
-307
-43
255
342
147
-168
-343
-236
65
312
301
42
-250
-335
-145
164
337
232
-64
-306
-295
-41
245
329
142
-161
-330
-227
63
300
289
41
-240
-322
-139
158
324
222
-61
-294
-283
-40
235
316
136
-155
-317
-218
60
288
277
39
-230
-309
-133
152
310
213
-59
-282
-272
-38
226
303
131
-148
-304
-209
58
276
266
37
-221
-296
-128
145
297
204
-56
-270
-260
-37
216
290
125
-142
-291
-200
55
264
255
36
-211
-284
-122
139
285
196
-54
-258
-249
-35
207
277
120
-136
-278
-191
53
252
243
34
-202
-271
-117
133
272
187
-52
-246
-238
-33
197
265
114
-130
-266
-183
50
241
232
33
-193
-259
-112
127
259
178
-49
-235
-227
-32
188
253
109
-124
-253
-174
48
229
221
31
-184
-246
-106
121
247
170
-47
-224
-216
-30
179
240
104
-118
-241
-166
46
218
210
30
-175
-234
-101
115
235
161
-44
-213
-205
-29
170
228
98
-112
-229
-157
43
207
200
28
-166
-222
-96
109
223
153
-42
-202
-195
-27
161
217
93
-106
-217
-149
41
196
189
27
-157
-211
-91
103
211
145
-40
-191
-184
-26
153
205
88
-100
-205
-141
39
186
179
25
-149
-199
-86
98
200
137
-38
-181
-174
-24
144
194
83
-95
-194
-133
37
175
169
24
-140
-188
-81
92
188
129
-36
-170
-164
-23
136
183
79
-89
-183
-126
35
165
159
22
-132
-177
-76
87
177
122
-34
-160
-155
-22
128
172
74
-84
-172
-118
33
155
150
21
-124
-166
-72
81
167
114
-31
-150
-145
-20
120
161
69
-79
-161
-111
30
146
140
20
-116
-156
-67
76
156
107
-29
-141
-136
-19
112
151
65
-74
-151
-104
29
136
131
18
-109
-146
-63
71
146
100
-28
-132
-127
-18
105
141
61
-69
-141
-97
27
127
122
17
-101
-136
-58
66
136
93
-26
-123
-118
-17
98
131
56
-64
-131
-90
25
118
114
16
-94
-126
-54
62
126
86
-24
-114
-110
-15
91
121
52
-59
-121
-83
23
109
105
15
-87
-117
-50
57
117
80
-22
-105
-101
-14
84
112
48
-55
-112
-77
21
101
97
14
-80
-108
-46
53
108
74
-20
-97
-93
-13
77
103
44
-50
-103
-71
19
93
89
13
-74
-99
-43
48
99
68
-19
-89
-86
-12
71
95
41
-46
-95
-65
18
85
82
11
-68
-91
-39
44
90
62
-17
-81
-78
-11
65
87
37
-42
-86
-59
16
78
75
10
-62
-83
-36
40
82
56
-16
-74
-71
-10
59
79
34
-38
-78
-54
15
70
68
9
-56
-75
-32
36
75
51
-14
-67
-64
-9
53
71
31
-35
-71
-48
13
64
61
9
-50
-68
-29
33
67
46
-13
-60
-58
-8
48
64
27
-31
-64
-44
12
57
55
8
-45
-60
-26
29
60
41
-11
-54
-52
-7
43
57
25
-28
-57
-39
11
51
49
7
-40
-54
-23
26
53
37
-10
-48
-46
-6
38
51
22
-25
-50
-34
9
45
43
6
-36
-48
-20
23
47
32
-9
-42
-40
-6
33
45
19
-22
-44
-30
8
39
38
5
-31
-42
-18
20
41
28
-8
-37
-35
-5
29
39
17
-19
-38
-26
7
34
33
5
-27
-36
-15
17
36
24
-7
-32
-30
-4
25
33
14
-16
-33
-23
6
29
28
4
-23
-31
-13
15
30
21
-6
-27
-26
-4
21
28
12
-14
-28
-19
5
25
24
3
-20
-26
-11
13
26
18
-5
-23
-22
-3
18
24
10
-12
-23
-16
4
21
20
3
-16
-22
-9
10
21
15
-4
-19
-18
-3
15
20
8
-9
-19
-13
4
17
16
2
-13
-18
-8
9
17
12
-3
-15
-15
-2
12
16
7
-8
-15
-11
3
14
13
2
-11
-14
-6
7
14
9
-3
-12
-12
-2
9
12
5
-6
-12
-8
2
11
10
1
-8
-11
-5
5
11
7
-2
-9
-9
-1
7
9
4
-5
-9
-6
2
8
8
1
-6
-8
-3
4
8
5
-1
-7
-6
-1
5
7
3
-3
-7
-4
1
6
5
1
-4
-6
-2
3
5
4
-1
-5
-4
-1
4
5
2
-2
-4
-3
1
4
4
0
-3
-4
-2
2
4
2
-1
-3
-3
0
2
3
1
-1
-3
-2
0
2
2
0
-2
-2
-1
1
2
1
0
-2
-2
0
1
2
1
-1
-1
-1
0
1
1
0
-1
-1
0
0
1
1
0
-1
-1
0
1
1
0
0
-1
0
0
0
0
0
0
0
0
0
0
0
0
0
0
0
0
0
0
0
0
0
0
0
0
0
0
0
0
0
0
0
0
0
0
0
0
0
0
0
0
0
0
0
0
0
0
0
0
0
0
0
0
0
0
0
0
0
0
0
0
0
0
0
0
0
-1
0
1
0
-1
0
1
0
-1
0
1
0
-1
0
1
0
-1
0
1
0
-1
0
1
0
-2
0
2
0
-2
0
2
0
-2
0
2
0
-2
0
2
0
-3
0
3
0
-3
0
3
0
-3
0
3
0
-3
0
4
0
-4
0
4
0
-4
0
4
0
-4
0
5
0
-5
0
5
0
-5
0
5
0
-6
0
6
0
-6
0
6
0
-6
0
7
0
-7
0
7
0
-7
0
8
0
-8
0
8
0
-8
0
9
0
-9
0
9
0
-9
0
10
0
-10
0
10
0
-10
0
11
0
-11
0
11
0
-12
0
12
0
-12
0
12
0
-13
0
13
0
-13
0
14
0
-14
0
14
0
-15
0
15
0
-15
0
16
0
-16
0
16
0
-17
0
17
0
-17
0
18
0
-18
0
19
0
-19
0
19
0
-20
0
20
0
-20
0
21
0
-21
0
22
0
-22
0
22
0
-23
0
23
0
-24
0
24
0
-24
0
25
0
-25
0
26
0
-26
0
27
0
-27
0
27
0
-28
0
28
0
-29
0
29
0
-30
0
30
0
-31
0
31
0
-32
0
32
0
-33
0
33
0
-34
0
34
0
-35
0
35
0
-36
0
36
0
-37
0
37
0
-38
0
38
0
-39
0
39
0
-40
0
40
0
-41
0
41
0
-42
0
42
0
-43
0
44
0
-44
0
45
0
-45
0
46
0
-46
0
47
0
-48
0
48
0
-49
0
49
0
-50
0
50
0
-51
0
52
0
-52
0
53
0
-54
0
54
0
-55
0
55
0
-56
0
57
0
-57
0
58
0
-59
0
59
0
-60
0
60
0
-61
0
62
0
-62
0
63
0
-64
0
64
0
-65
0
66
0
-66
0
67
0
-68
0
68
0
-69
0
70
0
-71
0
71
0
-72
0
73
0
-73
0
74
0
-75
0
75
0
-76
0
77
0
-78
0
78
0
-79
0
80
0
-81
0
81
0
-82
0
83
0
-84
0
84
0
-85
0
86
0
-87
0
87
0
-88
0
89
0
-90
0
90
0
-91
0
92
0
-93
0
94
0
-94
0
95
0
-96
0
97
0
-98
0
98
0
-99
0
100
0
-101
0
102
0
-102
0
103
0
-104
0
105
0
-106
0
107
0
-107
0
108
0
-109
0
110
0
-111
0
112
0
-112
0
113
0
-114
0
115
0
-116
0
117
0
-118
0
119
0
-119
0
120
0
-121
0
122
0
-123
0
124
0
-125
0
126
0
-126
0
127
0
-128
0
129
0
-130
0
131
0
-132
0
133
0
-134
0
135
0
-136
0
136
0
-137
0
138
0
-139
0
140
0
-141
0
142
0
-143
0
144
0
-145
0
146
0
-147
0
148
0
-149
0
150
0
-151
0
152
0
-153
0
153
0
-154
0
155
0
-156
0
157
0
-158
0
159
0
-160
0
161
0
-162
0
163
0
-164
0
165
0
-166
0
167
0
-168
0
169
0
-170
0
171
0
-172
0
173
0
-174
0
175
0
-176
0
177
0
-178
0
179
0
-180
0
181
0
-182
0
183
0
-185
0
186
0
-187
0
188
0
-189
0
190
0
-191
0
192
0
-193
0
194
0
-195
0
196
0
-197
0
198
0
-199
0
200
0
-201
0
202
0
-203
0
205
0
-206
0
207
0
-208
0
209
0
-210
0
211
0
-212
0
213
0
-214
0
215
0
-216
0
218
0
-219
0
220
0
-221
0
222
0
-223
0
224
0
-225
0
226
0
-227
0
229
0
-230
0
231
0
-232
0
233
0
-234
0
235
0
-236
0
237
0
-239
0
240
0
-241
0
242
0
-243
0
244
0
-245
0
246
0
-248
0
249
0
-250
0
251
0
-252
0
253
0
-254
0
256
0
-257
0
258
0
-259
0
260
0
-261
0
262
0
-264
0
265
0
-266
0
267
0
-268
0
269
0
-271
0
272
0
-273
0
274
0
-275
0
276
0
-278
0
279
0
-280
0
281
0
-282
0
283
0
-285
0
286
0
-287
0
288
0
-289
0
290
0
-292
0
293
0
-294
0
295
0
-296
0
298
0
-299
0
300
0
-301
0
302
0
-304
0
305
0
-306
0
307
0
-308
0
309
0
-311
0
312
0
-313
0
314
0
-315
0
317
0
-318
0
319
0
-320
0
321
0
-323
0
324
0
-325
0
326
0
-328
0
329
0
-330
0
331
0
-332
0
334
0
-335
0
336
0
-337
0
338
0
-340
0
341
0
-342
0
343
0
-344
0
346
0
-347
0
348
0
-349
0
351
0
-352
0
353
0
-354
0
355
0
-357
0
358
0
-359
0
360
0
-362
0
363
0
-364
0
365
0
-366
0
368
0
-369
0
370
0
-371
0
373
0
-374
0
375
0
-376
0
377
0
-379
0
380
0
-381
0
382
0
-384
0
385
0
-386
0
387
0
-388
0
390
0
-391
0
392
0
-393
0
395
0
-396
0
397
0
-398
0
400
0
-401
0
402
0
-403
0
404
0
-406
0
407
0
-408
0
409
0
-411
0
412
0
-413
0
414
0
-415
0
417
0
-418
0
419
0
-420
0
422
0
-423
0
424
0
-425
0
427
0
-428
0
429
0
-430
0
431
0
-433
0
434
0
-435
0
436
0
-438
0
439
0
-440
0
441
0
-442
0
444
0
-445
0
446
0
-447
0
449
0
-450
0
451
0
-452
0
453
0
-455
0
456
0
-457
0
458
0
-459
0
461
0
-462
0
463
0
-464
0
466
0
-467
0
468
0
-469
0
470
0
-472
0
473
0
-474
0
475
0
-476
0
478
0
-479
0
480
0
-481
0
482
0
-484
0
485
0
-486
0
487
0
-488
0
490
0
-491
0
492
0
-493
0
494
0
-496
0
497
0
-498
0
499
0
-500
0
502
0
-503
0
504
0
-505
0
506
0
-507
0
509
0
-510
0
511
0
-512
0
513
0
-515
0
516
0
-517
0
518
0
-519
0
520
0
-522
0
523
0
-524
0
525
0
-526
0
527
0
-529
0
530
0
-531
0
532
0
-533
0
534
0
-535
0
537
0
-538
0
539
0
-540
0
541
0
-542
0
544
0
-545
0
546
0
-547
0
548
0
-549
0
550
0
-552
0
553
0
-554
0
555
0
-556
0
557
0
-558
0
559
0
-561
0
562
0
-563
0
564
0
-565
0
566
0
-567
0
568
0
-570
0
571
0
-572
0
573
0
-574
0
575
0
-576
0
577
0
-578
0
579
0
-581
0
582
0
-583
0
584
0
-585
0
586
0
-587
0
588
0
-589
0
590
0
-591
0
593
0
-594
0
595
0
-596
0
597
0
-598
0
599
0
-600
0
601
0
-602
0
603
0
-604
0
605
0
-606
0
607
0
-608
0
609
0
-611
0
612
0
-613
0
614
0
-615
0
616
0
-617
0
618
0
-619
0
620
0
-621
0
622
0
-623
0
624
0
-625
0
626
0
-627
0
628
0
-629
0
630
0
-631
0
632
0
-633
0
634
0
-635
0
636
0
-637
0
638
0
-639
0
640
0
-641
0
642
0
-643
0
644
0
-645
0
646
0
-647
0
648
0
-649
0
650
0
-651
0
652
0
-652
0
653
0
-654
0
655
0
-656
0
657
0
-658
0
659
0
-660
0
661
0
-662
0
663
0
-664
0
665
0
-666
0
666
0
-667
0
668
0
-669
0
670
0
-671
0
672
0
-673
0
674
0
-675
0
676
0
-676
0
677
0
-678
0
679
0
-680
0
681
0
-682
0
683
0
-683
0
684
0
-685
0
686
0
-687
0
688
0
-689
0
689
0
-690
0
691
0
-692
0
693
0
-694
0
694
0
-695
0
696
0
-697
0
698
0
-699
0
699
0
-700
0
701
0
-702
0
703
0
-703
0
704
0
-705
0
706
0
-707
0
707
0
-708
0
709
0
-710
0
710
0
-711
0
712
0
-713
0
714
0
-714
0
715
0
-716
0
717
0
-717
0
718
0
-719
0
720
0
-720
0
721
0
-722
0
723
0
-723
0
724
0
-725
0
725
0
-726
0
727
0
-728
0
728
0
-729
0
730
0
-730
0
731
0
-732
0
732
0
-733
0
734
0
-734
0
735
0
-736
0
736
0
-737
0
738
0
-738
0
739
0
-740
0
740
0
-741
0
742
0
-742
0
743
0
-744
0
744
0
-745
0
745
0
-746
0
747
0
-747
0
748
0
-748
0
749
0
-750
0
750
0
-751
0
751
0
-752
0
753
0
-753
0
754
0
-754
0
755
0
-755
0
756
0
-757
0
757
0
-758
0
758
0
-759
0
759
0
-760
0
760
0
-761
0
761
0
-762
0
762
0
-763
0
764
0
-764
0
765
0
-765
0
766
0
-766
0
767
0
-767
0
767
0
-768
0
768
0
-769
0
769
0
-770
0
770
0
-771
0
771
0
-772
0
772
0
-773
0
773
0
-773
0
774
0
-774
0
775
0
-775
0
776
0
-776
0
776
0
-777
0
777
0
-778
0
778
0
-779
0
779
0
-779
0
780
0
-780
0
780
0
-781
0
781
0
-782
0
782
0
-782
0
783
0
-783
0
783
0
-784
0
784
0
-784
0
785
0
-785
0
785
0
-786
0
786
0
-786
0
787
0
-787
0
787
0
-788
0
788
0
-788
0
789
0
-789
0
789
0
-789
0
790
0
-790
0
790
0
-790
0
791
0
-791
0
791
0
-791
0
792
0
-792
0
792
0
-792
0
793
0
-793
0
793
0
-793
0
794
0
-794
0
794
0
-794
0
794
0
-795
0
795
0
-795
0
795
0
-795
0
796
0
-796
0
796
0
-796
0
796
0
-796
0
797
0
-797
0
797
0
-797
0
797
0
-797
0
798
0
-798
0
798
0
-798
0
798
0
-798
0
798
0
-798
0
798
0
-799
0
799
0
-799
0
799
0
-799
0
799
0
-799
0
799
0
-799
0
799
0
-799
0
799
0
-800
0
800
0
-800
0
800
0
-800
0
800
0
-800
0
800
0
-800
0
800
0
-800
0
800
0
-800
0
800
0
-800
0
800
0
-800
0
800
0
-800
0
800
0
-800
0
800
0
-800
0
800
0
-800
0
800
0
-800
0
800
0
-800
0
800
0
-800
0
800
0
-799
0
799
0
-799
0
799
0
-799
0
799
0
-799
0
799
0
-799
0
799
0
-799
0
799
0
-798
0
798
0
-798
0
798
0
-798
0
798
0
-798
0
798
0
-797
0
797
0
-797
0
797
0
-797
0
797
0
-797
0
796
0
-796
0
796
0
-796
0
796
0
-796
0
795
0
-795
0
795
0
-795
0
795
0
-794
0
794
0
-794
0
794
0
-793
0
793
0
-793
0
793
0
-793
0
792
0
-792
0
792
0
-792
0
791
0
-791
0
791
0
-791
0
790
0
-790
0
790
0
-790
0
789
0
-789
0
789
0
-788
0
788
0
-788
0
787
0
-787
0
787
0
-787
0
786
0
-786
0
786
0
-785
0
785
0
-785
0
784
0
-784
0
784
0
-783
0
783
0
-782
0
782
0
-782
0
781
0
-781
0
781
0
-780
0
780
0
-779
0
779
0
-779
0
778
0
-778
0
778
0
-777
0
777
0
-776
0
776
0
-775
0
775
0
-775
0
774
0
-774
0
773
0
-773
0
772
0
-772
0
771
0
-771
0
771
0
-770
0
770
0
-769
0
769
0
-768
0
768
0
-767
0
767
0
-766
0
766
0
-765
0
765
0
-764
0
764
0
-763
0
763
0
-762
0
762
0
-761
0
761
0
-760
0
760
0
-759
0
758
0
-758
0
757
0
-757
0
756
0
-756
0
755
0
-755
0
754
0
-753
0
753
0
-752
0
752
0
-751
0
751
0
-750
0
749
0
-749
0
748
0
-748
0
747
0
-746
0
746
0
-745
0
744
0
-744
0
743
0
-743
0
742
0
-741
0
741
0
-740
0
739
0
-739
0
738
0
-737
0
737
0
-736
0
735
0
-735
0
734
0
-733
0
733
0
-732
0
731
0
-731
0
730
0
-729
0
729
0
-728
0
727
0
-726
0
726
0
-725
0
724
0
-724
0
723
0
-722
0
721
0
-721
0
720
0
-719
0
718
0
-718
0
717
0
-716
0
715
0
-715
0
714
0
-713
0
712
0
-712
0
711
0
-710
0
709
0
-709
0
708
0
-707
0
706
0
-705
0
705
0
-704
0
703
0
-702
0
701
0
-701
0
700
0
-699
0
698
0
-697
0
697
0
-696
0
695
0
-694
0
693
0
-692
0
692
0
-691
0
690
0
-689
0
688
0
-687
0
686
0
-686
0
685
0
-684
0
683
0
-682
0
681
0
-680
0
679
0
-679
0
678
0
-677
0
676
0
-675
0
674
0
-673
0
672
0
-671
0
671
0
-670
0
669
0
-668
0
667
0
-666
0
665
0
-664
0
663
0
-662
0
661
0
-660
0
660
0
-659
0
658
0
-657
0
656
0
-655
0
654
0
-653
0
652
0
-651
0
650
0
-649
0
648
0
-647
0
646
0
-645
0
644
0
-643
0
642
0
-641
0
640
0
-639
0
638
0
-637
0
636
0
-635
0
634
0
-633
0
632
0
-631
0
630
0
-629
0
628
0
-627
0
626
0
-625
0
624
0
-623
0
622
0
-621
0
620
0
-619
0
618
0
-617
0
616
0
-615
0
614
0
-613
0
612
0
-611
0
610
0
-609
0
608
0
-607
0
606
0
-605
0
604
0
-603
0
602
0
-601
0
599
0
-598
0
597
0
-596
0
595
0
-594
0
593
0
-592
0
591
0
-590
0
589
0
-588
0
587
0
-585
0
584
0
-583
0
582
0
-581
0
580
0
-579
0
578
0
-577
0
576
0
-575
0
573
0
-572
0
571
0
-570
0
569
0
-568
0
567
0
-566
0
565
0
-563
0
562
0
-561
0
560
0
-559
0
558
0
-557
0
555
0
-554
0
553
0
-552
0
551
0
-550
0
549
0
-548
0
546
0
-545
0
544
0
-543
0
542
0
-541
0
540
0
-538
0
537
0
-536
0
535
0
-534
0
533
0
-531
0
530
0
-529
0
528
0
-527
0
526
0
-524
0
523
0
-522
0
521
0
-520
0
519
0
-517
0
516
0
-515
0
514
0
-513
0
512
0
-510
0
509
0
-508
0
507
0
-506
0
504
0
-503
0
502
0
-501
0
500
0
-499
0
497
0
-496
0
495
0
-494
0
493
0
-491
0
490
0
-489
0
488
0
-487
0
485
0
-484
0
483
0
-482
0
481
0
-479
0
478
0
-477
0
476
0
-475
0
473
0
-472
0
471
0
-470
0
469
0
-467
0
466
0
-465
0
464
0
-462
0
461
0
-460
0
459
0
-458
0
456
0
-455
0
454
0
-453
0
452
0
-450
0
449
0
-448
0
447
0
-445
0
444
0
-443
0
442
0
-441
0
439
0
-438
0
437
0
-436
0
434
0
-433
0
432
0
-431
0
430
0
-428
0
427
0
-426
0
425
0
-423
0
422
0
-421
0
420
0
-419
0
417
0
-416
0
415
0
-414
0
412
0
-411
0
410
0
-409
0
407
0
-406
0
405
0
-404
0
403
0
-401
0
400
0
-399
0
398
0
-396
0
395
0
-394
0
393
0
-392
0
390
0
-389
0
388
0
-387
0
385
0
-384
0
383
0
-382
0
381
0
-379
0
378
0
-377
0
376
0
-374
0
373
0
-372
0
371
0
-369
0
368
0
-367
0
366
0
-365
0
363
0
-362
0
361
0
-360
0
358
0
-357
0
356
0
-355
0
354
0
-352
0
351
0
-350
0
349
0
-348
0
346
0
-345
0
344
0
-343
0
341
0
-340
0
339
0
-338
0
337
0
-335
0
334
0
-333
0
332
0
-331
0
329
0
-328
0
327
0
-326
0
324
0
-323
0
322
0
-321
0
320
0
-318
0
317
0
-316
0
315
0
-314
0
312
0
-311
0
310
0
-309
0
308
0
-306
0
305
0
-304
0
303
0
-302
0
301
0
-299
0
298
0
-297
0
296
0
-295
0
293
0
-292
0
291
0
-290
0
289
0
-288
0
286
0
-285
0
284
0
-283
0
282
0
-280
0
279
0
-278
0
277
0
-276
0
275
0
-273
0
272
0
-271
0
270
0
-269
0
268
0
-267
0
265
0
-264
0
263
0
-262
0
261
0
-260
0
258
0
-257
0
256
0
-255
0
254
0
-253
0
252
0
-250
0
249
0
-248
0
247
0
-246
0
245
0
-244
0
243
0
-241
0
240
0
-239
0
238
0
-237
0
236
0
-235
0
234
0
-232
0
231
0
-230
0
229
0
-228
0
227
0
-226
0
225
0
-224
0
222
0
-221
0
220
0
-219
0
218
0
-217
0
216
0
-215
0
214
0
-213
0
212
0
-210
0
209
0
-208
0
207
0
-206
0
205
0
-204
0
203
0
-202
0
201
0
-200
0
199
0
-198
0
197
0
-195
0
194
0
-193
0
192
0
-191
0
190
0
-189
0
188
0
-187
0
186
0
-185
0
184
0
-183
0
182
0
-181
0
180
0
-179
0
178
0
-177
0
176
0
-175
0
174
0
-173
0
172
0
-171
0
170
0
-169
0
168
0
-167
0
166
0
-165
0
164
0
-163
0
162
0
-161
0
160
0
-159
0
158
0
-157
0
156
0
-155
0
154
0
-153
0
152
0
-151
0
150
0
-149
0
148
0
-147
0
146
0
-145
0
144
0
-143
0
143
0
-142
0
141
0
-140
0
139
0
-138
0
137
0
-136
0
135
0
-134
0
133
0
-132
0
131
0
-131
0
130
0
-129
0
128
0
-127
0
126
0
-125
0
124
0
-123
0
122
0
-122
0
121
0
-120
0
119
0
-118
0
117
0
-116
0
115
0
-115
0
114
0
-113
0
112
0
-111
0
110
0
-109
0
109
0
-108
0
107
0
-106
0
105
0
-104
0
104
0
-103
0
102
0
-101
0
100
0
-100
0
99
0
-98
0
97
0
-96
0
96
0
-95
0
94
0
-93
0
92
0
-92
0
91
0
-90
0
89
0
-89
0
88
0
-87
0
86
0
-85
0
85
0
-84
0
83
0
-82
0
82
0
-81
0
80
0
-79
0
79
0
-78
0
77
0
-77
0
76
0
-75
0
74
0
-74
0
73
0
-72
0
72
0
-71
0
70
0
-70
0
69
0
-68
0
67
0
-67
0
66
0
-65
0
65
0
-64
0
63
0
-63
0
62
0
-61
0
61
0
-60
0
59
0
-59
0
58
0
-58
0
57
0
-56
0
56
0
-55
0
54
0
-54
0
53
0
-53
0
52
0
-51
0
51
0
-50
0
50
0
-49
0
48
0
-48
0
47
0
-47
0
46
0
-46
0
45
0
-44
0
44
0
-43
0
43
0
-42
0
42
0
-41
0
41
0
-40
0
39
0
-39
0
38
0
-38
0
37
0
-37
0
36
0
-36
0
35
0
-35
0
34
0
-34
0
33
0
-33
0
32
0
-32
0
31
0
-31
0
30
0
-30
0
30
0
-29
0
29
0
-28
0
28
0
-27
0
27
0
-26
0
26
0
-26
0
25
0
-25
0
24
0
-24
0
23
0
-23
0
23
0
-22
0
22
0
-21
0
21
0
-21
0
20
0
-20
0
19
0
-19
0
19
0
-18
0
18
0
-18
0
17
0
-17
0
17
0
-16
0
16
0
-16
0
15
0
-15
0
15
0
-14
0
14
0
-14
0
13
0
-13
0
13
0
-12
0
12
0
-12
0
11
0
-11
0
11
0
-11
0
10
0
-10
0
10
0
-9
0
9
0
-9
0
9
0
-8
0
8
0
-8
0
8
0
-7
0
7
0
-7
0
7
0
-7
0
6
0
-6
0
6
0
-6
0
5
0
-5
0
5
0
-5
0
5
0
-5
0
4
0
-4
0
4
0
-4
0
4
0
-3
0
3
0
-3
0
3
0
-3
0
3
0
-3
0
2
0
-2
0
2
0
-2
0
2
0
-2
0
2
0
-2
0
1
0
-1
0
1
0
-1
0
1
0
-1
0
1
0
-1
0
1
0
-1
0
1
0
-1
0
0
0
0
0
0
0
0
0
0
0
0
0
0
0
0
0
0
0
0
0
0
0
0
0
0
0
0
0
0
0
0
0
0
0
0
0
0
0
0
0
0
0
0
0
0
0
0
0
0
0
0
0
0
0
0
0
0
0
0
0
0
0
0
0
0
0
0
0
-1
0
1
0
-1
0
1
0
-1
0
1
0
-1
0
1
0
-1
0
1
0
-1
1
1
-1
-2
1
2
-1
-2
1
2
-1
-2
1
2
-1
-2
1
2
-1
-2
1
3
-1
-3
1
3
-1
-3
1
3
-1
-3
1
4
-1
-4
1
4
-1
-4
1
4
-2
-4
2
5
-2
-5
2
5
-2
-5
2
5
-2
-5
2
6
-2
-6
2
6
-2
-6
2
7
-2
-7
2
7
-2
-7
2
7
-3
-8
3
8
-3
-8
3
8
-3
-9
3
9
-3
-9
3
9
-3
-10
3
10
-3
-10
3
10
-4
-11
4
11
-4
-11
4
12
-4
-12
4
12
-4
-12
4
13
-4
-13
4
13
-4
-14
4
14
-5
-14
5
15
-5
-15
5
15
-5
-16
5
16
-5
-16
5
17
-5
-17
5
17
-6
-18
6
18
-6
-18
6
19
-6
-19
6
19
-6
-20
6
20
-6
-21
7
21
-7
-21
7
22
-7
-22
7
23
-7
-23
7
23
-7
-24
7
24
-7
-25
8
25
-8
-25
8
26
-8
-26
8
27
-8
-27
8
28
-8
-28
8
28
-9
-29
9
29
-9
-30
9
30
-9
-31
9
31
-9
-32
9
32
-10
-33
10
33
-10
-34
10
34
-10
-35
10
35
-10
-36
10
36
-11
-37
11
37
-11
-38
11
38
-11
-39
11
39
-11
-40
11
40
-11
-41
12
41
-12
-42
12
42
-12
-43
12
44
-12
-44
12
45
-12
-45
13
46
-13
-46
13
47
-13
-48
13
48
-13
-49
13
49
-13
-50
14
50
-14
-51
14
52
-14
-52
14
53
-14
-54
14
54
-14
-55
15
55
-15
-56
15
57
-15
-57
15
58
-15
-58
15
59
-16
-60
16
60
-16
-61
16
62
-16
-62
16
63
-16
-64
16
64
-17
-65
17
66
-17
-66
17
67
-17
-68
17
68
-17
-69
17
70
-18
-70
18
71
-18
-72
18
73
-18
-73
18
74
-18
-75
18
75
-19
-76
19
77
-19
-78
19
78
-19
-79
19
80
-19
-81
19
81
-20
-82
20
83
-20
-83
20
84
-20
-85
20
86
-20
-87
20
87
-21
-88
21
89
-21
-90
21
90
-21
-91
21
92
-21
-93
21
94
-22
-94
22
95
-22
-96
22
97
-22
-97
22
98
-22
-99
22
100
-22
-101
23
102
-23
-102
23
103
-23
-104
23
105
-23
-106
23
106
-23
-107
24
108
-24
-109
24
110
-24
-111
24
112
-24
-112
24
113
-24
-114
24
115
-24
-116
25
117
-25
-118
25
119
-25
-119
25
120
-25
-121
25
122
-25
-123
26
124
-26
-125
26
126
-26
-127
26
127
-26
-128
26
129
-26
-130
26
131
-26
-132
27
133
-27
-134
27
135
-27
-136
27
137
-27
-138
27
138
-27
-139
27
140
-27
-141
27
142
-27
-143
28
144
-28
-145
28
146
-28
-147
28
148
-28
-149
28
150
-28
-151
28
152
-28
-153
28
154
-29
-155
29
156
-29
-157
29
158
-29
-159
29
160
-29
-161
29
162
-29
-163
29
164
-29
-165
29
166
-30
-167
29
168
-30
-169
30
170
-30
-171
30
172
-30
-173
30
174
-30
-175
30
176
-30
-177
30
178
-30
-179
30
180
-30
-181
30
182
-31
-183
30
184
-31
-185
31
186
-31
-187
31
188
-31
-189
31
190
-31
-191
31
193
-31
-194
31
195
-31
-196
31
197
-31
-198
31
199
-31
-200
31
201
-31
-202
31
203
-31
-204
31
205
-32
-206
31
208
-32
-209
31
210
-32
-211
32
212
-32
-213
32
214
-32
-215
32
216
-32
-218
32
219
-32
-220
32
221
-32
-222
32
223
-32
-224
32
225
-32
-226
32
227
-32
-228
32
230
-32
-231
32
232
-32
-233
32
234
-32
-235
32
236
-32
-238
32
239
-32
-240
32
241
-32
-242
32
243
-32
-244
32
245
-32
-247
32
248
-32
-249
32
250
-32
-251
32
253
-32
-254
32
255
-32
-256
32
257
-32
-258
32
259
-32
-260
32
262
-32
-263
32
264
-32
-265
31
266
-32
-268
31
269
-32
-270
31
271
-31
-272
31
273
-31
-275
31
276
-31
-277
31
278
-31
-279
31
280
-31
-282
31
283
-31
-284
31
285
-31
-286
31
287
-31
-289
31
290
-31
-291
30
293
-31
-294
30
295
-30
-296
30
297
-30
-298
30
300
-30
-301
30
302
-30
-303
30
304
-30
-306
30
307
-30
-308
29
309
-30
-310
29
312
-29
-313
29
314
-29
-315
29
317
-29
-318
29
319
-29
-320
29
321
-29
-323
28
324
-28
-325
28
326
-28
-327
28
329
-28
-330
28
331
-28
-332
28
334
-28
-335
27
336
-27
-337
27
338
-27
-340
27
341
-27
-342
27
344
-27
-345
26
346
-26
-347
26
348
-26
-350
26
351
-26
-352
26
353
-26
-355
25
356
-25
-357
25
358
-25
-359
25
361
-25
-362
25
363
-25
-364
24
366
-24
-367
24
368
-24
-369
24
370
-24
-372
23
373
-23
-374
23
375
-23
-377
23
378
-23
-379
22
381
-22
-382
22
383
-22
-384
22
386
-22
-387
21
388
-21
-389
21
390
-21
-392
21
393
-21
-394
20
395
-20
-397
20
398
-20
-399
20
400
-20
-401
19
403
-19
-404
19
405
-19
-406
18
408
-18
-409
18
410
-18
-411
18
413
-18
-414
17
415
-17
-416
17
417
-17
-419
16
420
-16
-421
16
422
-16
-424
15
425
-15
-426
15
428
-15
-429
14
430
-15
-431
14
433
-14
-434
14
435
-14
-436
13
438
-13
-439
13
440
-13
-441
12
442
-12
-444
12
445
-12
-446
11
447
-11
-449
11
450
-11
-451
10
452
-10
-453
10
455
-10
-456
9
457
-9
-458
9
459
-9
-461
8
462
-8
-463
8
464
-8
-466
7
467
-7
-468
6
469
-6
-470
6
472
-6
-473
5
474
-5
-475
5
476
-5
-478
4
479
-4
-480
4
481
-4
-482
3
484
-3
-485
2
486
-2
-487
2
488
-2
-490
1
491
-1
-492
1
493
-1
-494
0
496
0
-497
-1
498
1
-499
-1
500
1
-502
-2
503
2
-504
-3
505
3
-506
-3
507
3
-509
-4
510
4
-511
-4
512
4
-513
-5
515
5
-516
-6
517
6
-518
-6
519
6
-520
-7
522
7
-523
-8
524
8
-525
-9
526
9
-527
-9
529
10
-530
-10
531
11
-532
-11
533
11
-534
-11
535
12
-537
-12
538
13
-539
-13
540
14
-541
-14
542
14
-544
-14
545
15
-546
-15
547
16
-548
-16
549
16
-550
-17
552
17
-553
-17
554
18
-555
-18
556
19
-557
-19
558
20
-559
-20
560
20
-561
-20
562
21
-563
-21
564
22
-565
-22
567
23
-568
-23
569
24
-570
-24
571
24
-572
-24
573
25
-574
-25
575
26
-577
-26
578
27
-579
-27
580
28
-581
-28
582
28
-583
-28
584
29
-585
-29
586
30
-587
-30
589
31
-590
-31
591
32
-592
-32
593
33
-594
-33
595
34
-596
-34
597
34
-598
-34
599
35
-600
-35
601
36
-602
-36
603
37
-605
-37
605
38
-606
-38
607
39
-608
-39
609
40
-610
-40
611
41
-612
-41
613
42
-614
-42
615
42
-616
-43
617
43
-618
-43
619
44
-620
-44
621
45
-622
-45
623
46
-624
-46
625
47
-626
-47
627
48
-628
-48
629
49
-630
-49
631
50
-632
-50
633
51
-634
-51
635
52
-636
-52
637
53
-638
-53
638
54
-639
-54
640
55
-641
-55
642
56
-643
-56
644
57
-645
-57
646
58
-647
-58
648
59
-649
-59
650
60
-651
-60
652
61
-653
-61
654
62
-654
-62
655
63
-656
-63
657
64
-658
-64
659
65
-660
-65
660
66
-661
-66
662
67
-663
-67
664
68
-665
-68
666
69
-667
-69
668
70
-669
-70
669
71
-670
-71
671
72
-671
-72
672
73
-673
-73
674
74
-675
-74
676
75
-677
-75
677
76
-678
-76
679
77
-680
-77
681
78
-682
-78
683
79
-683
-79
684
80
-685
-80
686
81
-686
-81
687
82
-688
-82
688
83
-689
-83
690
84
-691
-84
692
85
-693
-86
693
86
-694
-87
695
88
-696
-88
697
89
-697
-89
698
90
-698
-90
699
91
-700
-91
700
92
-701
-92
702
93
-703
-93
704
94
-704
-94
705
95
-706
-95
707
96
-707
-96
708
97
-709
-97
709
98
-709
-99
710
100
-711
-100
712
101
-712
-101
713
102
-714
-102
715
103
-715
-103
716
104
-717
-104
717
105
-718
-105
718
106
-719
-106
719
107
-720
-107
721
108
-721
-109
722
110
-723
-110
723
111
-724
-111
725
112
-725
-112
726
113
-727
-113
727
114
-727
-114
728
115
-728
-115
729
116
-730
-116
730
117
-731
-118
732
119
-732
-119
733
120
-734
-120
733
121
-734
-121
735
122
-735
-122
736
123
-736
-123
737
124
-738
-124
738
125
-739
-126
739
127
-740
-127
740
127
-740
-128
741
128
-741
-129
742
129
-742
-130
743
130
-744
-131
744
131
-745
-132
745
132
-746
-133
745
134
-746
-135
746
135
-747
-136
747
136
-748
-137
749
137
-749
-138
750
138
-750
-139
751
139
-750
-140
751
140
-751
-141
752
142
-752
-143
753
143
-753
-144
754
144
-754
-145
755
145
-755
-146
755
146
-755
-147
755
147
-756
-148
756
148
-757
-149
757
150
-758
-151
758
151
-759
-152
758
152
-758
-153
759
153
-759
-154
760
154
-760
-155
761
155
-761
-156
761
156
-762
-157
761
158
-762
-159
762
159
-762
-160
763
160
-763
-161
763
161
-764
-162
764
162
-765
-163
764
163
-764
-164
765
164
-765
-165
765
165
-766
-167
766
167
-766
-168
767
168
-766
-169
766
169
-767
-169
767
170
-767
-170
768
171
-768
-171
768
172
-769
-172
768
173
-768
-173
769
174
-769
-174
769
176
-769
-176
770
177
-770
-177
770
178
-769
-178
770
179
-770
-179
770
180
-770
-180
771
181
-771
-181
771
182
-771
-182
771
183
-771
-183
771
184
-771
-184
772
185
-772
-186
772
187
-772
-187
772
188
-772
-188
772
189
-772
-189
772
190
-772
-190
773
191
-773
-191
773
192
-772
-192
772
193
-772
-193
773
193
-773
-194
773
194
-773
-195
773
195
-772
-196
772
196
-773
-197
773
197
-773
-198
773
198
-773
-200
773
200
-772
-201
772
201
-773
-202
773
202
-773
-203
773
203
-773
-204
773
204
-772
-205
772
205
-772
-206
772
206
-772
-207
772
207
-773
-208
773
208
-772
-209
772
209
-772
-210
772
210
-772
-211
772
211
-772
-212
771
212
-771
-212
771
213
-771
-213
771
214
-771
-214
771
215
-771
-215
770
216
-770
-216
770
217
-770
-217
770
218
-770
-218
770
219
-769
-219
769
220
-769
-220
769
221
-769
-221
769
222
-769
-222
768
223
-768
-223
767
224
-767
-224
767
225
-767
-225
767
226
-766
-226
766
227
-766
-227
766
227
-766
-228
766
228
-766
-229
764
229
-764
-229
764
229
-764
-230
764
230
-764
-231
764
231
-763
-232
763
232
-762
-233
762
233
-762
-234
762
234
-762
-235
761
235
-761
-236
760
236
-760
-237
760
237
-760
-238
760
238
-759
-238
758
239
-758
-238
758
239
-758
-239
758
240
-756
-240
756
241
-756
-241
756
242
-756
-242
755
243
-755
-243
754
244
-754
-244
753
245
-753
-244
753
245
-753
-245
752
246
-751
-246
751
247
-751
-247
751
247
-750
-248
750
248
-749
-249
749
248
-748
-249
748
249
-748
-250
747
250
-746
-251
746
251
-746
-252
745
252
-745
-253
745
252
-743
-253
743
253
-743
-254
742
254
-742
-255
742
255
-740
-255
740
255
-740
-255
739
256
-739
-256
739
257
-737
-257
737
258
-737
-258
736
258
-736
-258
736
259
-734
-259
734
260
-734
-260
733
261
-733
-260
732
261
-731
-261
731
262
-730
-262
730
262
-729
-262
729
262
-728
-263
727
263
-727
-264
726
264
-726
-264
726
264
-724
-265
724
265
-723
-266
723
266
-722
-266
722
266
-721
-267
720
267
-720
-267
719
267
-719
-267
718
268
-717
-268
716
269
-716
-269
716
269
-715
-269
714
270
-713
-270
713
270
-712
-270
712
271
-711
-271
710
272
-709
-271
709
271
-708
-272
708
272
-706
-273
706
272
-705
-273
705
273
-704
-274
704
273
-702
-274
702
274
-701
-275
701
274
-700
-275
699
275
-698
-275
697
275
-697
-275
696
276
-696
-276
694
276
-694
-276
693
277
-693
-277
692
277
-690
-277
690
278
-689
-278
689
278
-688
-278
688
278
-686
-279
685
278
-685
-279
684
279
-684
-279
682
279
-681
-280
681
280
-680
-280
680
280
-678
-281
677
280
-677
-281
676
281
-676
-281
674
281
-673
-281
673
282
-672
-281
671
282
-670
-282
669
282
-669
-282
668
283
-667
-282
667
283
-665
-283
664
282
-664
-283
663
283
-662
-283
661
283
-660
-284
659
283
-659
-284
658
284
-656
-284
656
284
-655
-285
654
284
-654
-284
652
285
-651
-284
651
285
-650
-284
649
285
-648
-285
647
285
-646
-285
645
286
-645
-285
643
286
-642
-285
642
285
-641
-286
639
285
-639
-286
638
286
-637
-286
636
286
-635
-286
634
286
-633
-286
632
286
-632
-287
630
286
-629
-286
629
286
-628
-286
627
287
-625
-286
625
287
-624
-286
623
287
-622
-287
621
287
-620
-287
619
286
-618
-287
617
286
-616
-287
615
287
-614
-287
613
287
-612
-287
611
287
-610
-287
609
287
-609
-286
607
287
-606
-286
605
287
-604
-287
603
287
-602
-287
601
287
-600
-287
599
287
-598
-287
597
286
-596
-287
595
286
-594
-287
593
286
-592
-287
591
286
-590
-287
589
286
-588
-287
587
286
-586
-286
585
286
-583
-286
583
286
-582
-286
581
286
-579
-286
578
286
-577
-286
577
285
-576
-286
574
285
-573
-286
572
285
-571
-285
570
285
-569
-285
568
285
-567
-285
566
285
-564
-284
564
285
-563
-284
562
285
-560
-284
559
284
-558
-284
557
284
-556
-284
555
283
-554
-284
553
283
-552
-284
550
283
-550
-283
549
283
-548
-283
546
283
-545
-282
544
283
-543
-282
542
282
-541
-282
540
282
-539
-282
538
282
-536
-281
535
282
-534
-281
533
281
-532
-281
531
280
-530
-281
529
280
-527
-280
526
280
-525
-280
524
280
-523
-279
522
279
-521
-279
520
279
-519
-279
517
279
-516
-278
515
278
-514
-278
513
278
-512
-278
511
277
-510
-277
508
277
-507
-277
506
277
-505
-276
503
276
-502
-276
501
276
-501
-275
499
275
-498
-275
497
275
-496
-275
494
274
-493
-274
492
274
-491
-274
490
273
-489
-273
488
273
-487
-272
486
272
-484
-272
483
272
-482
-271
481
272
-479
-271
478
271
-477
-271
476
270
-475
-270
474
270
-473
-270
472
269
-470
-269
469
269
-468
-268
467
268
-465
-268
464
268
-463
-267
462
267
-461
-267
460
267
-459
-266
458
266
-456
-266
455
265
-454
-265
453
265
-451
-265
450
264
-449
-263
448
264
-447
-263
446
263
-445
-262
444
262
-442
-262
441
261
-440
-261
438
261
-437
-261
436
260
-435
-260
434
259
-433
-259
432
259
-431
-258
429
258
-428
-258
427
258
-426
-257
424
257
-423
-256
422
256
-421
-256
420
255
-418
-255
417
255
-416
-255
415
254
-414
-253
413
253
-411
-253
410
253
-409
-252
408
252
-406
-251
405
251
-404
-251
403
250
-402
-250
401
249
-400
-249
399
249
-397
-248
396
248
-395
-247
394
247
-392
-247
391
246
-390
-246
389
245
-388
-245
387
245
-386
-244
384
244
-383
-243
382
243
-381
-242
379
242
-378
-242
377
242
-376
-241
375
240
-374
-240
373
239
-371
-239
370
239
-369
-239
368
238
-366
-237
365
237
-364
-236
363
236
-362
-236
361
235
-360
-235
358
234
-357
-234
356
233
-355
-233
354
233
-353
-232
352
232
-350
-231
349
231
-348
-230
347
230
-345
-229
344
229
-343
-229
342
228
-341
-228
340
227
-339
-226
337
226
-336
-225
335
225
-334
-225
333
224
-332
-224
331
223
-329
-223
328
222
-327
-222
326
221
-325
-221
324
220
-323
-220
321
219
-320
-219
319
219
-318
-218
316
217
-315
-217
314
216
-313
-216
312
215
-311
-215
310
214
-308
-214
307
214
-306
-213
305
212
-304
-212
303
211
-302
-211
301
210
-300
-210
299
209
-297
-209
296
208
-295
-208
294
207
-293
-207
292
206
-291
-206
289
205
-288
-205
287
204
-286
-203
285
203
-284
-202
283
202
-281
-201
280
201
-279
-200
278
200
-277
-199
276
199
-275
-198
274
198
-273
-197
272
197
-270
-196
269
196
-268
-195
267
194
-266
-194
265
193
-264
-193
263
192
-262
-192
261
191
-259
-190
258
190
-257
-189
256
189
-255
-188
254
188
-253
-187
252
187
-251
-186
250
186
-248
-185
247
185
-247
-184
246
183
-244
-183
243
182
-242
-182
241
181
-240
-180
239
180
-238
-179
237
179
-236
-178
235
178
-234
-177
233
176
-232
-176
230
175
-230
-175
229
174
-227
-174
226
173
-225
-173
224
172
-223
-171
222
171
-221
-170
220
170
-219
-169
218
169
-217
-168
216
167
-215
-167
214
166
-213
-166
212
165
-211
-165
210
164
-209
-163
208
163
-207
-162
206
162
-205
-161
204
160
-203
-160
202
159
-201
-159
200
158
-199
-157
198
157
-197
-156
196
156
-195
-155
194
154
-193
-154
192
153
-191
-153
190
152
-189
-152
188
151
-187
-150
186
150
-185
-149
184
149
-183
-148
182
147
-181
-147
180
146
-179
-146
178
145
-178
-145
176
144
-176
-143
175
143
-174
-142
173
142
-172
-141
171
140
-170
-140
169
139
-168
-139
167
138
-166
-138
165
137
-164
-136
163
136
-163
-135
162
135
-161
-134
160
133
-159
-133
158
132
-157
-132
156
131
-155
-130
154
130
-153
-129
153
128
-152
-128
151
127
-150
-127
149
126
-148
-126
147
125
-146
-124
146
124
-145
-123
144
123
-143
-122
142
122
-141
-121
140
120
-139
-120
139
119
-138
-119
137
118
-136
-117
135
117
-134
-116
134
116
-133
-115
132
115
-131
-114
130
113
-129
-113
128
112
-128
-111
127
111
-126
-110
125
110
-124
-109
124
109
-123
-108
122
108
-121
-107
120
106
-119
-106
119
105
-118
-105
117
104
-116
-104
116
103
-115
-102
114
102
-113
-101
112
101
-112
-100
111
99
-110
-99
109
98
-109
-98
108
97
-107
-97
106
96
-105
-96
105
95
-104
-94
103
94
-103
-93
102
93
-101
-92
100
92
-100
-91
99
90
-98
-90
97
89
-97
-89
96
88
-95
-88
94
87
-94
-87
93
86
-92
-86
92
85
-91
-84
90
84
-90
-83
89
83
-88
-82
87
82
-87
-81
86
81
-85
-80
85
80
-84
-79
83
78
-83
-78
82
77
-81
-77
81
76
-80
-76
79
75
-79
-75
78
74
-77
-74
77
73
-76
-73
75
72
-75
-71
74
71
-73
-70
73
70
-72
-69
72
69
-71
-68
70
68
-70
-67
69
67
-69
-66
68
66
-67
-65
67
65
-66
-64
66
64
-65
-63
64
63
-64
-62
63
62
-63
-61
62
61
-61
-60
61
60
-60
-59
60
59
-59
-58
59
58
-58
-57
57
57
-57
-56
56
56
-56
-55
55
55
-55
-54
54
54
-53
-54
53
53
-52
-53
52
52
-51
-52
51
51
-50
-51
50
50
-49
-50
49
49
-48
-49
48
48
-47
-48
47
47
-46
-47
46
47
-45
-46
45
46
-44
-45
44
45
-43
-44
43
44
-42
-43
42
43
-41
-43
41
42
-40
-42
40
41
-39
-41
39
40
-39
-40
38
40
-38
-39
37
39
-37
-38
36
38
-36
-37
35
37
-35
-37
35
36
-34
-36
34
35
-33
-35
33
35
-32
-34
32
34
-32
-33
31
33
-31
-33
30
32
-30
-32
30
31
-29
-31
29
31
-28
-30
28
30
-28
-30
27
29
-27
-29
26
28
-26
-28
26
28
-25
-27
25
27
-25
-27
24
26
-24
-26
24
25
-23
-25
23
25
-22
-24
22
24
-22
-24
21
23
-21
-23
21
23
-20
-22
20
22
-20
-22
19
21
-19
-21
19
21
-19
-20
18
20
-18
-20
18
19
-17
-19
17
19
-17
-19
16
18
-16
-18
16
18
-16
-17
15
17
-15
-17
15
16
-14
-16
14
16
-14
-16
14
15
-13
-15
13
15
-13
-14
13
14
-12
-14
12
14
-12
-13
12
13
-11
-13
11
13
-11
-12
11
12
-10
-12
10
12
-10
-11
10
11
-9
-11
9
11
-9
-10
9
10
-9
-10
8
10
-8
-9
8
9
-8
-9
8
9
-7
-9
7
8
-7
-8
7
8
-7
-8
6
8
-6
-7
6
7
-6
-7
6
7
-6
-7
5
6
-5
-6
5
6
-5
-6
5
6
-5
-5
4
5
-4
-5
4
5
-4
-5
4
5
-4
-4
4
4
-3
-4
3
4
-3
-4
3
4
-3
-4
3
3
-3
-3
3
3
-3
-3
2
3
-2
-3
2
3
-2
-3
2
2
-2
-2
2
2
-2
-2
2
2
-2
-2
1
2
-1
-2
1
2
-1
-1
1
1
-1
-1
1
1
-1
-1
1
1
-1
-1
1
1
-1
-1
1
1
-1
-1
1
1
0
-1
0
0
0
0
0
0
0
0
0
0
0
0
0
0
0
0
0
0
0
0
0
0
0
0
0
0
0
0
0
0
0
0
0
0
0
0
0
0
0
0
0
0
0
0
0
0
0
0
0
0
0
0
0
0
0
0
0
0
0
0
0
0
0
0
0
0
0
0
0
0
0
0
0
0
0
0
0
0
1
-1
-1
1
1
-1
-1
1
1
-1
-1
1
1
-1
-1
1
1
-1
-1
1
1
-1
-1
1
1
-1
-1
1
2
-1
-2
2
2
-2
-2
2
2
-2
-2
2
2
-2
-2
2
2
-2
-3
2
3
-2
-3
2
3
-3
-3
3
3
-3
-3
3
4
-3
-4
3
4
-3
-4
3
4
-3
-4
3
5
-4
-5
4
5
-4
-5
4
5
-4
-6
4
6
-4
-6
4
6
-5
-6
5
7
-5
-7
5
7
-5
-7
5
7
-5
-8
5
8
-6
-8
6
8
-6
-9
6
9
-6
-9
6
9
-6
-10
6
10
-7
-10
7
10
-7
-11
7
11
-7
-11
7
12
-7
-12
7
12
-8
-12
8
13
-8
-13
8
13
-8
-14
8
14
-8
-14
9
15
-9
-15
9
15
-9
-16
9
16
-9
-16
9
17
-9
-17
10
18
-10
-18
10
18
-10
-19
10
19
-10
-19
10
20
-11
-20
11
21
-11
-21
11
21
-11
-22
11
22
-11
-23
11
23
-11
-23
12
24
-12
-24
12
25
-12
-25
12
26
-12
-26
12
27
-12
-27
13
28
-13
-28
13
28
-13
-29
13
29
-13
-30
13
30
-13
-31
13
31
-13
-32
14
32
-14
-33
14
33
-14
-34
14
34
-14
-35
14
35
-14
-36
14
37
-14
-37
14
38
-14
-38
15
39
-15
-39
15
40
-15
-40
15
41
-15
-42
15
42
-15
-43
15
43
-15
-44
15
44
-15
-45
15
46
-15
-46
15
47
-15
-47
15
48
-15
-49
15
49
-15
-50
15
51
-15
-51
15
52
-16
-52
15
53
-16
-54
16
54
-16
-55
16
56
-15
-56
16
57
-16
-58
15
58
-16
-59
15
60
-15
-60
15
61
-15
-62
15
63
-15
-63
15
64
-15
-65
15
65
-15
-66
15
67
-15
-68
15
68
-15
-69
15
70
-15
-70
15
71
-15
-72
14
73
-14
-73
14
74
-14
-75
14
76
-14
-76
14
77
-14
-78
14
79
-14
-79
13
80
-13
-81
13
82
-13
-83
13
83
-13
-84
13
85
-12
-86
12
86
-12
-87
12
88
-12
-89
12
90
-11
-91
11
91
-11
-92
11
93
-11
-94
10
95
-10
-95
10
96
-10
-97
10
98
-9
-99
9
100
-9
-100
9
101
-8
-102
8
103
-8
-104
8
105
-7
-105
7
106
-7
-107
6
108
-6
-109
6
110
-6
-111
5
111
-5
-112
5
113
-4
-114
4
115
-4
-116
3
117
-3
-118
3
119
-2
-119
2
120
-2
-121
1
122
-1
-123
0
124
0
-125
0
126
1
-126
-1
127
2
-128
-2
129
2
-130
-3
131
3
-132
-4
133
4
-134
-5
134
5
-135
-6
136
6
-137
-7
138
7
-139
-8
140
8
-141
-8
142
9
-143
-10
144
10
-145
-11
145
11
-146
-12
147
12
-148
-13
149
13
-150
-14
151
14
-152
-15
153
15
-154
-16
155
17
-155
-17
156
18
-157
-18
158
19
-159
-20
160
20
-161
-21
162
21
-163
-22
164
23
-165
-24
166
24
-166
-25
167
25
-168
-26
169
27
-170
-28
171
28
-172
-29
173
30
-174
-31
175
31
-175
-32
176
33
-177
-33
178
34
-179
-35
180
36
-181
-36
182
37
-183
-38
184
39
-185
-39
185
40
-186
-41
187
42
-188
-43
189
44
-190
-44
191
45
-192
-46
193
47
-193
-48
194
49
-195
-50
196
50
-197
-52
198
52
-199
-53
200
54
-200
-55
201
56
-202
-57
203
58
-204
-59
205
60
-206
-61
206
62
-207
-63
208
64
-209
-64
210
66
-211
-66
212
68
-212
-68
213
69
-214
-71
215
71
-216
-73
217
74
-217
-75
218
76
-219
-77
220
78
-221
-79
221
80
-222
-81
223
82
-224
-83
225
84
-225
-85
226
86
-227
-88
228
89
-228
-90
229
91
-230
-92
231
93
-231
-95
232
96
-233
-97
234
98
-235
-99
235
100
-236
-102
237
103
-238
-104
238
105
-239
-106
240
108
-241
-109
241
110
-242
-111
242
112
-243
-114
244
115
-245
-116
245
117
-246
-119
247
120
-247
-121
248
123
-249
-124
249
125
-250
-127
250
128
-251
-129
252
131
-253
-132
253
133
-254
-134
254
136
-255
-137
256
139
-256
-140
257
142
-257
-143
258
144
-259
-146
259
147
-260
-148
260
150
-261
-151
262
153
-262
-154
262
155
-263
-157
264
158
-264
-160
265
161
-265
-163
265
164
-266
-165
267
167
-267
-169
268
170
-268
-172
268
173
-269
-174
270
176
-270
-177
270
179
-271
-181
271
182
-272
-184
272
185
-273
-187
273
188
-273
-190
274
191
-274
-193
275
194
-275
-196
275
197
-276
-199
276
201
-276
-202
277
204
-277
-205
277
207
-278
-209
278
210
-278
-212
279
213
-279
-215
279
217
-279
-218
280
220
-280
-221
280
223
-281
-225
281
226
-281
-228
281
230
-282
-232
282
233
-282
-235
282
237
-282
-238
283
240
-283
-242
283
243
-283
-245
283
246
-283
-248
284
250
-284
-252
284
254
-284
-255
284
257
-284
-259
284
260
-284
-262
284
264
-285
-266
284
267
-284
-269
284
271
-285
-272
285
274
-285
-276
285
278
-285
-279
285
281
-285
-283
284
285
-285
-287
285
288
-284
-290
284
292
-285
-294
284
295
-284
-297
284
299
-284
-301
284
302
-284
-304
284
306
-284
-308
283
310
-283
-312
283
313
-283
-315
283
317
-283
-319
283
320
-282
-322
282
324
-282
-326
282
328
-281
-329
281
331
-281
-333
281
335
-281
-337
280
339
-280
-340
280
342
-279
-344
279
346
-279
-347
278
350
-278
-352
278
353
-277
-355
277
357
-276
-359
276
360
-276
-362
275
364
-275
-366
274
368
-274
-370
274
371
-273
-373
273
375
-272
-377
272
379
-271
-381
271
382
-270
-385
270
386
-269
-388
269
390
-268
-392
268
394
-267
-395
266
398
-266
-399
265
401
-265
-403
264
405
-264
-406
263
408
-262
-410
262
412
-261
-414
260
415
-260
-418
259
419
-258
-421
258
423
-257
-425
256
426
-255
-428
255
430
-254
-432
253
434
-253
-435
252
438
-251
-439
250
441
-249
-443
249
445
-248
-447
247
448
-246
-450
245
452
-244
-454
244
456
-242
-457
242
459
-241
-461
240
463
-239
-465
238
466
-237
-468
236
470
-235
-471
234
473
-233
-475
232
477
-231
-479
230
481
-229
-482
228
484
-227
-486
226
488
-225
-489
224
491
-223
-493
222
494
-221
-496
219
498
-219
-500
218
501
-216
-503
215
505
-214
-507
213
508
-212
-510
211
512
-210
-513
208
515
-207
-517
206
519
-204
-520
203
522
-203
-524
201
526
-200
-527
198
529
-197
-530
196
532
-194
-534
193
536
-192
-537
190
538
-189
-540
188
542
-187
-544
185
545
-184
-547
183
548
-181
-550
180
552
-179
-554
177
555
-176
-556
174
558
-173
-560
171
561
-170
-563
168
564
-167
-566
165
567
-164
-569
162
571
-161
-572
160
574
-158
-575
157
576
-155
-578
153
580
-151
-581
150
583
-149
-585
147
586
-146
-587
144
588
-142
-590
140
592
-139
-593
138
595
-136
-596
135
598
-132
-599
131
600
-129
-601
128
603
-126
-604
124
606
-122
-607
121
609
-119
-610
117
611
-116
-613
114
614
-112
-615
110
617
-109
-618
107
620
-105
-621
103
622
-102
-624
100
625
-98
-626
96
627
-94
-628
92
630
-91
-631
89
632
-87
-634
85
635
-83
-636
81
638
-80
-639
77
639
-76
-641
73
642
-72
-643
70
644
-68
-646
66
647
-64
-648
62
649
-60
-651
58
651
-56
-652
54
653
-53
-655
50
656
-49
-657
46
658
-45
-659
42
660
-41
-662
38
662
-37
-663
34
664
-32
-665
30
666
-28
-667
26
668
-24
-670
22
671
-20
-671
18
672
-16
-673
13
674
-12
-675
9
676
-8
-677
5
678
-3
-679
1
679
1
-680
-3
681
5
-682
-8
683
9
-684
-12
685
14
-686
-16
686
19
-687
-21
688
23
-689
-25
689
28
-690
-29
691
32
-691
-34
692
36
-693
-38
694
41
-695
-43
695
45
-696
-47
696
50
-697
-52
698
54
-699
-56
699
59
-700
-61
700
63
-701
-65
701
68
-702
-70
703
72
-703
-74
703
77
-704
-79
705
82
-706
-83
706
86
-706
-88
707
91
-707
-93
708
96
-708
-97
708
100
-709
-102
710
105
-710
-107
710
110
-711
-112
711
114
-712
-116
711
118
-712
-121
712
123
-713
-126
713
128
-713
-131
714
133
-714
-135
714
137
-714
-140
715
142
-715
-145
715
147
-715
-150
716
152
-716
-155
716
157
-716
-159
717
162
-716
-164
717
166
-717
-168
716
171
-717
-173
717
176
-717
-178
717
180
-717
-183
718
185
-717
-188
718
190
-718
-193
717
195
-718
-197
717
200
-717
-202
718
205
-717
-207
717
210
-717
-212
717
214
-717
-217
717
219
-717
-222
717
224
-716
-226
716
229
-717
-231
716
234
-716
-236
715
239
-715
-242
716
244
-715
-246
715
249
-714
-251
714
254
-714
-256
714
258
-713
-261
713
263
-713
-265
712
268
-712
-270
711
272
-712
-275
711
278
-711
-280
710
283
-710
-285
709
287
-709
-290
708
292
-708
-294
707
297
-707
-299
706
301
-706
-305
705
307
-705
-309
704
312
-704
-314
703
316
-703
-318
702
321
-701
-323
701
325
-700
-329
700
331
-699
-333
699
335
-698
-338
697
340
-696
-342
695
344
-695
-347
694
350
-694
-352
693
354
-692
-357
691
359
-690
-361
690
363
-689
-366
688
369
-688
-371
686
373
-685
-375
685
378
-684
-380
683
382
-682
-384
681
387
-680
-390
680
392
-678
-394
677
396
-677
-398
676
400
-674
-403
674
406
-673
-408
671
410
-671
-412
670
414
-668
-416
667
419
-667
-422
665
424
-664
-426
663
428
-662
-430
661
432
-660
-434
658
436
-658
-440
656
442
-655
-444
654
446
-653
-448
652
450
-650
-452
649
454
-648
-457
647
459
-646
-461
644
463
-643
-465
642
467
-641
-469
639
471
-638
-473
636
476
-635
-478
634
480
-633
-482
631
484
-630
-486
628
488
-626
-490
626
492
-624
-494
623
497
-621
-499
620
501
-618
-503
617
505
-616
-507
614
509
-613
-511
611
513
-609
-515
608
517
-606
-520
605
522
-603
-523
602
525
-601
-527
599
529
-597
-531
596
533
-594
-535
592
537
-591
-538
589
540
-587
-542
586
544
-584
-546
582
548
-581
-550
580
552
-578
-554
576
556
-574
-558
573
560
-571
-561
569
563
-567
-565
566
567
-564
-568
562
570
-560
-572
558
574
-557
-575
555
577
-553
-579
551
581
-549
-582
548
584
-546
-586
544
588
-542
-589
540
591
-538
-593
536
594
-535
-596
533
598
-531
-599
529
601
-527
-603
525
604
-523
-606
521
608
-519
-609
518
611
-516
-612
514
613
-512
-615
509
616
-507
-618
505
619
-503
-621
501
623
-499
-624
497
626
-495
-627
493
629
-491
-630
489
632
-487
-633
485
634
-483
-636
481
637
-479
-639
477
640
-474
-642
472
643
-470
-645
468
645
-466
-647
464
648
-462
-649
460
651
-458
-652
456
654
-454
-654
452
656
-449
-657
447
658
-444
-660
442
661
-440
-662
438
663
-436
-664
434
666
-432
-667
430
669
-427
-669
425
670
-422
-672
420
673
-418
-673
416
675
-414
-676
412
677
-410
-678
406
679
-404
-680
402
681
-400
-683
398
683
-396
-684
393
685
-391
-687
389
687
-387
-688
384
689
-381
-691
379
691
-377
-692
375
693
-373
-693
370
694
-368
-696
366
696
-363
-697
361
698
-358
-699
356
699
-354
-701
352
702
-349
-702
347
703
-345
-704
342
704
-339
-705
337
706
-335
-706
332
707
-330
-708
328
709
-326
-710
323
710
-320
-711
318
712
-315
-712
313
713
-311
-713
309
714
-306
-715
304
715
-302
-716
299
716
-297
-717
294
717
-291
-718
289
718
-287
-718
284
719
-282
-719
280
720
-277
-720
275
721
-273
-721
270
722
-268
-722
265
722
-262
-723
260
723
-257
-724
255
724
-253
-725
250
725
-248
-725
246
725
-243
-726
241
726
-238
-726
236
726
-234
-726
231
727
-229
-727
226
727
-224
-727
221
728
-218
-727
216
728
-213
-728
211
729
-209
-728
206
728
-204
-729
201
728
-199
-729
197
729
-194
-729
192
729
-189
-729
187
729
-184
-729
182
729
-180
-729
177
729
-175
-729
172
729
-170
-729
167
729
-165
-728
162
729
-160
-729
157
728
-155
-729
153
728
-151
-728
149
728
-146
-728
144
727
-141
-728
139
727
-136
-727
134
727
-131
-726
129
726
-126
-726
124
726
-121
-725
119
726
-117
-725
115
724
-113
-724
110
724
-108
-723
105
723
-103
-723
100
723
-98
-722
96
721
-94
-722
91
721
-89
-720
86
720
-84
-720
81
719
-80
-718
77
719
-75
-718
72
717
-70
-716
67
716
-66
-716
63
715
-61
-714
58
714
-56
-714
54
713
-52
-712
49
711
-47
-711
45
711
-43
-710
40
709
-38
-708
35
708
-34
-707
31
706
-29
-705
26
705
-24
-705
22
704
-19
-703
18
702
-15
-701
13
701
-11
-700
9
699
-6
-698
4
697
-2
-697
0
696
3
-695
-4
694
7
-693
-9
692
11
-692
-13
691
16
-690
-17
689
20
-688
-21
687
24
-686
-26
685
28
-684
-30
683
32
-682
-34
681
37
-680
-38
680
41
-678
-42
677
45
-676
-47
675
49
-674
-51
673
53
-672
-55
671
57
-670
-59
669
61
-668
-63
666
65
-665
-67
665
69
-664
-71
662
73
-661
-75
660
77
-658
-79
657
81
-656
-83
656
85
-654
-87
653
89
-652
-90
650
93
-649
-94
647
97
-647
-98
646
100
-644
-102
643
104
-642
-106
640
108
-639
-109
638
112
-637
-113
635
115
-634
-117
633
119
-631
-120
630
123
-628
-124
627
125
-626
-128
625
129
-623
-131
622
133
-620
-135
619
136
-617
-138
616
140
-615
-142
613
143
-612
-144
610
147
-609
-148
607
150
-606
-151
605
153
-603
-155
602
157
-600
-158
598
159
-597
-161
596
163
-594
-165
593
166
-591
-167
589
169
-588
-170
587
172
-585
-174
583
176
-582
-177
580
178
-579
-180
577
181
-576
-183
574
184
-572
-186
570
187
-569
-189
568
191
-566
-192
564
193
-562
-195
561
196
-560
-197
558
199
-556
-200
554
201
-553
-203
552
204
-550
-206
548
207
-546
-208
545
210
-543
-211
541
212
-539
-214
538
215
-536
-216
534
217
-532
-219
531
220
-530
-221
528
222
-526
-223
524
225
-523
-226
521
227
-519
-228
518
230
-516
-231
514
231
-512
-233
511
234
-508
-235
506
236
-505
-238
503
238
-501
-239
500
241
-498
-242
496
243
-494
-244
493
245
-491
-246
489
247
-487
-248
485
249
-484
-250
482
251
-480
-252
478
253
-476
-254
474
255
-473
-256
471
256
-469
-258
467
259
-465
-259
464
260
-462
-261
460
262
-458
-263
456
264
-455
-264
452
265
-451
-266
449
267
-447
-268
445
269
-443
-269
442
270
-439
-271
438
271
-436
-273
434
273
-432
-274
431
275
-428
-275
427
276
-425
-277
423
277
-421
-278
419
279
-417
-280
416
280
-414
-281
412
281
-410
-282
408
282
-406
-283
404
284
-403
-284
400
285
-399
-285
397
286
-395
-286
393
287
-391
-287
389
288
-388
-288
385
289
-384
-289
382
290
-380
-290
378
291
-376
-291
374
291
-373
-292
371
292
-369
-293
367
293
-365
-294
363
294
-361
-294
360
295
-358
-295
356
296
-354
-296
352
296
-350
-297
348
297
-346
-297
345
297
-343
-298
341
298
-339
-298
337
299
-335
-299
334
299
-332
-299
330
300
-328
-299
326
300
-324
-300
323
300
-321
-301
319
301
-317
-301
315
301
-313
-301
311
301
-310
-301
308
301
-306
-301
304
302
-302
-302
301
302
-299
-302
297
302
-295
-302
294
302
-292
-302
290
302
-288
-302
286
302
-284
-302
283
302
-281
-302
279
302
-277
-302
275
302
-274
-302
272
302
-270
-302
269
302
-267
-301
265
302
-263
-301
261
301
-259
-301
258
301
-256
-301
255
301
-253
-300
251
301
-249
-301
248
300
-246
-300
244
300
-242
-300
241
299
-239
-299
237
299
-235
-299
234
299
-232
-298
230
298
-229
-298
227
298
-225
-297
224
297
-222
-297
220
296
-219
-296
217
296
-215
-295
214
295
-212
-295
211
295
-209
-294
207
294
-206
-293
204
293
-202
-293
201
292
-199
-292
198
292
-196
-291
194
291
-193
-290
191
290
-190
-290
188
289
-187
-289
185
288
-184
-288
182
287
-180
-287
179
287
-177
-286
176
285
-174
-285
173
285
-171
-284
169
283
-168
-283
167
282
-165
-282
164
281
-162
-281
160
280
-159
-280
158
279
-156
-279
155
278
-153
-277
152
277
-150
-277
149
276
-148
-275
146
275
-145
-274
143
273
-142
-273
140
272
-139
-272
138
271
-136
-270
135
270
-133
-269
132
268
-131
-268
129
267
-128
-266
127
266
-125
-265
124
264
-123
-264
121
263
-120
-262
119
261
-117
-261
116
260
-115
-259
113
259
-112
-258
111
257
-110
-256
108
256
-107
-255
106
254
-105
-253
104
253
-102
-252
101
251
-100
-251
98
250
-97
-249
96
248
-95
-248
94
246
-92
-246
91
245
-90
-244
89
243
-88
-243
87
242
-85
-241
84
240
-83
-239
82
239
-81
-238
80
237
-79
-236
78
235
-77
-234
76
234
-74
-233
73
232
-72
-231
71
230
-70
-229
69
228
-68
-228
67
227
-66
-226
65
225
-64
-224
63
223
-62
-222
61
222
-60
-221
59
220
-58
-219
57
218
-56
-217
55
216
-54
-215
53
214
-52
-213
51
213
-50
-212
50
211
-49
-210
48
209
-47
-208
46
207
-45
-206
44
205
-43
-204
42
203
-42
-203
41
201
-40
-201
39
200
-38
-199
38
198
-37
-197
36
196
-35
-195
34
194
-33
-193
33
192
-32
-191
31
190
-30
-189
30
189
-29
-188
28
187
-27
-186
27
185
-26
-184
25
183
-24
-182
24
181
-23
-180
22
179
-22
-178
21
177
-20
-176
20
175
-19
-174
18
173
-18
-172
17
171
-16
-170
16
170
-15
-169
15
168
-14
-167
13
166
-13
-165
12
164
-11
-163
11
162
-10
-161
10
160
-9
-159
9
158
-8
-157
8
156
-7
-155
7
154
-6
-153
6
153
-5
-152
5
151
-4
-150
4
149
-3
-148
3
147
-2
-146
2
145
-1
-144
1
143
0
-142
0
141
1
-140
-1
139
2
-138
-2
137
2
-136
-3
136
3
-135
-4
134
4
-133
-4
132
5
-131
-5
130
6
-129
-6
128
6
-127
-7
126
7
-125
-7
125
8
-123
-8
123
8
-122
-9
121
9
-120
-9
119
10
-118
-10
117
10
-116
-10
115
11
-114
-11
114
11
-113
-12
112
12
-111
-12
110
12
-109
-13
108
13
-107
-13
107
13
-106
-14
105
14
-104
-14
103
14
-102
-14
101
15
-101
-15
100
15
-99
-15
98
15
-97
-16
96
16
-95
-16
95
16
-94
-16
93
16
-92
-16
91
17
-91
-17
90
17
-89
-17
88
17
-87
-17
86
17
-86
-18
85
18
-84
-18
83
18
-82
-18
82
18
-81
-18
80
18
-79
-18
78
18
-78
-18
77
19
-76
-19
75
19
-75
-19
74
19
-73
-19
72
19
-72
-19
71
19
-70
-19
69
19
-69
-19
68
19
-67
-19
66
19
-66
-19
65
19
-64
-19
64
19
-63
-19
62
19
-62
-19
61
19
-60
-19
59
19
-59
-19
58
19
-57
-19
57
19
-56
-19
55
19
-55
-19
54
19
-53
-19
53
19
-52
-19
51
19
-51
-19
50
19
-50
-19
49
18
-48
-18
48
18
-47
-18
46
18
-46
-18
45
18
-45
-18
44
18
-43
-18
43
18
-42
-18
42
18
-41
-17
41
17
-40
-17
39
17
-39
-17
38
17
-38
-17
37
17
-37
-17
36
17
-36
-16
35
16
-35
-16
34
16
-33
-16
33
16
-32
-16
32
16
-31
-15
31
15
-30
-15
30
15
-30
-15
29
15
-29
-15
28
15
-28
-14
27
14
-27
-14
26
14
-26
-14
25
14
-25
-14
24
13
-24
-13
24
13
-23
-13
23
13
-22
-13
22
13
-21
-12
21
12
-21
-12
20
12
-20
-12
20
12
-19
-12
19
11
-18
-11
18
11
-18
-11
17
11
-17
-11
17
10
-16
-10
16
10
-15
-10
15
10
-15
-10
14
10
-14
-9
14
9
-14
-9
13
9
-13
-9
13
9
-12
-9
12
8
-12
-8
11
8
-11
-8
11
8
-11
-8
10
7
-10
-7
10
7
-9
-7
9
7
-9
-7
9
7
-8
-6
8
6
-8
-6
8
6
-8
-6
7
6
-7
-6
7
5
-7
-5
6
5
-6
-5
6
5
-6
-5
6
5
-5
-4
5
4
-5
-4
5
4
-5
-4
5
4
-4
-4
4
4
-4
-3
4
3
-4
-3
4
3
-3
-3
3
3
-3
-3
3
3
-3
-3
3
2
-3
-2
2
2
-2
-2
2
2
-2
-2
2
2
-2
-2
2
2
-2
-2
2
2
-1
-1
1
1
-1
-1
1
1
-1
-1
1
1
-1
-1
1
1
-1
-1
1
1
-1
-1
1
1
-1
-1
1
1
0
-1
0
0
0
0
0
0
0
0
0
0
0
0
0
0
0
0
0
0
0
0
0
0
0
0
0
0
0
0
0
0
0
0
0
0
0
0
0
0
0
0
0
0
0
0
0
0
0
0
0
0
0
0
0
0
0
0
0
0
0
0
0
0
0
0
0
0
0
0
0
0
0
0
0
0
0
0
0
1
1
0
-1
-1
0
0
0
0
0
1
1
0
-1
-1
0
1
0
0
0
1
2
0
-1
-2
-1
0
0
-1
0
2
2
1
-1
-2
0
1
0
-1
0
2
3
1
-2
-3
-1
0
0
-1
0
3
4
1
-2
-3
-1
2
1
-1
0
3
5
1
-4
-5
-2
1
0
-2
-1
4
6
2
-4
-5
-1
2
1
-1
0
5
7
2
-5
-7
-3
1
0
-3
-1
5
8
3
-5
-7
-2
3
2
-2
0
6
9
2
-7
-10
-4
1
0
-4
-1
7
11
4
-7
-9
-2
4
2
-3
0
8
12
3
-10
-13
-5
2
-1
-5
-2
9
14
5
-8
-11
-3
5
3
-3
0
11
15
4
-12
-16
-7
2
-1
-7
-2
11
17
6
-10
-14
-3
6
3
-4
0
13
18
5
-15
-20
-8
2
-1
-8
-3
14
21
8
-13
-17
-4
8
4
-5
-1
16
22
6
-18
-24
-10
3
-1
-10
-3
16
25
9
-15
-21
-5
9
5
-6
-1
19
26
7
-21
-29
-12
3
-1
-11
-4
19
30
11
-18
-24
-5
11
6
-7
-1
22
31
8
-25
-33
-14
4
-1
-13
-5
23
35
13
-21
-28
-6
13
6
-8
-1
26
36
9
-29
-39
-16
4
-1
-15
-5
26
40
15
-24
-32
-7
15
7
-9
-1
29
41
11
-33
-44
-18
5
-2
-18
-6
30
46
17
-27
-37
-8
17
8
-11
-1
33
47
12
-37
-50
-21
6
-2
-20
-7
34
52
19
-31
-42
-9
19
9
-12
-1
37
52
14
-42
-56
-23
6
-2
-22
-8
38
58
21
-34
-47
-10
21
11
-14
-2
42
59
15
-47
-63
-26
7
-2
-25
-8
42
65
23
-38
-52
-12
24
12
-15
-2
47
65
17
-52
-70
-29
8
-3
-28
-9
47
72
26
-42
-58
-13
26
13
-17
-2
51
72
19
-58
-77
-32
9
-3
-31
-10
51
79
29
-47
-63
-14
29
14
-18
-2
57
79
21
-63
-85
-35
10
-3
-34
-11
56
86
31
-51
-70
-15
31
16
-20
-2
62
87
22
-69
-93
-38
11
-3
-37
-12
62
94
34
-56
-76
-17
34
17
-22
-2
67
94
24
-75
-101
-42
12
-4
-40
-13
67
103
37
-60
-82
-18
37
19
-24
-3
73
102
27
-82
-109
-45
13
-4
-43
-15
72
111
40
-65
-89
-20
40
20
-26
-3
79
110
29
-88
-118
-49
14
-4
-47
-16
78
120
43
-71
-96
-21
43
22
-28
-3
85
119
31
-95
-127
-53
15
-5
-50
-17
84
129
47
-76
-103
-23
46
23
-30
-3
92
128
33
-102
-137
-57
16
-5
-54
-18
90
138
50
-81
-111
-25
50
25
-32
-4
98
137
36
-109
-146
-60
17
-5
-58
-19
97
148
54
-87
-118
-26
53
27
-34
-4
105
146
38
-117
-156
-65
18
-6
-61
-21
103
158
57
-93
-126
-28
57
28
-36
-4
112
156
40
-124
-166
-69
19
-6
-65
-22
110
168
61
-99
-134
-30
60
30
-38
-4
119
165
43
-132
-176
-73
20
-7
-69
-23
116
178
65
-105
-142
-32
64
32
-41
-5
126
175
45
-140
-187
-77
21
-7
-73
-25
123
188
68
-111
-151
-34
68
34
-43
-5
133
186
48
-148
-198
-82
23
-7
-78
-26
130
199
72
-117
-159
-35
72
36
-46
-5
140
196
51
-156
-209
-86
24
-8
-82
-28
137
210
76
-124
-168
-37
75
38
-48
-5
148
206
54
-165
-220
-91
25
-8
-86
-29
145
221
80
-130
-177
-39
79
40
-51
-6
156
217
56
-173
-231
-96
26
-9
-91
-31
152
233
84
-137
-186
-41
83
42
-53
-6
164
228
59
-182
-243
-100
28
-9
-95
-32
160
244
88
-143
-195
-43
87
44
-56
-6
171
239
62
-191
-255
-105
29
-10
-100
-34
167
256
93
-150
-204
-45
92
46
-58
-7
180
250
65
-200
-266
-110
30
-10
-104
-35
175
267
97
-157
-214
-47
96
48
-61
-7
188
262
68
-209
-278
-115
32
-10
-109
-37
183
279
101
-164
-223
-50
100
50
-64
-7
196
273
71
-218
-291
-120
33
-11
-114
-38
191
291
106
-171
-233
-52
104
52
-66
-8
204
285
74
-227
-303
-125
35
-11
-119
-40
198
303
110
-178
-242
-54
109
54
-69
-8
213
296
77
-236
-315
-130
36
-12
-123
-42
206
316
114
-185
-252
-56
113
57
-72
-8
221
308
80
-245
-328
-135
37
-12
-128
-43
215
328
119
-193
-262
-58
117
59
-75
-8
230
320
83
-255
-340
-141
39
-13
-133
-45
223
340
123
-200
-272
-60
122
61
-77
-9
238
332
86
-264
-353
-146
40
-13
-138
-47
231
353
128
-207
-282
-63
126
63
-80
-9
247
344
89
-274
-365
-151
42
-14
-143
-48
239
365
132
-215
-292
-65
131
65
-83
-9
255
356
92
-283
-378
-156
43
-14
-148
-50
247
378
137
-222
-302
-67
135
68
-86
-10
264
368
95
-293
-391
-162
45
-15
-153
-52
256
391
142
-229
-312
-69
140
70
-89
-10
273
380
98
-303
-404
-167
46
-15
-158
-53
264
403
146
-237
-322
-71
144
72
-92
-10
281
392
102
-312
-417
-172
48
-16
-163
-55
272
416
151
-244
-332
-74
149
74
-94
-11
290
404
105
-322
-429
-177
49
-16
-168
-57
280
429
155
-251
-342
-76
153
77
-97
-11
299
416
108
-331
-442
-183
51
-17
-173
-58
289
441
160
-259
-352
-78
157
79
-100
-11
307
428
111
-341
-455
-188
52
-17
-178
-60
297
454
164
-266
-362
-80
162
81
-103
-12
316
441
114
-350
-468
-193
53
-17
-183
-62
305
466
169
-274
-372
-83
166
83
-106
-12
325
453
117
-360
-480
-198
55
-18
-188
-63
313
479
173
-281
-382
-85
171
86
-108
-12
333
464
120
-369
-493
-204
56
-18
-192
-65
322
491
178
-288
-391
-87
175
88
-111
-13
342
476
123
-379
-505
-209
58
-19
-197
-66
330
504
182
-295
-401
-89
180
90
-114
-13
350
488
126
-388
-518
-214
59
-19
-202
-68
338
516
187
-303
-411
-91
184
92
-117
-13
359
500
129
-398
-530
-219
61
-20
-207
-70
346
528
191
-310
-421
-93
188
94
-120
-14
367
511
132
-407
-543
-224
62
-20
-212
-71
354
540
196
-317
-430
-95
192
96
-122
-14
375
523
135
-416
-555
-229
63
-21
-216
-73
361
552
200
-324
-440
-98
197
98
-125
-14
384
534
138
-425
-567
-234
65
-21
-221
-74
369
564
204
-331
-449
-100
201
101
-128
-14
392
546
141
-434
-579
-239
66
-22
-226
-76
377
576
208
-337
-458
-102
205
103
-130
-15
400
557
144
-443
-590
-244
67
-22
-230
-78
384
587
213
-344
-467
-104
209
105
-133
-15
408
568
147
-451
-602
-248
69
-22
-235
-79
392
599
217
-351
-476
-106
213
107
-135
-15
415
578
150
-460
-613
-253
70
-23
-239
-81
399
610
221
-357
-485
-108
217
109
-138
-16
423
589
152
-468
-624
-258
71
-23
-243
-82
406
621
225
-364
-494
-110
221
111
-140
-16
430
600
155
-477
-635
-262
72
-24
-248
-83
414
632
229
-370
-502
-112
225
112
-143
-16
438
610
158
-485
-646
-267
74
-24
-252
-85
420
642
232
-376
-511
-113
228
114
-145
-16
445
620
160
-493
-657
-271
75
-24
-256
-86
427
652
236
-382
-519
-115
232
116
-147
-17
452
630
163
-500
-667
-275
76
-25
-260
-88
434
663
240
-388
-527
-117
236
118
-150
-17
459
639
165
-508
-677
-280
77
-25
-264
-89
440
673
243
-394
-535
-119
239
120
-152
-17
466
649
168
-515
-687
-284
78
-26
-268
-90
447
682
247
-400
-543
-120
243
121
-154
-17
472
658
170
-523
-697
-288
79
-26
-271
-91
453
692
250
-405
-550
-122
246
123
-156
-18
479
667
172
-530
-706
-291
81
-26
-275
-93
459
701
254
-410
-557
-124
249
125
-158
-18
485
675
175
-536
-715
-295
82
-27
-279
-94
465
710
257
-416
-564
-125
252
126
-160
-18
491
684
177
-543
-724
-299
83
-27
-282
-95
470
718
260
-421
-571
-127
255
128
-162
-18
497
692
179
-549
-732
-302
84
-27
-285
-96
476
727
263
-425
-578
-128
258
129
-164
-19
502
700
181
-556
-741
-306
84
-28
-288
-97
481
735
266
-430
-584
-130
261
131
-166
-19
508
707
183
-562
-749
-309
85
-28
-291
-98
486
742
269
-435
-590
-131
264
132
-167
-19
513
714
185
-567
-756
-312
86
-28
-294
-99
491
750
271
-439
-596
-132
266
133
-169
-19
518
721
187
-573
-763
-315
87
-28
-297
-100
496
757
274
-443
-601
-133
269
134
-170
-19
523
728
188
-578
-770
-318
88
-29
-300
-101
500
764
276
-447
-607
-135
271
136
-172
-20
527
734
190
-583
-777
-321
89
-29
-302
-102
504
770
279
-451
-612
-136
273
137
-173
-20
532
740
191
-588
-783
-323
89
-29
-305
-103
508
776
281
-454
-617
-137
276
138
-175
-20
536
746
193
-592
-789
-326
90
-29
-307
-103
512
782
283
-458
-621
-138
278
139
-176
-20
540
751
194
-596
-795
-328
91
-30
-309
-104
516
787
285
-461
-625
-139
279
140
-177
-20
543
756
196
-600
-800
-330
91
-30
-311
-105
519
792
287
-464
-629
-140
281
141
-178
-20
547
761
197
-604
-805
-332
92
-30
-313
-105
522
797
288
-466
-633
-140
283
141
-179
-20
550
765
198
-607
-809
-334
92
-30
-315
-106
525
801
290
-469
-636
-141
284
142
-180
-20
553
769
199
-611
-814
-336
93
-30
-316
-106
528
805
291
-471
-640
-142
286
143
-181
-21
555
773
200
-613
-817
-337
93
-30
-318
-107
530
809
293
-473
-642
-142
287
143
-182
-21
558
776
201
-616
-821
-339
94
-31
-319
-107
532
812
294
-475
-645
-143
288
144
-183
-21
560
779
201
-618
-824
-340
94
-31
-320
-108
534
815
295
-477
-647
-143
289
145
-183
-21
561
781
202
-620
-826
-341
94
-31
-321
-108
536
817
296
-478
-649
-144
290
145
-184
-21
563
784
203
-622
-829
-342
94
-31
-322
-108
537
819
296
-479
-651
-144
291
145
-184
-21
564
785
203
-623
-830
-343
95
-31
-323
-109
538
821
297
-480
-652
-145
291
146
-184
-21
565
787
203
-624
-832
-343
95
-31
-323
-109
539
822
297
-481
-653
-145
292
146
-185
-21
566
788
204
-625
-833
-344
95
-31
-324
-109
540
823
298
-482
-654
-145
292
146
-185
-21
567
789
204
-626
-834
-344
95
-31
-324
-109
540
824
298
-482
-654
-145
292
146
-185
-21
567
789
204
-626
-834
-344
95
-31
-324
-109
540
824
298
-482
-654
-145
292
146
-185
-21
567
789
204
-626
-834
-344
95
-31
-324
-109
540
824
298
-482
-654
-145
292
146
-185
-21
567
788
204
-626
-833
-344
95
-31
-324
-109
539
823
298
-481
-653
-145
292
146
-185
-21
566
788
204
-625
-832
-343
95
-31
-323
-109
539
822
297
-481
-652
-145
291
146
-184
-21
565
787
203
-624
-831
-343
95
-31
-323
-109
538
821
297
-480
-651
-144
291
145
-184
-21
564
785
203
-623
-829
-342
94
-31
-322
-108
537
819
296
-479
-650
-144
290
145
-184
-21
563
783
202
-621
-827
-341
94
-31
-321
-108
535
817
295
-478
-648
-144
289
145
-183
-21
561
781
202
-619
-825
-340
94
-31
-320
-108
534
814
294
-476
-646
-143
288
144
-183
-21
559
778
201
-617
-822
-339
94
-31
-319
-107
532
811
293
-474
-644
-143
287
144
-182
-21
557
775
200
-615
-819
-338
93
-30
-318
-107
530
808
292
-472
-641
-142
286
143
-181
-21
555
772
200
-612
-815
-336
93
-30
-316
-106
527
804
291
-470
-638
-141
285
142
-180
-20
552
768
199
-609
-811
-335
92
-30
-315
-106
525
800
289
-468
-635
-141
283
142
-179
-20
549
764
198
-606
-807
-333
92
-30
-313
-105
522
796
288
-465
-631
-140
282
141
-178
-20
546
760
196
-602
-802
-331
91
-30
-311
-105
519
791
286
-462
-627
-139
280
140
-177
-20
543
755
195
-599
-797
-329
91
-30
-309
-104
515
786
284
-459
-623
-138
278
139
-176
-20
539
750
194
-595
-792
-326
90
-29
-307
-103
512
780
282
-456
-619
-137
276
138
-175
-20
535
744
192
-590
-786
-324
89
-29
-305
-103
508
775
280
-453
-614
-136
274
137
-173
-20
531
739
191
-586
-780
-322
89
-29
-303
-102
504
768
278
-449
-609
-135
272
136
-172
-20
527
733
189
-581
-773
-319
88
-29
-300
-101
500
762
275
-445
-604
-134
269
135
-171
-19
522
726
188
-576
-767
-316
87
-28
-297
-100
495
755
273
-441
-598
-133
267
133
-169
-19
517
720
186
-570
-760
-313
86
-28
-294
-99
490
748
270
-437
-593
-131
264
132
-167
-19
512
713
184
-565
-752
-310
86
-28
-292
-98
485
740
268
-433
-587
-130
262
131
-166
-19
507
705
182
-559
-744
-307
85
-28
-289
-97
480
733
265
-428
-581
-129
259
129
-164
-19
502
698
180
-553
-736
-303
84
-27
-285
-96
475
725
262
-423
-574
-127
256
128
-162
-18
496
690
178
-547
-728
-300
83
-27
-282
-95
470
716
259
-418
-567
-126
253
126
-160
-18
490
682
176
-540
-719
-296
82
-27
-279
-94
464
707
256
-413
-560
-124
250
125
-158
-18
484
673
174
-533
-710
-293
81
-26
-275
-93
458
699
252
-408
-553
-123
247
123
-156
-18
478
664
172
-526
-701
-289
80
-26
-272
-91
452
689
249
-403
-546
-121
243
122
-154
-17
471
656
169
-519
-691
-285
79
-26
-268
-90
446
680
246
-397
-538
-119
240
120
-152
-17
465
646
167
-512
-682
-281
78
-25
-264
-89
439
670
242
-391
-531
-118
237
118
-150
-17
458
637
165
-505
-672
-277
76
-25
-260
-87
433
660
239
-386
-523
-116
233
116
-147
-17
451
627
162
-497
-661
-273
75
-25
-256
-86
426
650
235
-380
-515
-114
229
115
-145
-16
444
617
159
-489
-651
-268
74
-24
-252
-85
419
639
231
-373
-506
-112
226
113
-143
-16
437
607
157
-481
-640
-264
73
-24
-248
-83
412
629
227
-367
-498
-110
222
111
-140
-16
429
597
154
-473
-629
-259
72
-23
-244
-82
405
618
223
-361
-489
-108
218
109
-138
-16
422
586
151
-464
-618
-255
70
-23
-239
-80
398
607
219
-354
-480
-106
214
107
-135
-15
414
576
149
-456
-607
-250
69
-22
-235
-79
391
596
215
-348
-471
-104
210
105
-133
-15
406
565
146
-447
-595
-245
68
-22
-230
-77
383
584
211
-341
-462
-102
206
103
-130
-15
398
554
143
-439
-584
-241
66
-22
-226
-76
376
573
207
-334
-453
-100
202
101
-128
-14
390
543
140
-430
-572
-236
65
-21
-221
-74
368
561
203
-327
-444
-98
198
99
-125
-14
382
532
137
-421
-560
-231
64
-21
-217
-73
360
549
198
-321
-434
-96
194
97
-122
-14
374
520
134
-412
-548
-226
62
-20
-212
-71
352
537
194
-314
-425
-94
189
95
-120
-14
366
509
131
-403
-536
-221
61
-20
-207
-70
345
525
190
-306
-415
-92
185
92
-117
-13
358
497
128
-393
-523
-216
59
-19
-202
-68
337
513
185
-299
-406
-90
181
90
-114
-13
349
485
125
-384
-511
-211
58
-19
-198
-66
328
501
181
-292
-396
-88
176
88
-111
-13
341
473
122
-375
-499
-205
57
-18
-193
-65
320
488
176
-285
-386
-85
172
86
-109
-12
332
462
119
-365
-486
-200
55
-18
-188
-63
312
476
172
-278
-376
-83
167
84
-106
-12
323
450
116
-356
-473
-195
54
-18
-183
-61
304
463
167
-270
-366
-81
163
81
-103
-12
315
438
113
-346
-461
-190
52
-17
-178
-60
296
451
163
-263
-356
-79
159
79
-100
-11
306
425
110
-337
-448
-184
51
-17
-173
-58
287
438
158
-256
-346
-77
154
77
-97
-11
298
413
107
-327
-435
-179
49
-16
-168
-56
279
425
154
-248
-336
-74
150
75
-95
-11
289
401
104
-317
-422
-174
48
-16
-163
-55
271
413
149
-241
-326
-72
145
72
-92
-10
280
389
100
-308
-409
-169
46
-15
-158
-53
263
400
144
-233
-316
-70
141
70
-89
-10
271
377
97
-298
-397
-163
45
-15
-153
-51
254
388
140
-226
-306
-68
136
68
-86
-10
263
365
94
-289
-384
-158
44
-14
-148
-50
246
375
135
-219
-296
-66
132
66
-83
-9
254
353
91
-279
-371
-153
42
-14
-143
-48
238
362
131
-211
-286
-63
127
64
-80
-9
245
341
88
-270
-358
-148
41
-13
-138
-46
230
350
126
-204
-276
-61
123
61
-78
-9
237
329
85
-260
-346
-142
39
-13
-133
-45
221
337
122
-197
-266
-59
118
59
-75
-8
228
317
82
-251
-333
-137
38
-12
-129
-43
213
325
117
-189
-256
-57
114
57
-72
-8
220
305
79
-241
-321
-132
36
-12
-124
-42
205
313
113
-182
-247
-55
110
55
-69
-8
211
293
76
-232
-308
-127
35
-11
-119
-40
197
300
108
-175
-237
-52
105
53
-66
-8
203
282
73
-223
-296
-122
34
-11
-114
-38
189
288
104
-168
-227
-50
101
50
-64
-7
195
270
70
-214
-284
-117
32
-10
-109
-37
181
276
100
-161
-218
-48
97
48
-61
-7
186
259
67
-204
-272
-112
31
-10
-105
-35
174
264
95
-154
-208
-46
93
46
-58
-7
178
248
64
-196
-260
-107
29
-10
-100
-34
166
253
91
-147
-199
-44
89
44
-56
-6
170
236
61
-187
-248
-102
28
-9
-95
-32
158
241
87
-140
-190
-42
84
42
-53
-6
162
225
58
-178
-236
-97
27
-9
-91
-31
151
230
83
-134
-181
-40
80
40
-51
-6
155
215
55
-169
-225
-93
26
-8
-87
-29
144
218
79
-127
-172
-38
76
38
-48
-5
147
204
53
-161
-214
-88
24
-8
-82
-28
136
207
75
-121
-163
-36
73
36
-46
-5
139
193
50
-153
-203
-83
23
-7
-78
-26
129
196
71
-114
-155
-34
69
34
-43
-5
132
183
47
-144
-192
-79
22
-7
-74
-25
122
186
67
-108
-146
-32
65
32
-41
-5
125
173
45
-136
-181
-75
21
-7
-70
-23
115
175
63
-102
-138
-30
61
31
-39
-4
117
163
42
-129
-171
-70
19
-6
-66
-22
109
165
60
-96
-130
-29
58
29
-36
-4
110
153
40
-121
-161
-66
18
-6
-62
-21
102
155
56
-90
-122
-27
54
27
-34
-4
104
144
37
-113
-151
-62
17
-6
-58
-19
96
145
52
-84
-114
-25
51
25
-32
-4
97
135
35
-106
-141
-58
16
-5
-54
-18
89
136
49
-79
-107
-24
47
24
-30
-3
91
126
32
-99
-131
-54
15
-5
-50
-17
83
127
46
-74
-99
-22
44
22
-28
-3
84
117
30
-92
-122
-50
14
-4
-47
-16
77
118
42
-68
-92
-20
41
20
-26
-3
78
108
28
-85
-113
-47
13
-4
-43
-15
72
109
39
-63
-85
-19
38
19
-24
-3
72
100
26
-79
-105
-43
12
-4
-40
-13
66
100
36
-58
-79
-17
35
17
-22
-2
67
92
24
-73
-96
-40
11
-4
-37
-12
61
92
33
-54
-72
-16
32
16
-20
-2
61
85
22
-67
-88
-36
10
-3
-34
-11
56
85
30
-49
-66
-15
29
15
-18
-2
56
77
20
-61
-81
-33
9
-3
-31
-10
51
77
28
-45
-60
-13
27
13
-17
-2
51
70
18
-55
-73
-30
8
-3
-28
-9
46
70
25
-40
-55
-12
24
12
-15
-2
46
64
16
-50
-66
-27
7
-2
-25
-8
41
63
23
-36
-49
-11
22
11
-14
-2
41
57
15
-45
-59
-24
7
-2
-23
-8
37
56
20
-33
-44
-10
19
10
-12
-1
37
51
13
-40
-53
-22
6
-2
-20
-7
33
50
18
-29
-39
-9
17
9
-11
-1
33
45
12
-35
-47
-19
5
-2
-18
-6
29
44
16
-26
-34
-8
15
8
-10
-1
29
40
10
-31
-41
-17
5
-1
-16
-5
26
39
14
-22
-30
-7
13
7
-8
-1
25
35
9
-27
-36
-15
4
-1
-14
-5
22
34
12
-19
-26
-6
11
6
-7
-1
22
30
8
-23
-31
-13
3
-1
-12
-4
19
29
10
-17
-22
-5
10
5
-6
-1
18
25
7
-20
-26
-11
3
-1
-10
-3
16
24
9
-14
-19
-4
8
4
-5
-1
15
21
5
-17
-22
-9
2
-1
-8
-3
13
20
7
-12
-16
-3
7
3
-4
0
13
18
4
-14
-18
-7
2
-1
-7
-2
11
16
6
-9
-13
-3
6
3
-3
0
10
14
4
-11
-14
-6
2
-1
-5
-2
9
13
5
-8
-10
-2
4
2
-3
0
8
11
3
-9
-11
-5
1
0
-4
-1
7
10
4
-6
-8
-2
3
2
-2
0
6
8
2
-6
-9
-3
1
0
-3
-1
5
8
3
-4
-6
-1
2
1
-2
0
4
6
2
-5
-6
-2
1
0
-2
-1
4
5
2
-3
-4
-1
2
1
-1
0
3
4
1
-3
-4
-2
0
0
-1
0
2
3
1
-2
-3
-1
1
1
-1
0
2
3
1
-2
-3
-1
0
0
-1
0
1
2
1
-1
-1
0
1
0
0
0
1
1
0
-1
-1
-1
0
0
0
0
1
1
0
-1
-1
0
0
0
0
0
0
1
0
0
-1
0
0
0
0
0
0
0
0
0
0
0
0
0
0
0
0
0
0
0
0
0
0
0
0
0
0
0
0
0
0
0
0
0
0
0
0
0
0
0
0
0
0
0
0
0
0
0
0
0
0
0
0
0
0
0
0
0
0
0
0
0
0
0
0
0
0
0
0
0
0
0
1
1
1
0
-1
0
0
0
-1
0
1
1
1
-1
-1
0
0
0
-1
0
1
2
1
0
-1
0
0
-1
-2
-1
1
2
1
-1
-2
-1
0
0
-2
-1
2
4
2
-1
-2
-1
0
-1
-3
-2
2
4
2
-2
-3
-1
1
-1
-3
-1
3
6
3
-1
-3
-1
1
-1
-4
-2
3
6
3
-3
-4
-2
1
-1
-4
-2
5
8
5
-2
-4
-1
1
-2
-6
-3
4
8
4
-4
-6
-2
1
-1
-5
-2
6
12
7
-2
-6
-2
1
-2
-7
-5
5
11
5
-5
-8
-3
1
-2
-7
-3
8
15
9
-3
-7
-2
2
-3
-10
-6
6
14
7
-6
-10
-4
2
-3
-9
-4
11
19
11
-4
-9
-3
2
-4
-12
-7
8
17
8
-8
-13
-4
2
-3
-11
-5
13
23
14
-5
-11
-3
2
-5
-15
-9
10
21
10
-9
-16
-5
3
-4
-13
-6
16
28
16
-6
-14
-4
3
-6
-18
-11
12
25
12
-11
-19
-6
3
-4
-15
-7
19
34
19
-7
-16
-5
3
-7
-21
-13
14
29
14
-13
-22
-8
4
-5
-18
-8
22
39
23
-8
-19
-6
4
-8
-24
-15
16
34
16
-16
-25
-9
4
-6
-21
-9
26
45
26
-9
-22
-6
5
-9
-28
-17
19
39
19
-18
-29
-10
5
-7
-24
-10
30
52
30
-11
-25
-7
5
-11
-32
-20
21
44
21
-20
-33
-11
6
-8
-27
-12
34
59
34
-12
-28
-8
6
-12
-36
-22
24
50
24
-23
-37
-13
6
-9
-31
-13
38
66
38
-13
-32
-9
7
-14
-41
-25
27
56
27
-26
-42
-14
7
-10
-34
-15
42
74
43
-15
-35
-10
8
-15
-45
-28
30
63
30
-29
-47
-16
8
-11
-38
-16
47
83
48
-17
-39
-12
8
-17
-50
-31
33
70
33
-32
-52
-18
9
-12
-42
-18
52
91
53
-18
-43
-13
9
-19
-55
-34
36
77
37
-35
-57
-20
10
-14
-46
-20
57
100
58
-20
-48
-14
10
-21
-61
-38
40
84
40
-38
-62
-21
11
-15
-51
-22
63
110
63
-22
-52
-15
11
-23
-66
-41
44
92
44
-42
-68
-23
12
-16
-55
-24
68
119
69
-24
-57
-17
12
-24
-72
-45
47
100
48
-45
-74
-25
13
-18
-60
-26
74
130
75
-26
-62
-18
13
-27
-78
-48
51
108
52
-49
-80
-27
14
-19
-65
-28
80
140
81
-28
-66
-20
14
-29
-84
-52
55
116
56
-53
-86
-30
15
-21
-70
-30
86
151
87
-30
-72
-21
15
-31
-91
-56
60
125
60
-57
-93
-32
16
-22
-75
-32
93
162
93
-33
-77
-23
16
-33
-97
-60
64
134
64
-61
-99
-34
17
-24
-81
-34
99
173
100
-35
-82
-24
18
-35
-104
-64
68
143
69
-65
-106
-36
18
-25
-86
-37
106
185
106
-37
-88
-26
19
-38
-111
-69
73
153
73
-70
-113
-39
19
-27
-92
-39
113
197
113
-40
-93
-28
20
-40
-118
-73
78
163
78
-74
-121
-41
21
-29
-97
-42
120
210
120
-42
-99
-29
21
-43
-126
-78
82
173
83
-79
-128
-44
22
-30
-103
-44
127
222
128
-45
-105
-31
23
-45
-133
-82
87
183
88
-83
-135
-46
23
-32
-109
-47
134
235
135
-47
-111
-33
24
-48
-141
-87
92
193
93
-88
-143
-49
25
-34
-116
-49
142
248
143
-50
-117
-35
25
-50
-149
-92
97
204
98
-93
-151
-52
26
-36
-122
-52
150
262
150
-53
-124
-36
27
-53
-156
-97
103
215
103
-98
-159
-54
27
-38
-128
-55
157
275
158
-55
-130
-38
28
-56
-164
-102
108
226
108
-103
-167
-57
29
-40
-135
-58
165
289
166
-58
-137
-40
29
-59
-173
-107
113
237
114
-108
-175
-60
30
-41
-141
-60
173
303
174
-61
-143
-42
31
-61
-181
-112
119
248
119
-113
-183
-63
31
-43
-148
-63
181
317
182
-64
-150
-44
32
-64
-189
-117
124
260
125
-118
-192
-65
33
-45
-155
-66
190
332
190
-67
-157
-46
34
-67
-198
-122
130
271
130
-123
-200
-68
34
-47
-161
-69
198
346
199
-70
-163
-48
35
-70
-206
-127
135
283
136
-129
-209
-71
36
-49
-168
-72
206
361
207
-72
-170
-50
36
-73
-215
-133
141
295
141
-134
-217
-74
37
-51
-175
-75
215
376
216
-75
-177
-52
38
-76
-224
-138
146
306
147
-139
-226
-77
39
-53
-182
-78
223
391
224
-78
-184
-54
39
-79
-232
-144
152
318
153
-145
-235
-80
40
-56
-189
-81
232
406
233
-81
-191
-56
41
-82
-241
-149
158
331
159
-150
-244
-83
42
-58
-196
-84
241
421
242
-84
-198
-58
42
-85
-250
-154
164
343
164
-156
-253
-86
43
-60
-203
-87
249
436
250
-87
-206
-61
44
-88
-259
-160
170
355
170
-161
-262
-89
45
-62
-211
-90
258
451
259
-91
-213
-63
45
-91
-268
-166
175
367
176
-167
-271
-92
46
-64
-218
-93
267
466
268
-94
-220
-65
47
-94
-277
-171
181
379
182
-172
-280
-95
48
-66
-225
-96
276
482
276
-97
-227
-67
49
-97
-286
-177
187
392
188
-178
-289
-98
49
-68
-232
-99
284
497
285
-100
-234
-69
50
-100
-295
-182
193
404
194
-183
-298
-102
51
-70
-239
-102
293
512
294
-103
-241
-71
52
-103
-304
-188
199
416
199
-189
-307
-105
52
-72
-246
-105
302
528
303
-106
-249
-73
53
-106
-313
-193
205
428
205
-194
-316
-108
54
-75
-254
-108
311
543
312
-109
-256
-75
55
-110
-322
-199
211
441
211
-200
-325
-111
55
-77
-261
-111
319
558
320
-112
-263
-77
56
-113
-331
-204
216
453
217
-205
-334
-114
57
-79
-268
-114
328
574
329
-115
-270
-80
58
-116
-340
-210
222
465
223
-211
-342
-117
58
-81
-275
-117
337
589
338
-118
-277
-82
59
-119
-349
-215
228
477
229
-216
-351
-120
60
-83
-282
-120
346
604
346
-121
-284
-84
61
-122
-357
-221
234
489
234
-222
-360
-123
61
-85
-289
-123
354
619
355
-124
-291
-86
62
-125
-366
-226
240
501
240
-227
-369
-126
63
-87
-296
-126
363
634
363
-127
-298
-88
64
-128
-375
-231
245
513
246
-233
-378
-129
64
-89
-303
-129
371
648
372
-130
-305
-90
65
-131
-384
-237
251
524
251
-238
-386
-132
66
-91
-310
-132
379
663
380
-133
-312
-92
67
-133
-392
-242
256
536
257
-243
-395
-135
67
-93
-317
-135
388
677
388
-136
-319
-94
68
-136
-400
-247
262
548
262
-248
-403
-137
69
-95
-323
-138
396
692
397
-139
-325
-96
70
-139
-409
-252
267
559
268
-253
-411
-140
70
-97
-330
-141
404
706
405
-141
-332
-98
71
-142
-417
-257
273
570
273
-258
-420
-143
72
-99
-336
-144
412
720
413
-144
-338
-100
72
-145
-425
-262
278
581
278
-263
-428
-146
73
-101
-343
-146
420
733
420
-147
-345
-102
74
-147
-433
-267
283
592
284
-268
-436
-149
74
-103
-349
-149
427
747
428
-150
-351
-103
75
-150
-441
-272
288
603
289
-273
-443
-151
76
-105
-355
-152
435
760
436
-152
-357
-105
76
-153
-449
-277
293
613
294
-278
-451
-154
77
-106
-362
-154
442
773
443
-155
-363
-107
78
-155
-456
-282
298
623
299
-283
-459
-156
78
-108
-368
-157
450
786
451
-157
-369
-109
79
-158
-464
-286
303
633
304
-287
-466
-159
79
-110
-373
-159
457
798
458
-160
-375
-110
80
-160
-471
-291
308
643
308
-292
-473
-161
81
-111
-379
-162
464
810
465
-162
-381
-112
81
-163
-478
-295
312
653
313
-296
-480
-164
82
-113
-385
-164
471
822
471
-165
-386
-114
83
-165
-485
-299
317
662
317
-300
-487
-166
83
-115
-390
-167
477
834
478
-167
-392
-115
84
-167
-492
-303
321
671
322
-304
-494
-168
84
-116
-396
-169
484
845
484
-169
-397
-117
85
-170
-498
-307
326
680
326
-308
-500
-171
85
-118
-401
-171
490
856
491
-171
-402
-118
86
-172
-505
-311
330
689
330
-312
-506
-173
86
-119
-406
-173
496
866
497
-174
-407
-120
87
-174
-511
-315
334
697
334
-316
-513
-175
87
-121
-410
-175
502
877
503
-176
-412
-121
88
-176
-517
-319
338
705
338
-320
-518
-177
88
-122
-415
-177
508
887
508
-178
-417
-123
89
-178
-522
-322
341
713
342
-323
-524
-179
89
-123
-420
-179
513
896
514
-179
-421
-124
90
-180
-528
-326
345
721
345
-326
-530
-181
90
-125
-424
-181
519
905
519
-181
-425
-125
91
-182
-533
-329
348
728
349
-330
-535
-182
91
-126
-428
-183
524
914
524
-183
-429
-126
92
-183
-538
-332
352
735
352
-333
-540
-184
92
-127
-432
-184
528
923
529
-185
-433
-128
92
-185
-543
-335
355
741
355
-336
-545
-186
93
-128
-436
-186
533
931
533
-186
-437
-129
93
-187
-548
-338
358
748
358
-339
-549
-187
94
-129
-439
-187
537
938
538
-188
-441
-130
94
-188
-552
-341
361
753
361
-341
-553
-189
94
-130
-443
-189
541
945
542
-189
-444
-131
95
-189
-556
-343
363
759
364
-344
-558
-190
95
-131
-446
-190
545
952
546
-191
-447
-132
95
-191
-560
-346
366
764
366
-346
-561
-191
96
-132
-449
-192
549
958
549
-192
-450
-132
96
-192
-564
-348
368
769
368
-348
-565
-193
96
-133
-452
-193
552
964
553
-193
-453
-133
97
-193
-567
-350
370
774
371
-350
-568
-194
97
-134
-454
-194
556
970
556
-194
-455
-134
97
-194
-570
-352
372
778
373
-352
-571
-195
97
-134
-457
-195
558
975
559
-195
-458
-135
98
-195
-573
-354
374
782
374
-354
-574
-196
98
-135
-459
-196
561
979
561
-196
-460
-135
98
-196
-576
-355
376
785
376
-355
-577
-196
98
-136
-461
-197
563
984
564
-197
-462
-136
98
-197
-578
-357
377
788
377
-357
-579
-197
99
-136
-463
-197
566
987
566
-198
-463
-136
99
-198
-580
-358
379
791
379
-358
-581
-198
99
-137
-464
-198
567
990
568
-198
-465
-137
99
-198
-582
-359
380
793
380
-359
-582
-198
99
-137
-466
-199
569
993
569
-199
-466
-137
99
-199
-584
-360
381
796
381
-360
-584
-199
99
-137
-467
-199
570
995
570
-199
-467
-137
100
-199
-585
-361
382
797
382
-361
-585
-199
100
-138
-468
-199
571
997
571
-199
-468
-138
100
-200
-586
-361
382
798
382
-361
-586
-200
100
-138
-468
-200
572
999
572
-200
-468
-138
100
-200
-586
-362
383
799
383
-362
-587
-200
100
-138
-469
-200
573
1000
573
-200
-469
-138
100
-200
-587
-362
383
800
383
-362
-587
-200
100
-138
-469
-200
573
1000
573
-200
-469
-138
100
-200
-587
-362
383
800
383
-362
-587
-200
100
-138
-469
-200
573
1000
573
-200
-469
-138
100
-200
-587
-362
383
800
383
-362
-587
-200
100
-138
-469
-200
573
999
573
-200
-469
-138
100
-200
-586
-362
383
799
383
-362
-586
-200
100
-138
-468
-200
572
998
572
-200
-468
-138
100
-200
-586
-361
382
798
382
-361
-585
-199
100
-138
-468
-199
571
997
571
-199
-467
-138
100
-199
-585
-361
381
797
381
-360
-584
-199
100
-137
-467
-199
570
995
570
-199
-466
-137
99
-199
-584
-360
381
795
381
-360
-583
-199
99
-137
-466
-199
569
993
569
-198
-465
-137
99
-198
-582
-359
380
793
380
-359
-582
-198
99
-137
-464
-198
567
990
567
-198
-464
-136
99
-198
-580
-358
378
790
378
-358
-580
-197
99
-136
-463
-197
565
986
565
-197
-462
-136
99
-197
-578
-357
377
788
377
-356
-578
-197
98
-136
-461
-197
563
983
563
-196
-461
-135
98
-196
-576
-355
376
784
375
-355
-575
-196
98
-135
-459
-196
561
978
560
-196
-459
-135
98
-195
-573
-353
374
781
374
-353
-573
-195
97
-134
-457
-195
558
974
558
-195
-456
-134
97
-194
-571
-352
372
777
372
-351
-570
-194
97
-134
-455
-194
555
969
555
-194
-454
-134
97
-193
-567
-350
370
773
370
-349
-566
-193
96
-133
-452
-193
552
963
552
-192
-451
-133
96
-192
-564
-348
368
768
368
-347
-563
-192
96
-132
-449
-192
548
957
548
-191
-448
-132
96
-191
-560
-345
365
763
365
-345
-559
-190
95
-131
-446
-190
545
950
544
-190
-445
-131
95
-190
-557
-343
363
758
363
-343
-555
-189
95
-130
-443
-189
541
944
540
-189
-442
-130
94
-188
-552
-341
360
752
360
-340
-551
-188
94
-129
-440
-187
537
936
536
-187
-439
-129
93
-187
-548
-338
357
746
357
-337
-547
-186
93
-128
-436
-186
532
929
532
-186
-435
-128
93
-185
-543
-335
354
740
354
-334
-542
-185
92
-127
-432
-184
528
921
527
-184
-431
-127
92
-184
-539
-332
351
733
351
-331
-537
-183
91
-126
-428
-183
523
912
522
-182
-427
-126
91
-182
-534
-329
348
726
347
-328
-532
-181
91
-125
-424
-181
518
903
517
-180
-423
-124
90
-180
-528
-326
344
719
344
-325
-527
-179
90
-124
-420
-179
512
894
512
-179
-419
-123
89
-178
-523
-322
341
711
340
-322
-521
-177
89
-122
-415
-177
507
884
506
-177
-414
-122
88
-176
-517
-319
337
703
337
-318
-515
-175
88
-121
-411
-175
501
874
501
-175
-409
-120
87
-174
-511
-315
333
695
333
-314
-509
-173
87
-120
-406
-173
495
864
495
-173
-404
-119
86
-172
-505
-311
329
687
329
-310
-503
-171
86
-118
-401
-171
489
853
489
-170
-399
-117
85
-170
-499
-307
325
678
324
-306
-497
-169
84
-117
-396
-169
483
842
482
-168
-394
-116
84
-168
-492
-303
321
669
320
-302
-490
-167
83
-115
-390
-166
476
831
476
-166
-389
-114
83
-165
-485
-299
316
660
316
-298
-483
-165
82
-113
-385
-164
470
819
469
-164
-383
-113
82
-163
-478
-295
312
651
311
-294
-476
-162
81
-112
-379
-162
463
807
462
-161
-378
-111
80
-161
-471
-290
307
641
307
-290
-469
-160
80
-110
-374
-159
456
795
455
-159
-372
-109
79
-158
-464
-286
302
631
302
-285
-462
-157
79
-108
-368
-157
449
782
448
-156
-366
-108
78
-156
-457
-281
297
621
297
-280
-454
-155
77
-107
-362
-154
441
770
441
-154
-360
-106
77
-153
-449
-277
293
611
292
-276
-447
-152
76
-105
-356
-152
434
757
433
-151
-354
-104
75
-151
-441
-272
287
600
287
-271
-439
-149
75
-103
-350
-149
426
743
426
-148
-348
-102
74
-148
-434
-267
282
589
282
-266
-431
-147
73
-101
-343
-146
419
730
418
-146
-341
-100
73
-145
-426
-262
277
578
277
-261
-423
-144
72
-99
-337
-143
411
716
410
-143
-335
-98
71
-142
-417
-257
272
567
271
-256
-415
-141
71
-97
-330
-141
403
702
402
-140
-328
-97
70
-140
-409
-252
266
556
266
-251
-407
-138
69
-95
-324
-138
395
688
394
-137
-322
-95
68
-137
-401
-247
261
545
260
-246
-398
-136
68
-93
-317
-135
386
674
386
-134
-315
-93
67
-134
-392
-242
256
533
255
-241
-390
-133
66
-91
-310
-132
378
659
377
-132
-308
-91
66
-131
-384
-237
250
522
249
-235
-381
-130
65
-89
-303
-129
370
645
369
-129
-301
-89
64
-128
-375
-231
244
510
244
-230
-373
-127
63
-87
-296
-126
361
630
360
-126
-294
-87
63
-125
-367
-226
239
498
238
-225
-364
-124
62
-85
-289
-123
353
615
352
-123
-287
-84
61
-122
-358
-220
233
486
232
-219
-355
-121
60
-83
-282
-120
344
600
343
-120
-280
-82
60
-119
-349
-215
227
474
227
-214
-346
-118
59
-81
-275
-117
336
585
335
-117
-273
-80
58
-116
-340
-210
221
462
221
-208
-338
-115
57
-79
-268
-114
327
570
326
-114
-266
-78
57
-113
-331
-204
216
450
215
-203
-329
-112
56
-77
-261
-111
318
555
317
-111
-259
-76
55
-110
-322
-199
210
438
209
-197
-320
-109
54
-75
-254
-108
309
539
309
-108
-252
-74
54
-107
-313
-193
204
425
203
-192
-311
-106
53
-73
-247
-105
301
524
300
-104
-245
-72
52
-104
-304
-187
198
413
197
-186
-302
-103
51
-71
-240
-102
292
509
291
-101
-237
-70
50
-101
-295
-182
192
401
192
-181
-293
-100
50
-68
-232
-99
283
493
282
-98
-230
-68
49
-98
-286
-176
186
388
186
-175
-284
-97
48
-66
-225
-96
274
478
273
-95
-223
-66
47
-95
-277
-171
180
376
180
-170
-275
-93
47
-64
-218
-93
266
463
265
-92
-216
-63
46
-92
-268
-165
175
364
174
-164
-266
-90
45
-62
-211
-90
257
447
256
-89
-209
-61
44
-89
-259
-160
169
352
168
-159
-257
-87
44
-60
-204
-87
248
432
247
-86
-202
-59
43
-86
-251
-154
163
340
162
-153
-248
-84
42
-58
-197
-84
239
417
238
-83
-194
-57
41
-82
-242
-149
157
328
157
-148
-239
-81
41
-56
-190
-81
231
402
230
-80
-187
-55
40
-79
-233
-143
151
315
151
-142
-230
-78
39
-54
-182
-78
222
387
221
-77
-180
-53
38
-76
-224
-138
146
304
145
-137
-221
-75
38
-52
-176
-75
214
372
213
-74
-173
-51
37
-74
-215
-133
140
292
139
-131
-213
-72
36
-50
-169
-72
205
357
204
-71
-167
-49
35
-71
-207
-127
134
280
134
-126
-204
-69
35
-48
-162
-69
197
343
196
-68
-160
-47
34
-68
-198
-122
129
268
128
-121
-196
-66
33
-46
-155
-66
188
328
188
-65
-153
-45
32
-65
-190
-117
123
257
123
-116
-187
-64
32
-44
-148
-63
180
314
179
-62
-146
-43
31
-62
-181
-112
118
245
117
-110
-179
-61
30
-42
-142
-60
172
300
171
-60
-140
-41
30
-59
-173
-106
112
234
112
-105
-171
-58
29
-40
-135
-57
164
286
163
-57
-133
-39
28
-56
-165
-101
107
223
106
-100
-162
-55
28
-38
-128
-55
156
272
155
-54
-127
-37
27
-54
-157
-96
102
212
101
-95
-154
-52
26
-36
-122
-52
148
258
148
-51
-120
-35
26
-51
-149
-92
97
201
96
-91
-147
-50
25
-34
-116
-49
141
245
140
-49
-114
-33
24
-48
-141
-87
92
191
91
-86
-139
-47
24
-32
-110
-47
133
232
133
-46
-108
-32
23
-46
-134
-82
87
180
86
-81
-131
-45
22
-31
-104
-44
126
219
125
-44
-102
-30
22
-43
-126
-77
82
170
81
-77
-124
-42
21
-29
-98
-42
119
207
118
-41
-96
-28
20
-41
-119
-73
77
160
77
-72
-117
-40
20
-27
-92
-39
112
194
111
-39
-90
-26
19
-38
-112
-69
72
151
72
-68
-109
-37
19
-25
-86
-37
105
182
104
-36
-85
-25
18
-36
-105
-64
68
141
67
-63
-103
-35
17
-24
-81
-34
98
171
97
-34
-79
-23
17
-33
-98
-60
63
132
63
-59
-96
-33
16
-22
-75
-32
92
159
91
-32
-74
-22
16
-31
-91
-56
59
123
59
-55
-89
-30
15
-21
-70
-30
85
148
85
-29
-69
-20
15
-29
-85
-52
55
114
54
-51
-83
-28
14
-19
-65
-28
79
137
78
-27
-64
-19
13
-27
-78
-48
51
106
50
-47
-77
-26
13
-18
-60
-26
73
127
72
-25
-59
-17
12
-25
-72
-45
47
98
47
-44
-71
-24
12
-16
-56
-24
67
117
67
-23
-54
-16
11
-23
-67
-41
43
90
43
-40
-65
-22
11
-15
-51
-22
62
107
61
-21
-50
-15
10
-21
-61
-37
39
82
39
-37
-59
-20
10
-14
-47
-20
56
98
56
-19
-45
-13
10
-19
-56
-34
36
75
36
-34
-54
-18
9
-13
-42
-18
51
89
51
-18
-41
-12
9
-17
-50
-31
33
68
32
-30
-49
-17
8
-11
-38
-16
46
81
46
-16
-37
-11
8
-16
-46
-28
29
61
29
-27
-44
-15
7
-10
-34
-15
42
72
41
-14
-33
-10
7
-14
-41
-25
26
55
26
-24
-39
-13
7
-9
-31
-13
37
65
37
-13
-30
-9
6
-12
-36
-22
23
49
23
-22
-35
-12
6
-8
-27
-12
33
57
33
-11
-26
-8
6
-11
-32
-20
21
43
20
-19
-31
-10
5
-7
-24
-10
29
50
29
-10
-23
-7
5
-10
-28
-17
18
38
18
-17
-27
-9
5
-6
-21
-9
25
44
25
-9
-20
-6
4
-8
-24
-15
16
33
15
-15
-23
-8
4
-5
-18
-8
22
38
21
-7
-17
-5
4
-7
-21
-13
13
28
13
-12
-20
-7
3
-5
-15
-7
19
32
18
-6
-15
-4
3
-6
-18
-11
11
24
11
-10
-17
-6
3
-4
-13
-5
16
27
15
-5
-12
-4
3
-5
-15
-9
9
20
9
-9
-14
-5
2
-3
-11
-5
13
22
13
-4
-10
-3
2
-4
-12
-7
8
16
8
-7
-11
-4
2
-3
-9
-4
10
18
10
-4
-8
-2
2
-3
-10
-6
6
13
6
-6
-9
-3
1
-2
-7
-3
8
14
8
-3
-6
-2
1
-3
-8
-5
5
10
5
-4
-7
-2
1
-2
-5
-2
6
11
6
-2
-5
-1
1
-2
-6
-3
4
7
3
-3
-5
-2
1
-1
-4
-2
5
8
4
-2
-3
-1
1
-1
-4
-2
3
5
2
-2
-4
-1
1
-1
-3
-1
3
5
3
-1
-2
-1
0
-1
-3
-2
2
3
2
-1
-2
-1
0
-1
-2
-1
2
3
2
-1
-1
0
0
-1
-2
-1
1
2
1
-1
-1
0
0
0
-1
0
1
2
1
0
-1
0
0
0
-1
0
0
1
0
0
-1
0
0
0
0
0
0
1
0
0
0
0
0
0
0
0
0
0
0
0
0
0
0
0
0
0
0
0
0
0
0
0
0
0
0
0
0
0
0
0
0
0
0
