0
0
0
0
0
0
0
0
0
0
0
0
0
0
0
0
0
0
0
0
0
0
0
0
0
0
0
0
0
0
0
0
0
0
-1
-1
-1
-1
-1
-1
0
1
1
1
1
1
1
0
0
0
0
1
0
-1
-1
-1
-1
-2
-2
-2
0
2
3
2
2
2
2
1
0
-1
0
1
1
-1
-2
-3
-3
-3
-4
-3
0
3
4
4
3
3
3
2
-1
-2
0
2
1
-2
-4
-4
-4
-5
-6
-5
0
5
7
6
5
5
5
2
-1
-2
0
2
1
-3
-6
-6
-6
-8
-9
-7
0
7
10
8
7
7
7
3
-2
-3
0
3
2
-4
-8
-9
-8
-10
-13
-9
0
10
13
11
9
10
9
4
-2
-4
0
4
2
-5
-10
-11
-11
-14
-16
-12
0
13
17
15
12
13
12
6
-3
-6
0
6
3
-6
-13
-14
-14
-17
-21
-15
0
16
22
19
15
16
15
7
-4
-7
0
7
4
-8
-17
-18
-17
-21
-26
-19
0
19
27
23
19
20
19
9
-5
-8
0
9
5
-9
-20
-22
-21
-26
-31
-23
0
24
32
27
22
24
22
10
-6
-10
0
10
6
-11
-24
-26
-25
-31
-37
-27
0
28
38
33
27
28
26
12
-7
-12
0
12
7
-13
-28
-30
-29
-36
-43
-32
0
33
45
38
31
33
31
14
-8
-14
0
14
8
-15
-33
-35
-34
-42
-50
-37
0
38
52
44
36
38
36
17
-9
-16
0
16
9
-17
-38
-40
-39
-48
-58
-43
0
43
59
50
41
43
41
19
-10
-18
0
19
10
-20
-43
-46
-44
-55
-65
-48
0
49
67
57
47
49
46
21
-11
-21
0
21
12
-22
-48
-52
-50
-62
-74
-55
0
55
75
64
52
55
52
24
-13
-23
0
23
13
-25
-54
-58
-56
-69
-83
-61
0
62
84
71
58
61
58
27
-14
-26
0
26
14
-28
-60
-64
-62
-77
-92
-68
0
69
94
79
65
68
64
30
-16
-29
0
29
16
-31
-67
-71
-69
-85
-101
-75
0
76
103
88
72
75
71
33
-17
-32
0
32
18
-34
-73
-78
-76
-94
-111
-82
0
83
114
96
79
82
77
36
-19
-35
0
35
19
-37
-80
-86
-83
-102
-122
-90
0
91
124
105
86
90
85
39
-21
-38
0
38
21
-40
-88
-94
-90
-112
-133
-98
0
99
135
114
93
98
92
43
-22
-41
0
41
23
-44
-95
-102
-98
-121
-144
-107
0
107
147
124
101
106
100
46
-24
-45
0
45
25
-47
-103
-110
-106
-131
-156
-115
0
116
158
134
109
114
108
50
-26
-48
0
48
27
-51
-111
-119
-114
-141
-168
-124
0
125
171
144
118
123
116
54
-28
-52
0
52
29
-55
-119
-127
-123
-152
-181
-133
0
134
183
155
126
132
124
58
-30
-55
0
56
31
-59
-128
-136
-132
-162
-193
-143
0
144
196
166
135
141
133
62
-32
-59
0
60
33
-63
-137
-146
-141
-174
-207
-153
0
154
209
177
144
151
142
66
-35
-63
0
64
35
-67
-146
-155
-150
-185
-220
-162
0
163
223
188
154
160
151
70
-37
-67
0
68
37
-71
-155
-165
-159
-197
-234
-173
0
174
237
200
163
170
161
75
-39
-71
0
72
40
-76
-164
-175
-169
-208
-248
-183
0
184
251
212
173
180
170
79
-41
-76
0
76
42
-80
-174
-186
-179
-221
-262
-194
0
195
265
224
183
191
180
83
-44
-80
0
80
44
-85
-184
-196
-189
-233
-277
-205
0
206
280
237
193
201
190
88
-46
-84
0
85
47
-89
-194
-207
-199
-246
-292
-216
0
217
295
249
203
212
200
93
-49
-89
0
89
49
-94
-204
-218
-210
-258
-307
-227
0
228
310
262
214
223
210
97
-51
-93
0
94
52
-99
-214
-229
-220
-272
-323
-238
0
239
326
275
224
234
221
102
-54
-98
0
99
54
-104
-225
-240
-231
-285
-339
-250
0
251
342
289
235
245
231
107
-56
-103
0
103
57
-109
-235
-251
-242
-298
-354
-262
0
263
358
302
246
257
242
112
-59
-107
0
108
59
-114
-246
-262
-253
-312
-371
-273
0
275
374
316
257
268
253
117
-61
-112
0
113
62
-119
-257
-274
-264
-325
-387
-285
0
287
390
330
268
280
264
122
-64
-117
0
118
65
-124
-268
-286
-275
-339
-403
-297
0
299
407
343
280
292
275
127
-67
-122
0
123
67
-129
-279
-298
-287
-353
-420
-310
0
311
423
357
291
304
286
133
-69
-127
0
127
70
-134
-290
-309
-298
-367
-437
-322
0
323
440
372
303
315
297
138
-72
-132
0
132
73
-139
-302
-321
-310
-382
-453
-334
0
336
457
386
314
328
308
143
-75
-137
0
137
75
-145
-313
-334
-321
-396
-470
-347
0
348
474
400
326
340
320
148
-78
-142
0
142
78
-150
-324
-346
-333
-410
-487
-359
0
361
491
415
338
352
331
154
-80
-147
0
147
81
-155
-336
-358
-345
-425
-504
-372
0
373
508
429
349
364
343
159
-83
-152
0
153
84
-160
-347
-370
-356
-439
-522
-385
0
386
525
443
361
376
354
164
-86
-157
0
158
87
-166
-359
-382
-368
-454
-539
-397
0
399
542
458
373
388
366
170
-89
-162
0
163
89
-171
-370
-395
-380
-468
-556
-410
0
411
559
472
385
401
377
175
-92
-167
0
168
92
-176
-382
-407
-392
-483
-573
-423
0
424
577
487
396
413
389
180
-94
-172
0
173
95
-182
-393
-419
-404
-497
-590
-435
0
437
594
501
408
425
400
186
-97
-178
0
178
98
-187
-405
-431
-415
-512
-608
-448
0
449
611
516
420
438
412
191
-100
-183
0
183
101
-192
-416
-444
-427
-526
-625
-461
0
462
628
530
432
450
423
196
-103
-188
0
188
103
-198
-428
-456
-439
-540
-642
-473
0
474
645
545
443
462
435
201
-105
-193
0
193
106
-203
-439
-468
-450
-555
-659
-486
0
487
662
559
455
474
446
207
-108
-198
0
198
109
-208
-451
-480
-462
-569
-676
-498
0
499
679
573
467
486
457
212
-111
-203
0
203
112
-213
-462
-492
-473
-583
-693
-510
0
512
696
587
478
498
469
217
-114
-208
0
208
114
-219
-473
-504
-485
-597
-709
-523
0
524
713
601
489
510
480
222
-116
-213
0
213
117
-224
-484
-516
-496
-611
-726
-535
0
536
729
615
501
522
491
227
-119
-217
0
218
120
-229
-495
-527
-507
-625
-742
-547
0
548
745
629
512
533
502
232
-122
-222
0
223
122
-234
-506
-539
-519
-639
-758
-559
0
560
762
643
523
545
513
237
-124
-227
0
227
125
-239
-517
-550
-530
-652
-774
-571
0
572
778
656
534
556
523
242
-127
-232
0
232
127
-244
-527
-562
-540
-666
-790
-582
0
583
793
669
545
567
534
247
-129
-236
0
237
130
-249
-538
-573
-551
-679
-806
-594
0
595
809
683
555
578
544
252
-132
-241
0
241
132
-253
-548
-584
-562
-692
-821
-605
0
606
824
696
566
589
554
257
-134
-245
0
246
135
-258
-558
-595
-572
-704
-836
-616
0
617
839
708
576
600
564
261
-137
-250
0
250
137
-263
-568
-605
-582
-717
-851
-627
0
628
854
721
586
611
574
266
-139
-254
0
255
140
-267
-578
-616
-592
-729
-866
-638
0
639
869
733
596
621
584
271
-142
-259
0
259
142
-272
-588
-626
-602
-741
-880
-648
0
649
883
745
606
631
594
275
-144
-263
0
263
144
-276
-597
-636
-612
-753
-894
-659
0
660
897
757
616
641
603
279
-146
-267
0
267
147
-280
-607
-646
-621
-765
-908
-669
0
670
910
768
625
651
612
283
-148
-271
0
271
149
-285
-616
-655
-630
-776
-921
-679
0
680
924
779
634
660
621
288
-150
-275
0
275
151
-289
-624
-665
-639
-787
-934
-688
0
689
937
790
643
669
629
292
-153
-278
0
279
153
-293
-633
-674
-648
-798
-947
-697
0
698
949
801
651
678
638
295
-155
-282
0
283
155
-297
-641
-683
-657
-808
-959
-707
0
707
962
811
660
687
646
299
-157
-286
0
286
157
-300
-649
-691
-665
-818
-971
-715
0
716
973
821
668
695
654
303
-158
-289
0
290
159
-304
-657
-699
-673
-828
-983
-724
0
725
985
831
676
703
662
306
-160
-293
0
293
161
-307
-665
-707
-680
-837
-994
-732
0
733
996
840
683
711
669
310
-162
-296
0
296
162
-311
-672
-715
-688
-846
-1004
-740
0
741
1007
849
691
719
676
313
-164
-299
0
299
164
-314
-679
-723
-695
-855
-1015
-747
0
748
1017
858
698
726
683
316
-165
-302
0
302
166
-317
-685
-730
-702
-864
-1025
-755
0
755
1027
866
704
733
689
319
-167
-305
0
305
167
-320
-692
-736
-708
-872
-1034
-762
0
762
1036
874
711
740
696
322
-168
-308
0
308
169
-323
-698
-743
-714
-879
-1043
-768
0
769
1045
881
717
746
702
325
-170
-310
0
310
170
-326
-704
-749
-720
-886
-1052
-775
0
775
1053
889
723
752
707
327
-171
-313
0
313
172
-328
-709
-755
-726
-893
-1060
-781
0
781
1061
895
728
758
712
330
-173
-315
0
315
173
-331
-715
-760
-731
-900
-1068
-786
0
787
1069
902
733
763
717
332
-174
-317
0
317
174
-333
-719
-766
-736
-906
-1075
-791
0
792
1076
908
738
768
722
334
-175
-319
0
319
175
-335
-724
-770
-741
-911
-1081
-796
0
797
1083
913
742
773
726
336
-176
-321
0
321
176
-337
-728
-775
-745
-917
-1088
-801
0
801
1089
918
747
777
730
338
-177
-323
0
323
177
-339
-732
-779
-749
-922
-1093
-805
0
805
1094
923
750
781
734
340
-178
-324
0
325
178
-340
-736
-783
-753
-926
-1098
-809
0
809
1099
927
754
784
737
341
-179
-326
0
326
179
-342
-739
-786
-756
-930
-1103
-812
0
813
1104
931
757
788
741
343
-179
-327
0
327
179
-343
-742
-789
-759
-933
-1107
-815
0
816
1108
934
760
790
743
344
-180
-328
0
328
180
-344
-744
-792
-761
-937
-1111
-818
0
818
1112
937
762
793
745
345
-180
-329
0
329
181
-345
-746
-794
-763
-939
-1114
-820
0
820
1115
940
764
795
747
346
-181
-330
0
330
181
-346
-748
-796
-765
-941
-1117
-822
0
822
1117
942
766
797
749
347
-181
-331
0
331
181
-347
-750
-798
-767
-943
-1119
-824
0
824
1119
944
767
798
750
347
-182
-331
0
331
182
-347
-751
-799
-768
-945
-1120
-825
0
825
1121
945
768
799
751
348
-182
-332
0
332
182
-348
-751
-799
-769
-945
-1121
-826
0
826
1122
946
769
800
752
348
-182
-332
0
332
182
-348
-752
-800
-769
-946
-1122
-826
0
826
1122
946
769
800
752
348
-182
-332
0
332
182
-348
-752
-800
-769
-946
-1122
-826
0
826
1122
946
769
800
752
348
-182
-332
0
332
182
-348
-752
-800
-769
-945
-1121
-825
0
825
1121
945
768
799
751
348
-182
-332
0
332
182
-348
-751
-799
-768
-945
-1120
-825
0
825
1120
944
768
798
750
347
-182
-331
0
331
182
-347
-750
-798
-767
-943
-1119
-824
0
823
1118
943
766
797
749
347
-181
-331
0
331
181
-346
-749
-796
-765
-942
-1117
-822
0
822
1116
941
765
796
748
346
-181
-330
0
330
181
-346
-747
-795
-764
-939
-1114
-820
0
820
1113
939
763
793
746
345
-180
-329
0
329
180
-345
-745
-792
-762
-937
-1111
-818
0
817
1110
936
761
791
744
344
-180
-328
0
328
180
-344
-743
-790
-759
-934
-1107
-815
0
815
1106
933
758
788
741
343
-179
-327
0
327
179
-342
-740
-787
-756
-930
-1103
-812
0
811
1102
929
755
785
738
341
-179
-326
0
325
178
-341
-737
-784
-753
-926
-1098
-808
0
808
1097
925
752
782
735
340
-178
-324
0
324
178
-339
-733
-780
-749
-922
-1093
-804
0
804
1092
920
748
778
731
338
-177
-322
0
322
177
-338
-730
-776
-746
-917
-1087
-800
0
800
1086
915
744
774
727
336
-176
-321
0
321
176
-336
-725
-771
-741
-912
-1081
-796
0
795
1080
910
740
769
723
334
-175
-319
0
319
175
-334
-721
-767
-737
-906
-1074
-791
0
790
1073
904
735
764
718
332
-174
-317
0
317
173
-332
-716
-762
-732
-900
-1067
-785
0
785
1066
898
730
759
713
330
-172
-315
0
314
172
-329
-711
-756
-727
-894
-1060
-780
0
779
1058
892
725
753
708
327
-171
-312
0
312
171
-327
-706
-751
-721
-887
-1051
-774
0
773
1050
885
719
748
702
325
-170
-310
0
309
170
-324
-700
-744
-715
-880
-1043
-767
0
767
1041
877
713
741
697
322
-168
-307
0
307
168
-321
-694
-738
-709
-872
-1034
-761
0
760
1032
870
707
735
690
319
-167
-304
0
304
167
-318
-688
-731
-703
-864
-1024
-754
0
753
1022
862
700
728
684
316
-165
-301
0
301
165
-315
-681
-724
-696
-856
-1014
-746
0
746
1012
853
693
721
677
313
-164
-298
0
298
163
-312
-674
-717
-689
-847
-1004
-739
0
738
1002
844
686
713
670
310
-162
-295
0
295
162
-309
-667
-709
-681
-838
-993
-731
0
730
991
835
678
705
663
307
-160
-292
0
292
160
-305
-660
-701
-674
-828
-982
-723
0
722
980
826
671
697
655
303
-158
-289
0
288
158
-302
-652
-693
-666
-819
-970
-714
0
713
968
816
663
689
647
299
-156
-285
0
285
156
-298
-644
-685
-658
-809
-959
-705
0
704
956
806
654
680
639
296
-154
-282
0
281
154
-294
-636
-676
-649
-798
-946
-696
0
695
944
795
646
671
631
292
-152
-278
0
278
152
-291
-627
-667
-641
-788
-933
-687
0
686
931
784
637
662
622
288
-150
-274
0
274
150
-286
-619
-658
-632
-777
-920
-677
0
676
918
773
628
653
613
284
-148
-270
0
270
148
-282
-610
-648
-623
-765
-907
-667
0
666
904
762
619
643
604
279
-146
-266
0
266
146
-278
-601
-638
-613
-754
-893
-657
0
656
891
750
609
633
595
275
-144
-262
0
262
143
-274
-591
-628
-604
-742
-879
-647
0
646
876
738
600
623
586
271
-141
-258
0
257
141
-269
-582
-618
-594
-730
-865
-636
0
635
862
726
590
613
576
266
-139
-254
0
253
139
-265
-572
-608
-584
-718
-850
-625
0
624
847
714
580
603
566
262
-137
-249
0
249
136
-260
-562
-597
-574
-705
-835
-615
0
613
832
701
570
592
556
257
-134
-245
0
244
134
-256
-552
-587
-563
-692
-820
-603
0
602
817
688
559
581
546
252
-132
-240
0
240
131
-251
-542
-576
-553
-679
-805
-592
0
591
802
675
549
570
535
248
-129
-236
0
235
129
-246
-531
-565
-542
-666
-789
-581
0
579
786
662
538
559
525
243
-127
-231
0
231
126
-241
-521
-553
-531
-653
-774
-569
0
568
770
649
527
548
514
238
-124
-226
0
226
124
-236
-510
-542
-520
-639
-758
-557
0
556
754
635
516
536
503
233
-122
-222
0
221
121
-231
-499
-530
-509
-626
-741
-545
0
544
738
622
505
524
492
228
-119
-217
0
216
118
-226
-488
-519
-498
-612
-725
-533
0
532
722
608
493
513
481
223
-116
-212
0
211
116
-221
-477
-507
-487
-598
-708
-521
0
520
705
594
482
501
470
217
-114
-207
0
206
113
-216
-466
-495
-475
-584
-692
-509
0
507
688
580
471
489
459
212
-111
-202
0
201
110
-211
-455
-483
-464
-570
-675
-496
0
495
671
565
459
477
448
207
-108
-197
0
196
108
-205
-443
-471
-452
-555
-658
-484
0
483
655
551
447
465
436
202
-105
-192
0
191
105
-200
-432
-459
-440
-541
-641
-471
0
470
638
537
436
453
425
196
-103
-187
0
186
102
-195
-420
-447
-429
-527
-624
-459
0
457
620
522
424
441
414
191
-100
-182
0
181
99
-190
-409
-434
-417
-512
-607
-446
0
445
603
508
412
428
402
186
-97
-177
0
176
96
-184
-397
-422
-405
-498
-590
-433
0
432
586
493
401
416
391
180
-94
-172
0
171
94
-179
-386
-410
-393
-483
-572
-421
0
419
569
479
389
404
379
175
-91
-167
0
166
91
-174
-374
-398
-382
-469
-555
-408
0
407
552
464
377
392
367
170
-89
-161
0
161
88
-168
-363
-385
-370
-454
-538
-395
0
394
535
450
365
379
356
164
-86
-156
0
156
85
-163
-351
-373
-358
-440
-521
-383
0
381
517
435
353
367
344
159
-83
-151
0
151
83
-158
-340
-361
-346
-425
-504
-370
0
369
500
421
342
355
333
154
-80
-146
0
146
80
-152
-328
-349
-335
-411
-487
-358
0
356
483
407
330
343
322
149
-78
-141
0
141
77
-147
-317
-337
-323
-397
-470
-345
0
344
466
392
318
331
310
143
-75
-136
0
136
74
-142
-306
-324
-311
-382
-453
-333
0
331
449
378
307
318
299
138
-72
-131
0
131
71
-136
-294
-312
-300
-368
-436
-320
0
319
432
364
295
306
288
133
-69
-126
0
126
69
-131
-283
-301
-288
-354
-419
-308
0
307
416
350
284
295
276
128
-67
-121
0
121
66
-126
-272
-289
-277
-340
-402
-296
0
294
399
336
272
283
265
123
-64
-116
0
116
63
-121
-261
-277
-266
-326
-386
-284
0
282
383
322
261
271
254
117
-61
-112
0
111
61
-116
-250
-265
-255
-312
-370
-272
0
270
366
308
250
260
243
112
-59
-107
0
106
58
-111
-239
-254
-243
-299
-354
-260
0
259
350
295
239
248
233
107
-56
-102
0
102
56
-106
-228
-243
-233
-285
-338
-248
0
247
335
281
228
237
222
103
-54
-97
0
97
53
-101
-218
-231
-222
-272
-322
-237
0
235
319
268
218
226
212
98
-51
-93
0
92
50
-96
-208
-220
-211
-259
-307
-225
0
224
304
255
207
215
201
93
-48
-88
0
88
48
-92
-197
-209
-201
-246
-291
-214
0
213
288
242
197
204
191
88
-46
-84
0
83
46
-87
-187
-199
-190
-234
-276
-203
0
202
273
230
186
193
181
84
-44
-79
0
79
43
-82
-177
-188
-180
-221
-262
-192
0
191
259
218
176
183
172
79
-41
-75
0
75
41
-78
-168
-178
-170
-209
-247
-182
0
180
244
205
167
173
162
75
-39
-71
0
70
39
-73
-158
-168
-161
-197
-233
-171
0
170
230
194
157
163
153
70
-37
-67
0
66
36
-69
-149
-158
-151
-186
-219
-161
0
160
217
182
148
153
143
66
-34
-63
0
62
34
-65
-140
-148
-142
-174
-206
-151
0
150
203
171
138
143
134
62
-32
-59
0
58
32
-61
-131
-139
-133
-163
-193
-141
0
140
190
160
129
134
126
58
-30
-55
0
55
30
-57
-122
-130
-124
-152
-180
-132
0
131
177
149
121
125
117
54
-28
-51
0
51
28
-53
-114
-121
-116
-142
-167
-123
0
122
165
139
112
116
109
50
-26
-48
0
47
26
-49
-106
-112
-107
-132
-155
-114
0
113
153
128
104
108
101
47
-24
-44
0
44
24
-45
-98
-104
-99
-122
-144
-105
0
104
141
119
96
100
93
43
-22
-41
0
40
22
-42
-90
-96
-91
-112
-132
-97
0
96
130
109
88
92
86
40
-21
-37
0
37
20
-38
-83
-88
-84
-103
-121
-89
0
88
119
100
81
84
79
36
-19
-34
0
34
19
-35
-76
-80
-77
-94
-111
-81
0
81
109
91
74
77
72
33
-17
-31
0
31
17
-32
-69
-73
-70
-85
-101
-74
0
73
99
83
67
70
65
30
-16
-28
0
28
15
-29
-62
-66
-63
-77
-91
-67
0
66
89
75
61
63
59
27
-14
-25
0
25
14
-26
-56
-59
-57
-70
-82
-60
0
59
80
67
54
56
53
24
-13
-23
0
23
12
-23
-50
-53
-51
-62
-73
-54
0
53
72
60
49
50
47
22
-11
-20
0
20
11
-21
-45
-47
-45
-55
-65
-48
0
47
63
53
43
44
41
19
-10
-18
0
18
10
-18
-39
-42
-40
-49
-57
-42
0
41
56
47
38
39
36
17
-9
-16
0
16
8
-16
-34
-36
-35
-42
-50
-36
0
36
48
41
33
34
32
15
-8
-14
0
13
7
-14
-30
-31
-30
-37
-43
-31
0
31
42
35
28
29
27
12
-6
-12
0
11
6
-12
-25
-27
-26
-31
-37
-27
0
26
35
30
24
25
23
11
-5
-10
0
10
5
-10
-21
-23
-21
-26
-31
-22
0
22
30
25
20
21
19
9
-5
-8
0
8
4
-8
-18
-19
-18
-22
-25
-19
0
18
24
20
16
17
16
7
-4
-7
0
7
4
-7
-14
-15
-14
-18
-21
-15
0
15
20
16
13
14
13
6
-3
-5
0
5
3
-5
-11
-12
-11
-14
-16
-12
0
11
15
13
10
11
10
4
-2
-4
0
4
2
-4
-9
-9
-9
-11
-12
-9
0
9
12
10
8
8
7
3
-2
-3
0
3
2
-3
-6
-7
-6
-8
-9
-7
0
6
8
7
6
6
5
2
-1
-2
0
2
1
-2
-4
-5
-4
-5
-6
-4
0
4
6
5
4
4
4
2
-1
-1
0
1
1
-1
-3
-3
-3
-3
-4
-3
0
3
4
3
2
2
2
1
0
-1
0
1
0
-1
-2
-2
-2
-2
-2
-2
0
1
2
2
1
1
1
0
0
0
0
0
0
0
-1
-1
-1
-1
-1
-1
0
1
1
1
0
0
0
0
0
0
0
0
0
0
0
0
0
0
0
0
0
0
0
0
0
0
0
0
0
0
0
0
0
0
0
0
0
0
0
0
0
0
0
0
0
0
0
0
0
0
0
0
0
0
0
0
0
0
0
0
0
0
0
0
0
0
0
0
0
0
-1
-1
-1
-1
-1
-1
0
1
1
1
1
1
1
0
0
0
0
1
0
-1
-1
-1
-1
-2
-2
-2
0
2
3
2
2
2
2
1
0
-1
0
1
1
-1
-2
-3
-3
-3
-4
-3
0
3
4
4
3
3
3
2
-1
-2
0
2
1
-2
-4
-4
-4
-5
-6
-5
0
5
7
6
5
5
5
2
-1
-2
0
2
1
-3
-6
-6
-6
-8
-9
-7
0
7
10
8
7
7
7
3
-2
-3
0
3
2
-4
-8
-9
-8
-10
-13
-9
0
10
13
11
9
10
9
4
-2
-4
0
4
2
-5
-10
-11
-11
-14
-16
-12
0
13
17
15
12
13
12
6
-3
-6
0
6
3
-6
-13
-14
-14
-17
-21
-15
0
16
22
19
15
16
15
7
-4
-7
0
7
4
-8
-17
-18
-17
-21
-26
-19
0
19
27
23
19
20
19
9
-5
-8
0
9
5
-9
-20
-22
-21
-26
-31
-23
0
24
32
27
22
24
22
10
-6
-10
0
10
6
-11
-24
-26
-25
-31
-37
-27
0
28
38
33
27
28
26
12
-7
-12
0
12
7
-13
-28
-30
-29
-36
-43
-32
0
33
45
38
31
33
31
14
-8
-14
0
14
8
-15
-33
-35
-34
-42
-50
-37
0
38
52
44
36
38
36
17
-9
-16
0
16
9
-17
-38
-40
-39
-48
-58
-43
0
43
59
50
41
43
41
19
-10
-18
0
19
10
-20
-43
-46
-44
-55
-65
-48
0
49
67
57
47
49
46
21
-11
-21
0
21
12
-22
-48
-52
-50
-62
-74
-55
0
55
75
64
52
55
52
24
-13
-23
0
23
13
-25
-54
-58
-56
-69
-83
-61
0
62
84
71
58
61
58
27
-14
-26
0
26
14
-28
-60
-64
-62
-77
-92
-68
0
69
94
79
65
68
64
30
-16
-29
0
29
16
-31
-67
-71
-69
-85
-101
-75
0
76
103
88
72
75
71
33
-17
-32
0
32
18
-34
-73
-78
-76
-94
-111
-82
0
83
114
96
79
82
77
36
-19
-35
0
35
19
-37
-80
-86
-83
-102
-122
-90
0
91
124
105
86
90
85
39
-21
-38
0
38
21
-40
-88
-94
-90
-112
-133
-98
0
99
135
114
93
98
92
43
-22
-41
0
41
23
-44
-95
-102
-98
-121
-144
-107
0
107
147
124
101
106
100
46
-24
-45
0
45
25
-47
-103
-110
-106
-131
-156
-115
0
116
158
134
109
114
108
50
-26
-48
0
48
27
-51
-111
-119
-114
-141
-168
-124
0
125
171
144
118
123
116
54
-28
-52
0
52
29
-55
-119
-127
-123
-152
-181
-133
0
134
183
155
126
132
124
58
-30
-55
0
56
31
-59
-128
-136
-132
-162
-193
-143
0
144
196
166
135
141
133
62
-32
-59
0
60
33
-63
-137
-146
-141
-174
-207
-153
0
154
209
177
144
151
142
66
-35
-63
0
64
35
-67
-146
-155
-150
-185
-220
-162
0
163
223
188
154
160
151
70
-37
-67
0
68
37
-71
-155
-165
-159
-197
-234
-173
0
174
237
200
163
170
161
75
-39
-71
0
72
40
-76
-164
-175
-169
-208
-248
-183
0
184
251
212
173
180
170
79
-41
-76
0
76
42
-80
-174
-186
-179
-221
-262
-194
0
195
265
224
183
191
180
83
-44
-80
0
80
44
-85
-184
-196
-189
-233
-277
-205
0
206
280
237
193
201
190
88
-46
-84
0
85
47
-89
-194
-207
-199
-246
-292
-216
0
217
295
249
203
212
200
93
-49
-89
0
89
49
-94
-204
-218
-210
-258
-307
-227
0
228
310
262
214
223
210
97
-51
-93
0
94
52
-99
-214
-229
-220
-272
-323
-238
0
239
326
275
224
234
221
102
-54
-98
0
99
54
-104
-225
-240
-231
-285
-339
-250
0
251
342
289
235
245
231
107
-56
-103
0
103
57
-109
-235
-251
-242
-298
-354
-262
0
263
358
302
246
257
242
112
-59
-107
0
108
59
-114
-246
-262
-253
-312
-371
-273
0
275
374
316
257
268
253
117
-61
-112
0
113
62
-119
-257
-274
-264
-325
-387
-285
0
287
390
330
268
280
264
122
-64
-117
0
118
65
-124
-268
-286
-275
-339
-403
-297
0
299
407
343
280
292
275
127
-67
-122
0
123
67
-129
-279
-298
-287
-353
-420
-310
0
311
423
357
291
304
286
133
-69
-127
0
127
70
-134
-290
-309
-298
-367
-437
-322
0
323
440
372
303
315
297
138
-72
-132
0
132
73
-139
-302
-321
-310
-382
-453
-334
0
336
457
386
314
328
308
143
-75
-137
0
137
75
-145
-313
-334
-321
-396
-470
-347
0
348
474
400
326
340
320
148
-78
-142
0
142
78
-150
-324
-346
-333
-410
-487
-359
0
361
491
415
338
352
331
154
-80
-147
0
147
81
-155
-336
-358
-345
-425
-504
-372
0
373
508
429
349
364
343
159
-83
-152
0
153
84
-160
-347
-370
-356
-439
-522
-385
0
386
525
443
361
376
354
164
-86
-157
0
158
87
-166
-359
-382
-368
-454
-539
-397
0
399
542
458
373
388
366
170
-89
-162
0
163
89
-171
-370
-395
-380
-468
-556
-410
0
411
559
472
385
401
377
175
-92
-167
0
168
92
-176
-382
-407
-392
-483
-573
-423
0
424
577
487
396
413
389
180
-94
-172
0
173
95
-182
-393
-419
-404
-497
-590
-435
0
437
594
501
408
425
400
186
-97
-178
0
178
98
-187
-405
-431
-415
-512
-608
-448
0
449
611
516
420
438
412
191
-100
-183
0
183
101
-192
-416
-444
-427
-526
-625
-461
0
462
628
530
432
450
423
196
-103
-188
0
188
103
-198
-428
-456
-439
-540
-642
-473
0
474
645
545
443
462
435
201
-105
-193
0
193
106
-203
-439
-468
-450
-555
-659
-486
0
487
662
559
455
474
446
207
-108
-198
0
198
109
-208
-451
-480
-462
-569
-676
-498
0
499
679
573
467
486
457
212
-111
-203
0
203
112
-213
-462
-492
-473
-583
-693
-510
0
512
696
587
478
498
469
217
-114
-208
0
208
114
-219
-473
-504
-485
-597
-709
-523
0
524
713
601
489
510
480
222
-116
-213
0
213
117
-224
-484
-516
-496
-611
-726
-535
0
536
729
615
501
522
491
227
-119
-217
0
218
120
-229
-495
-527
-507
-625
-742
-547
0
548
745
629
512
533
502
232
-122
-222
0
223
122
-234
-506
-539
-519
-639
-758
-559
0
560
762
643
523
545
513
237
-124
-227
0
227
125
-239
-517
-550
-530
-652
-774
-571
0
572
778
656
534
556
523
242
-127
-232
0
232
127
-244
-527
-562
-540
-666
-790
-582
0
583
793
669
545
567
534
247
-129
-236
0
237
130
-249
-538
-573
-551
-679
-806
-594
0
595
809
683
555
578
544
252
-132
-241
0
241
132
-253
-548
-584
-562
-692
-821
-605
0
606
824
696
566
589
554
257
-134
-245
0
246
135
-258
-558
-595
-572
-704
-836
-616
0
617
839
708
576
600
564
261
-137
-250
0
250
137
-263
-568
-605
-582
-717
-851
-627
0
628
854
721
586
611
574
266
-139
-254
0
255
140
-267
-578
-616
-592
-729
-866
-638
0
639
869
733
596
621
584
271
-142
-259
0
259
142
-272
-588
-626
-602
-741
-880
-648
0
649
883
745
606
631
594
275
-144
-263
0
263
144
-276
-597
-636
-612
-753
-894
-659
0
660
897
757
616
641
603
279
-146
-267
0
267
147
-280
-607
-646
-621
-765
-908
-669
0
670
910
768
625
651
612
283
-148
-271
0
271
149
-285
-616
-655
-630
-776
-921
-679
0
680
924
779
634
660
621
288
-150
-275
0
275
151
-289
-624
-665
-639
-787
-934
-688
0
689
937
790
643
669
629
292
-153
-278
0
279
153
-293
-633
-674
-648
-798
-947
-697
0
698
949
801
651
678
638
295
-155
-282
0
283
155
-297
-641
-683
-657
-808
-959
-707
0
707
962
811
660
687
646
299
-157
-286
0
286
157
-300
-649
-691
-665
-818
-971
-715
0
716
973
821
668
695
654
303
-158
-289
0
290
159
-304
-657
-699
-673
-828
-983
-724
0
725
985
831
676
703
662
306
-160
-293
0
293
161
-307
-665
-707
-680
-837
-994
-732
0
733
996
840
683
711
669
310
-162
-296
0
296
162
-311
-672
-715
-688
-846
-1004
-740
0
741
1007
849
691
719
676
313
-164
-299
0
299
164
-314
-679
-723
-695
-855
-1015
-747
0
748
1017
858
698
726
683
316
-165
-302
0
302
166
-317
-685
-730
-702
-864
-1025
-755
0
755
1027
866
704
733
689
319
-167
-305
0
305
167
-320
-692
-736
-708
-872
-1034
-762
0
762
1036
874
711
740
696
322
-168
-308
0
308
169
-323
-698
-743
-714
-879
-1043
-768
0
769
1045
881
717
746
702
325
-170
-310
0
310
170
-326
-704
-749
-720
-886
-1052
-775
0
775
1053
889
723
752
707
327
-171
-313
0
313
172
-328
-709
-755
-726
-893
-1060
-781
0
781
1061
895
728
758
712
330
-173
-315
0
315
173
-331
-715
-760
-731
-900
-1068
-786
0
787
1069
902
733
763
717
332
-174
-317
0
317
174
-333
-719
-766
-736
-906
-1075
-791
0
792
1076
908
738
768
722
334
-175
-319
0
319
175
-335
-724
-770
-741
-911
-1081
-796
0
797
1083
913
742
773
726
336
-176
-321
0
321
176
-337
-728
-775
-745
-917
-1088
-801
0
801
1089
918
747
777
730
338
-177
-323
0
323
177
-339
-732
-779
-749
-922
-1093
-805
0
805
1094
923
750
781
734
340
-178
-324
0
325
178
-340
-736
-783
-753
-926
-1098
-809
0
809
1099
927
754
784
737
341
-179
-326
0
326
179
-342
-739
-786
-756
-930
-1103
-812
0
813
1104
931
757
788
741
343
-179
-327
0
327
179
-343
-742
-789
-759
-933
-1107
-815
0
816
1108
934
760
790
743
344
-180
-328
0
328
180
-344
-744
-792
-761
-937
-1111
-818
0
818
1112
937
762
793
745
345
-180
-329
0
329
181
-345
-746
-794
-763
-939
-1114
-820
0
820
1115
940
764
795
747
346
-181
-330
0
330
181
-346
-748
-796
-765
-941
-1117
-822
0
822
1117
942
766
797
749
347
-181
-331
0
331
181
-347
-750
-798
-767
-943
-1119
-824
0
824
1119
944
767
798
750
347
-182
-331
0
331
182
-347
-751
-799
-768
-945
-1120
-825
0
825
1121
945
768
799
751
348
-182
-332
0
332
182
-348
-751
-799
-769
-945
-1121
-826
0
826
1122
946
769
800
752
348
-182
-332
0
332
182
-348
-752
-800
-769
-946
-1122
-826
0
826
1122
946
769
800
752
348
-182
-332
0
332
182
-348
-752
-800
-769
-946
-1122
-826
0
826
1122
946
769
800
752
348
-182
-332
0
332
182
-348
-752
-800
-769
-945
-1121
-825
0
825
1121
945
768
799
751
348
-182
-332
0
332
182
-348
-751
-799
-768
-945
-1120
-825
0
825
1120
944
768
798
750
347
-182
-331
0
331
182
-347
-750
-798
-767
-943
-1119
-824
0
823
1118
943
766
797
749
347
-181
-331
0
331
181
-346
-749
-796
-765
-942
-1117
-822
0
822
1116
941
765
796
748
346
-181
-330
0
330
181
-346
-747
-795
-764
-939
-1114
-820
0
820
1113
939
763
793
746
345
-180
-329
0
329
180
-345
-745
-792
-762
-937
-1111
-818
0
817
1110
936
761
791
744
344
-180
-328
0
328
180
-344
-743
-790
-759
-934
-1107
-815
0
815
1106
933
758
788
741
343
-179
-327
0
327
179
-342
-740
-787
-756
-930
-1103
-812
0
811
1102
929
755
785
738
341
-179
-326
0
325
178
-341
-737
-784
-753
-926
-1098
-808
0
808
1097
925
752
782
735
340
-178
-324
0
324
178
-339
-733
-780
-749
-922
-1093
-804
0
804
1092
920
748
778
731
338
-177
-322
0
322
177
-338
-730
-776
-746
-917
-1087
-800
0
800
1086
915
744
774
727
336
-176
-321
0
321
176
-336
-725
-771
-741
-912
-1081
-796
0
795
1080
910
740
769
723
334
-175
-319
0
319
175
-334
-721
-767
-737
-906
-1074
-791
0
790
1073
904
735
764
718
332
-174
-317
0
317
173
-332
-716
-762
-732
-900
-1067
-785
0
785
1066
898
730
759
713
330
-172
-315
0
314
172
-329
-711
-756
-727
-894
-1060
-780
0
779
1058
892
725
753
708
327
-171
-312
0
312
171
-327
-706
-751
-721
-887
-1051
-774
0
773
1050
885
719
748
702
325
-170
-310
0
309
170
-324
-700
-744
-715
-880
-1043
-767
0
767
1041
877
713
741
697
322
-168
-307
0
307
168
-321
-694
-738
-709
-872
-1034
-761
0
760
1032
870
707
735
690
319
-167
-304
0
304
167
-318
-688
-731
-703
-864
-1024
-754
0
753
1022
862
700
728
684
316
-165
-301
0
301
165
-315
-681
-724
-696
-856
-1014
-746
0
746
1012
853
693
721
677
313
-164
-298
0
298
163
-312
-674
-717
-689
-847
-1004
-739
0
738
1002
844
686
713
670
310
-162
-295
0
295
162
-309
-667
-709
-681
-838
-993
-731
0
730
991
835
678
705
663
307
-160
-292
0
292
160
-305
-660
-701
-674
-828
-982
-723
0
722
980
826
671
697
655
303
-158
-289
0
288
158
-302
-652
-693
-666
-819
-970
-714
0
713
968
816
663
689
647
299
-156
-285
0
285
156
-298
-644
-685
-658
-809
-959
-705
0
704
956
806
654
680
639
296
-154
-282
0
281
154
-294
-636
-676
-649
-798
-946
-696
0
695
944
795
646
671
631
292
-152
-278
0
278
152
-291
-627
-667
-641
-788
-933
-687
0
686
931
784
637
662
622
288
-150
-274
0
274
150
-286
-619
-658
-632
-777
-920
-677
0
676
918
773
628
653
613
284
-148
-270
0
270
148
-282
-610
-648
-623
-765
-907
-667
0
666
904
762
619
643
604
279
-146
-266
0
266
146
-278
-601
-638
-613
-754
-893
-657
0
656
891
750
609
633
595
275
-144
-262
0
262
143
-274
-591
-628
-604
-742
-879
-647
0
646
876
738
600
623
586
271
-141
-258
0
257
141
-269
-582
-618
-594
-730
-865
-636
0
635
862
726
590
613
576
266
-139
-254
0
253
139
-265
-572
-608
-584
-718
-850
-625
0
624
847
714
580
603
566
262
-137
-249
0
249
136
-260
-562
-597
-574
-705
-835
-615
0
613
832
701
570
592
556
257
-134
-245
0
244
134
-256
-552
-587
-563
-692
-820
-603
0
602
817
688
559
581
546
252
-132
-240
0
240
131
-251
-542
-576
-553
-679
-805
-592
0
591
802
675
549
570
535
248
-129
-236
0
235
129
-246
-531
-565
-542
-666
-789
-581
0
579
786
662
538
559
525
243
-127
-231
0
231
126
-241
-521
-553
-531
-653
-774
-569
0
568
770
649
527
548
514
238
-124
-226
0
226
124
-236
-510
-542
-520
-639
-758
-557
0
556
754
635
516
536
503
233
-122
-222
0
221
121
-231
-499
-530
-509
-626
-741
-545
0
544
738
622
505
524
492
228
-119
-217
0
216
118
-226
-488
-519
-498
-612
-725
-533
0
532
722
608
493
513
481
223
-116
-212
0
211
116
-221
-477
-507
-487
-598
-708
-521
0
520
705
594
482
501
470
217
-114
-207
0
206
113
-216
-466
-495
-475
-584
-692
-509
0
507
688
580
471
489
459
212
-111
-202
0
201
110
-211
-455
-483
-464
-570
-675
-496
0
495
671
565
459
477
448
207
-108
-197
0
196
108
-205
-443
-471
-452
-555
-658
-484
0
483
655
551
447
465
436
202
-105
-192
0
191
105
-200
-432
-459
-440
-541
-641
-471
0
470
638
537
436
453
425
196
-103
-187
0
186
102
-195
-420
-447
-429
-527
-624
-459
0
457
620
522
424
441
414
191
-100
-182
0
181
99
-190
-409
-434
-417
-512
-607
-446
0
445
603
508
412
428
402
186
-97
-177
0
176
96
-184
-397
-422
-405
-498
-590
-433
0
432
586
493
401
416
391
180
-94
-172
0
171
94
-179
-386
-410
-393
-483
-572
-421
0
419
569
479
389
404
379
175
-91
-167
0
166
91
-174
-374
-398
-382
-469
-555
-408
0
407
552
464
377
392
367
170
-89
-161
0
161
88
-168
-363
-385
-370
-454
-538
-395
0
394
535
450
365
379
356
164
-86
-156
0
156
85
-163
-351
-373
-358
-440
-521
-383
0
381
517
435
353
367
344
159
-83
-151
0
151
83
-158
-340
-361
-346
-425
-504
-370
0
369
500
421
342
355
333
154
-80
-146
0
146
80
-152
-328
-349
-335
-411
-487
-358
0
356
483
407
330
343
322
149
-78
-141
0
141
77
-147
-317
-337
-323
-397
-470
-345
0
344
466
392
318
331
310
143
-75
-136
0
136
74
-142
-306
-324
-311
-382
-453
-333
0
331
449
378
307
318
299
138
-72
-131
0
131
71
-136
-294
-312
-300
-368
-436
-320
0
319
432
364
295
306
288
133
-69
-126
0
126
69
-131
-283
-301
-288
-354
-419
-308
0
307
416
350
284
295
276
128
-67
-121
0
121
66
-126
-272
-289
-277
-340
-402
-296
0
294
399
336
272
283
265
123
-64
-116
0
116
63
-121
-261
-277
-266
-326
-386
-284
0
282
383
322
261
271
254
117
-61
-112
0
111
61
-116
-250
-265
-255
-312
-370
-272
0
270
366
308
250
260
243
112
-59
-107
0
106
58
-111
-239
-254
-243
-299
-354
-260
0
259
350
295
239
248
233
107
-56
-102
0
102
56
-106
-228
-243
-233
-285
-338
-248
0
247
335
281
228
237
222
103
-54
-97
0
97
53
-101
-218
-231
-222
-272
-322
-237
0
235
319
268
218
226
212
98
-51
-93
0
92
50
-96
-208
-220
-211
-259
-307
-225
0
224
304
255
207
215
201
93
-48
-88
0
88
48
-92
-197
-209
-201
-246
-291
-214
0
213
288
242
197
204
191
88
-46
-84
0
83
46
-87
-187
-199
-190
-234
-276
-203
0
202
273
230
186
193
181
84
-44
-79
0
79
43
-82
-177
-188
-180
-221
-262
-192
0
191
259
218
176
183
172
79
-41
-75
0
75
41
-78
-168
-178
-170
-209
-247
-182
0
180
244
205
167
173
162
75
-39
-71
0
70
39
-73
-158
-168
-161
-197
-233
-171
0
170
230
194
157
163
153
70
-37
-67
0
66
36
-69
-149
-158
-151
-186
-219
-161
0
160
217
182
148
153
143
66
-34
-63
0
62
34
-65
-140
-148
-142
-174
-206
-151
0
150
203
171
138
143
134
62
-32
-59
0
58
32
-61
-131
-139
-133
-163
-193
-141
0
140
190
160
129
134
126
58
-30
-55
0
55
30
-57
-122
-130
-124
-152
-180
-132
0
131
177
149
121
125
117
54
-28
-51
0
51
28
-53
-114
-121
-116
-142
-167
-123
0
122
165
139
112
116
109
50
-26
-48
0
47
26
-49
-106
-112
-107
-132
-155
-114
0
113
153
128
104
108
101
47
-24
-44
0
44
24
-45
-98
-104
-99
-122
-144
-105
0
104
141
119
96
100
93
43
-22
-41
0
40
22
-42
-90
-96
-91
-112
-132
-97
0
96
130
109
88
92
86
40
-21
-37
0
37
20
-38
-83
-88
-84
-103
-121
-89
0
88
119
100
81
84
79
36
-19
-34
0
34
19
-35
-76
-80
-77
-94
-111
-81
0
81
109
91
74
77
72
33
-17
-31
0
31
17
-32
-69
-73
-70
-85
-101
-74
0
73
99
83
67
70
65
30
-16
-28
0
28
15
-29
-62
-66
-63
-77
-91
-67
0
66
89
75
61
63
59
27
-14
-25
0
25
14
-26
-56
-59
-57
-70
-82
-60
0
59
80
67
54
56
53
24
-13
-23
0
23
12
-23
-50
-53
-51
-62
-73
-54
0
53
72
60
49
50
47
22
-11
-20
0
20
11
-21
-45
-47
-45
-55
-65
-48
0
47
63
53
43
44
41
19
-10
-18
0
18
10
-18
-39
-42
-40
-49
-57
-42
0
41
56
47
38
39
36
17
-9
-16
0
16
8
-16
-34
-36
-35
-42
-50
-36
0
36
48
41
33
34
32
15
-8
-14
0
13
7
-14
-30
-31
-30
-37
-43
-31
0
31
42
35
28
29
27
12
-6
-12
0
11
6
-12
-25
-27
-26
-31
-37
-27
0
26
35
30
24
25
23
11
-5
-10
0
10
5
-10
-21
-23
-21
-26
-31
-22
0
22
30
25
20
21
19
9
-5
-8
0
8
4
-8
-18
-19
-18
-22
-25
-19
0
18
24
20
16
17
16
7
-4
-7
0
7
4
-7
-14
-15
-14
-18
-21
-15
0
15
20
16
13
14
13
6
-3
-5
0
5
3
-5
-11
-12
-11
-14
-16
-12
0
11
15
13
10
11
10
4
-2
-4
0
4
2
-4
-9
-9
-9
-11
-12
-9
0
9
12
10
8
8
7
3
-2
-3
0
3
2
-3
-6
-7
-6
-8
-9
-7
0
6
8
7
6
6
5
2
-1
-2
0
2
1
-2
-4
-5
-4
-5
-6
-4
0
4
6
5
4
4
4
2
-1
-1
0
1
1
-1
-3
-3
-3
-3
-4
-3
0
3
4
3
2
2
2
1
0
-1
0
1
0
-1
-2
-2
-2
-2
-2
-2
0
1
2
2
1
1
1
0
0
0
0
0
0
0
-1
-1
-1
-1
-1
-1
0
1
1
1
0
0
0
0
0
0
0
0
0
0
0
0
0
0
0
0
0
0
0
0
0
0
0
0
0
0
0
0
0
0
0
0
0
0
0
0
0
0
0
0
0
0
0
0
0
0
0
0
0
0
0
0
0
0
0
0
0
0
0
0
0
0
0
0
0
0
0
0
0
0
0
0
0
1
1
0
-1
0
0
0
-1
-1
0
1
1
0
-1
0
0
0
-1
-1
1
2
2
0
-1
-1
0
0
-2
-2
0
2
2
0
-2
-1
0
0
-1
-1
1
4
3
0
-2
-1
0
-1
-3
-3
1
4
3
-1
-3
-1
1
0
-2
-2
2
6
4
0
-3
-2
0
-1
-4
-4
1
6
4
-1
-4
-2
1
0
-3
-3
3
8
6
0
-4
-3
0
-1
-6
-5
2
8
6
-1
-5
-3
1
0
-5
-4
4
11
9
0
-6
-3
0
-2
-8
-7
2
10
8
-2
-7
-3
2
0
-6
-5
5
14
11
-1
-8
-4
1
-2
-10
-9
3
13
10
-2
-9
-4
2
0
-8
-7
7
18
14
-1
-10
-5
1
-3
-12
-11
3
17
13
-3
-11
-5
3
0
-10
-8
8
22
17
-1
-12
-7
1
-4
-15
-14
4
20
16
-3
-14
-6
4
0
-12
-10
10
27
21
-1
-14
-8
1
-4
-18
-17
5
24
19
-4
-16
-8
4
0
-14
-12
12
32
25
-1
-17
-10
1
-5
-21
-20
6
28
22
-5
-19
-9
5
0
-16
-14
14
38
29
-2
-20
-11
2
-6
-25
-23
7
33
26
-5
-23
-11
6
0
-19
-16
16
44
34
-2
-23
-13
2
-7
-29
-26
8
38
29
-6
-26
-12
7
0
-21
-18
19
50
39
-2
-26
-15
2
-8
-33
-30
9
43
33
-7
-29
-14
8
0
-24
-20
21
57
44
-2
-30
-17
2
-9
-37
-34
10
49
38
-8
-33
-16
9
0
-27
-23
24
64
49
-3
-33
-19
3
-10
-41
-38
11
55
42
-9
-37
-17
10
0
-31
-26
26
71
55
-3
-37
-21
3
-12
-46
-43
12
61
47
-10
-41
-19
11
0
-34
-29
29
79
61
-3
-41
-23
3
-13
-51
-47
14
68
52
-11
-46
-21
12
0
-38
-32
32
87
68
-4
-46
-26
4
-14
-57
-52
15
75
57
-12
-50
-24
13
0
-41
-35
36
96
74
-4
-50
-28
4
-15
-62
-57
17
82
63
-13
-55
-26
14
-1
-45
-38
39
105
81
-4
-55
-31
5
-17
-68
-62
18
89
69
-15
-60
-28
16
-1
-49
-42
43
114
88
-5
-60
-33
5
-18
-74
-68
20
97
75
-16
-65
-30
17
-1
-53
-45
46
124
96
-5
-65
-36
5
-20
-80
-73
21
105
81
-17
-71
-33
18
-1
-58
-49
50
134
104
-5
-70
-39
6
-21
-86
-79
23
113
87
-19
-76
-36
20
-1
-62
-52
54
144
112
-6
-75
-42
6
-23
-93
-85
25
122
94
-20
-82
-38
21
-1
-67
-56
58
155
120
-6
-80
-45
7
-25
-99
-91
27
130
100
-21
-88
-41
23
-1
-72
-60
62
166
128
-7
-86
-48
7
-26
-106
-98
29
139
107
-23
-94
-44
25
-1
-77
-64
66
177
137
-7
-92
-52
8
-28
-113
-104
30
149
115
-24
-100
-47
26
-1
-82
-69
70
188
146
-8
-98
-55
8
-30
-121
-111
32
158
122
-26
-106
-50
28
-1
-87
-73
75
200
155
-8
-104
-58
9
-32
-128
-118
34
168
129
-27
-113
-53
29
-1
-92
-77
79
212
164
-9
-110
-62
9
-34
-136
-125
36
178
137
-29
-120
-56
31
-1
-97
-82
84
225
174
-9
-117
-65
10
-36
-143
-132
38
188
145
-31
-126
-59
33
-1
-103
-86
88
237
183
-10
-123
-69
10
-38
-151
-139
41
198
153
-32
-133
-62
35
-1
-108
-91
93
250
193
-10
-130
-73
11
-40
-159
-146
43
209
161
-34
-140
-65
37
-1
-114
-96
98
263
203
-11
-136
-76
11
-42
-167
-154
45
219
169
-36
-147
-69
38
-1
-120
-101
103
276
213
-11
-143
-80
12
-44
-176
-162
47
230
177
-38
-155
-72
40
-2
-126
-106
108
289
224
-12
-150
-84
12
-46
-184
-169
49
241
185
-39
-162
-75
42
-2
-131
-111
113
303
234
-12
-157
-88
13
-48
-193
-177
52
252
194
-41
-169
-79
44
-2
-137
-116
118
316
245
-13
-164
-92
13
-50
-201
-185
54
263
203
-43
-177
-82
46
-2
-143
-121
123
330
255
-13
-171
-96
14
-52
-210
-193
56
275
211
-45
-184
-86
48
-2
-150
-126
128
344
266
-14
-178
-100
15
-55
-219
-201
59
286
220
-47
-192
-89
50
-2
-156
-131
134
358
277
-14
-186
-104
15
-57
-227
-209
61
298
229
-49
-200
-93
52
-2
-162
-136
139
373
288
-15
-193
-108
16
-59
-236
-217
63
309
238
-50
-207
-96
54
-2
-168
-141
144
387
299
-15
-200
-112
16
-61
-245
-226
66
321
247
-52
-215
-100
56
-2
-174
-147
150
401
310
-16
-208
-116
17
-63
-254
-234
68
333
256
-54
-223
-104
58
-2
-181
-152
155
416
321
-17
-215
-120
18
-66
-263
-242
71
344
265
-56
-231
-107
60
-2
-187
-157
161
430
332
-17
-223
-125
18
-68
-273
-251
73
356
274
-58
-239
-111
62
-2
-193
-163
166
445
344
-18
-230
-129
19
-70
-282
-259
75
368
283
-60
-247
-115
64
-2
-200
-168
172
459
355
-18
-238
-133
19
-73
-291
-267
78
380
292
-62
-255
-118
66
-2
-206
-173
177
474
366
-19
-245
-137
20
-75
-300
-276
80
392
301
-64
-263
-122
68
-3
-213
-179
182
489
377
-20
-253
-141
21
-77
-309
-284
83
404
310
-66
-270
-126
70
-3
-219
-184
188
503
389
-20
-260
-146
21
-79
-318
-292
85
416
319
-68
-278
-129
72
-3
-225
-189
193
518
400
-21
-268
-150
22
-82
-327
-301
88
427
329
-70
-286
-133
74
-3
-232
-195
199
532
411
-21
-275
-154
23
-84
-336
-309
90
439
338
-72
-294
-137
76
-3
-238
-200
204
547
422
-22
-283
-158
23
-86
-345
-317
92
451
347
-74
-302
-140
78
-3
-244
-205
210
561
433
-22
-290
-162
24
-89
-354
-326
95
463
356
-75
-310
-144
80
-3
-251
-210
215
575
444
-23
-297
-166
24
-91
-363
-334
97
474
365
-77
-318
-148
83
-3
-257
-216
220
590
455
-24
-305
-171
25
-93
-372
-342
100
486
373
-79
-325
-151
84
-3
-263
-221
226
604
466
-24
-312
-175
26
-95
-381
-350
102
497
382
-81
-333
-155
86
-3
-269
-226
231
618
477
-25
-319
-179
26
-97
-390
-358
104
509
391
-83
-340
-158
88
-3
-275
-231
236
632
488
-25
-326
-183
27
-100
-399
-366
107
520
400
-85
-348
-162
90
-3
-281
-236
241
645
498
-26
-333
-187
27
-102
-407
-374
109
531
408
-87
-355
-165
92
-3
-287
-241
246
659
509
-26
-340
-190
28
-104
-416
-382
111
542
417
-88
-363
-169
94
-4
-293
-246
251
672
519
-27
-347
-194
28
-106
-424
-389
113
553
425
-90
-370
-172
96
-4
-299
-251
256
686
529
-27
-354
-198
29
-108
-432
-397
115
563
433
-92
-377
-175
98
-4
-304
-256
261
699
539
-28
-361
-202
29
-110
-440
-404
118
574
441
-93
-384
-178
100
-4
-310
-260
266
711
549
-28
-367
-205
30
-112
-448
-412
120
584
449
-95
-391
-182
101
-4
-316
-265
271
724
559
-29
-374
-209
31
-114
-456
-419
122
594
457
-97
-398
-185
103
-4
-321
-270
275
736
568
-29
-380
-213
31
-116
-464
-426
124
604
464
-98
-404
-188
105
-4
-326
-274
280
748
578
-30
-386
-216
32
-118
-471
-433
126
614
472
-100
-411
-191
107
-4
-331
-278
284
760
587
-30
-392
-220
32
-120
-479
-440
128
624
479
-102
-417
-194
108
-4
-337
-283
288
772
596
-31
-398
-223
33
-121
-486
-446
130
633
486
-103
-423
-197
110
-4
-342
-287
293
783
604
-31
-404
-226
33
-123
-493
-453
132
642
493
-105
-429
-199
111
-4
-346
-291
297
794
613
-32
-410
-229
33
-125
-500
-459
133
651
500
-106
-435
-202
113
-4
-351
-295
301
805
621
-32
-415
-232
34
-126
-506
-465
135
660
507
-107
-441
-205
114
-4
-356
-299
305
815
629
-33
-420
-235
34
-128
-513
-471
137
668
513
-109
-446
-207
116
-4
-360
-302
308
825
637
-33
-426
-238
35
-130
-519
-477
139
676
519
-110
-452
-210
117
-4
-364
-306
312
835
644
-33
-431
-241
35
-131
-525
-482
140
684
525
-111
-457
-212
119
-4
-368
-309
316
845
652
-34
-435
-244
36
-133
-531
-487
142
691
531
-113
-462
-215
120
-4
-372
-313
319
854
659
-34
-440
-246
36
-134
-536
-493
143
699
537
-114
-467
-217
121
-5
-376
-316
322
862
665
-34
-445
-249
36
-135
-542
-497
145
705
542
-115
-471
-219
122
-5
-380
-319
325
871
672
-35
-449
-251
37
-137
-547
-502
146
712
547
-116
-476
-221
123
-5
-383
-322
328
879
678
-35
-453
-253
37
-138
-552
-507
147
718
552
-117
-480
-223
124
-5
-387
-325
331
886
684
-35
-457
-256
37
-139
-556
-511
149
724
556
-118
-484
-225
126
-5
-390
-327
334
893
689
-36
-460
-258
38
-140
-561
-515
150
730
561
-119
-488
-226
126
-5
-393
-330
337
900
694
-36
-464
-260
38
-141
-565
-519
151
736
565
-120
-491
-228
127
-5
-396
-332
339
907
699
-36
-467
-261
38
-142
-569
-522
152
741
569
-120
-495
-230
128
-5
-398
-334
341
913
704
-36
-470
-263
38
-143
-573
-526
153
745
572
-121
-498
-231
129
-5
-401
-336
343
918
708
-37
-473
-265
39
-144
-576
-529
154
750
576
-122
-501
-232
130
-5
-403
-338
345
924
712
-37
-476
-266
39
-145
-579
-532
155
754
579
-123
-503
-234
130
-5
-405
-340
347
928
716
-37
-478
-267
39
-145
-582
-534
155
757
582
-123
-506
-235
131
-5
-407
-342
349
933
719
-37
-480
-269
39
-146
-585
-537
156
761
584
-124
-508
-236
132
-5
-409
-343
350
937
722
-37
-482
-270
39
-147
-587
-539
157
764
587
-124
-510
-237
132
-5
-411
-344
351
940
725
-38
-484
-271
40
-147
-589
-541
157
767
589
-125
-512
-238
133
-5
-412
-346
353
943
727
-38
-486
-272
40
-148
-591
-542
158
769
590
-125
-513
-238
133
-5
-413
-347
354
946
729
-38
-487
-272
40
-148
-593
-544
158
771
592
-125
-514
-239
133
-5
-414
-347
354
948
731
-38
-488
-273
40
-148
-594
-545
158
772
593
-126
-515
-239
134
-5
-415
-348
355
950
732
-38
-489
-273
40
-149
-595
-546
159
774
594
-126
-516
-240
134
-5
-415
-349
356
951
733
-38
-489
-274
40
-149
-595
-546
159
774
595
-126
-517
-240
134
-5
-416
-349
356
952
734
-38
-490
-274
40
-149
-596
-547
159
775
595
-126
-517
-240
134
-5
-416
-349
356
952
734
-38
-490
-274
40
-149
-596
-547
159
775
595
-126
-517
-240
134
-5
-416
-349
356
952
734
-38
-490
-274
40
-149
-596
-547
159
775
595
-126
-517
-240
134
-5
-416
-349
356
951
733
-38
-490
-274
40
-149
-595
-546
159
774
594
-126
-516
-240
134
-5
-415
-348
355
950
733
-38
-489
-273
40
-149
-595
-546
159
773
594
-126
-516
-239
134
-5
-415
-348
355
949
732
-38
-488
-273
40
-148
-594
-545
158
772
592
-125
-515
-239
133
-5
-414
-347
354
947
730
-38
-487
-272
40
-148
-592
-544
158
770
591
-125
-514
-238
133
-5
-413
-346
353
945
728
-38
-486
-272
40
-148
-591
-542
158
768
590
-125
-512
-238
133
-5
-412
-345
352
942
726
-38
-485
-271
40
-147
-589
-541
157
766
588
-124
-510
-237
132
-5
-410
-344
351
939
724
-37
-483
-270
39
-147
-587
-539
157
763
586
-124
-509
-236
132
-5
-409
-343
350
935
721
-37
-481
-269
39
-146
-585
-536
156
760
583
-123
-506
-235
131
-5
-407
-342
348
931
718
-37
-479
-268
39
-146
-582
-534
155
756
580
-123
-504
-234
131
-5
-405
-340
347
927
714
-37
-477
-266
39
-145
-579
-531
154
752
578
-122
-502
-233
130
-5
-403
-338
345
922
710
-37
-474
-265
39
-144
-576
-528
154
748
574
-122
-499
-231
129
-5
-401
-336
343
916
706
-37
-471
-263
38
-143
-573
-525
153
744
571
-121
-496
-230
128
-5
-398
-334
341
911
702
-36
-468
-262
38
-142
-569
-522
152
739
567
-120
-492
-229
128
-5
-396
-332
338
905
697
-36
-465
-260
38
-141
-565
-518
151
734
563
-119
-489
-227
127
-5
-393
-329
336
898
692
-36
-462
-258
38
-140
-561
-514
149
728
559
-118
-485
-225
126
-5
-390
-327
333
891
687
-36
-458
-256
37
-139
-556
-510
148
722
554
-117
-481
-223
125
-5
-387
-324
331
884
681
-35
-454
-254
37
-138
-552
-506
147
716
550
-116
-477
-221
124
-5
-383
-321
328
876
675
-35
-450
-252
37
-137
-547
-501
146
710
545
-115
-473
-219
122
-5
-380
-318
325
868
669
-35
-446
-249
36
-135
-541
-497
144
703
540
-114
-468
-217
121
-5
-376
-315
322
859
662
-34
-442
-247
36
-134
-536
-492
143
696
534
-113
-464
-215
120
-4
-372
-312
318
851
655
-34
-437
-244
36
-133
-530
-487
141
689
528
-112
-459
-213
119
-4
-368
-309
315
841
648
-34
-432
-242
35
-131
-525
-481
140
681
523
-111
-454
-210
117
-4
-364
-305
311
832
641
-33
-427
-239
35
-130
-519
-476
138
673
517
-109
-448
-208
116
-4
-360
-302
308
822
633
-33
-422
-236
34
-128
-512
-470
137
665
510
-108
-443
-205
115
-4
-355
-298
304
812
625
-32
-417
-233
34
-127
-506
-464
135
657
504
-107
-437
-203
113
-4
-351
-294
300
801
617
-32
-412
-230
34
-125
-499
-458
133
648
497
-105
-431
-200
112
-4
-346
-290
296
790
609
-32
-406
-227
33
-123
-492
-452
131
639
490
-104
-425
-197
110
-4
-341
-286
292
779
600
-31
-400
-224
33
-121
-485
-445
129
630
483
-102
-419
-194
108
-4
-336
-282
287
768
592
-31
-394
-220
32
-120
-478
-439
127
620
476
-101
-413
-192
107
-4
-331
-278
283
756
583
-30
-388
-217
32
-118
-471
-432
125
611
469
-99
-406
-189
105
-4
-326
-273
279
744
573
-30
-382
-214
31
-116
-463
-425
123
601
461
-98
-400
-185
103
-4
-321
-269
274
732
564
-29
-376
-210
31
-114
-456
-418
121
591
453
-96
-393
-182
102
-4
-315
-264
269
720
554
-29
-369
-206
30
-112
-448
-411
119
581
445
-94
-386
-179
100
-4
-310
-260
265
707
545
-28
-363
-203
30
-110
-440
-403
117
570
437
-93
-379
-176
98
-4
-304
-255
260
694
535
-28
-356
-199
29
-108
-432
-396
115
560
429
-91
-372
-173
96
-4
-298
-250
255
681
525
-27
-350
-195
28
-106
-423
-388
113
549
421
-89
-365
-169
94
-4
-293
-245
250
668
514
-27
-343
-191
28
-104
-415
-381
111
538
413
-87
-358
-166
93
-3
-287
-240
245
654
504
-26
-336
-188
27
-102
-407
-373
108
527
404
-86
-351
-163
91
-3
-281
-235
240
641
493
-26
-329
-184
27
-100
-398
-365
106
516
396
-84
-343
-159
89
-3
-275
-230
235
627
483
-25
-322
-180
26
-97
-389
-357
104
505
387
-82
-336
-156
87
-3
-269
-225
229
613
472
-24
-314
-176
26
-95
-381
-349
101
493
378
-80
-328
-152
85
-3
-263
-220
224
599
461
-24
-307
-172
25
-93
-372
-341
99
482
369
-78
-320
-148
83
-3
-256
-215
219
585
450
-23
-300
-167
24
-91
-363
-333
97
470
361
-76
-313
-145
81
-3
-250
-210
214
570
439
-23
-293
-163
24
-89
-354
-324
94
459
352
-74
-305
-141
79
-3
-244
-204
208
556
428
-22
-285
-159
23
-86
-345
-316
92
447
343
-72
-297
-138
77
-3
-238
-199
203
542
417
-22
-278
-155
23
-84
-336
-308
89
435
334
-71
-289
-134
75
-3
-231
-194
197
527
406
-21
-270
-151
22
-82
-327
-300
87
423
325
-69
-281
-130
73
-3
-225
-188
192
513
395
-20
-263
-147
21
-80
-318
-291
85
411
315
-67
-273
-127
71
-3
-219
-183
187
498
383
-20
-255
-143
21
-77
-309
-283
82
400
306
-65
-265
-123
69
-3
-212
-178
181
483
372
-19
-248
-138
20
-75
-299
-274
80
388
297
-63
-257
-119
67
-2
-206
-172
176
469
361
-19
-240
-134
20
-73
-290
-266
77
376
288
-61
-249
-116
64
-2
-199
-167
170
454
350
-18
-233
-130
19
-70
-281
-258
75
364
279
-59
-242
-112
62
-2
-193
-162
165
440
338
-17
-225
-126
18
-68
-272
-249
72
352
270
-57
-234
-108
60
-2
-187
-156
159
425
327
-17
-218
-122
18
-66
-263
-241
70
340
261
-55
-226
-105
58
-2
-180
-151
154
411
316
-16
-210
-117
17
-64
-254
-233
68
328
252
-53
-218
-101
56
-2
-174
-146
148
396
305
-16
-203
-113
16
-61
-245
-224
65
317
243
-51
-210
-97
54
-2
-168
-141
143
382
294
-15
-195
-109
16
-59
-236
-216
63
305
234
-49
-202
-94
52
-2
-162
-135
138
368
283
-15
-188
-105
15
-57
-227
-208
60
293
225
-48
-195
-90
50
-2
-155
-130
132
353
272
-14
-181
-101
15
-55
-218
-200
58
282
216
-46
-187
-87
48
-2
-149
-125
127
339
261
-13
-174
-97
14
-52
-209
-192
56
271
207
-44
-179
-83
46
-2
-143
-120
122
325
250
-13
-166
-93
14
-50
-201
-184
53
259
199
-42
-172
-80
44
-2
-137
-115
117
312
240
-12
-159
-89
13
-48
-192
-176
51
248
190
-40
-164
-76
42
-2
-131
-110
112
298
229
-12
-152
-85
12
-46
-184
-168
49
237
182
-38
-157
-73
41
-2
-125
-105
107
285
219
-11
-145
-81
12
-44
-175
-160
47
226
173
-37
-150
-69
39
-1
-119
-100
102
271
209
-11
-139
-77
11
-42
-167
-153
44
215
165
-35
-143
-66
37
-1
-114
-95
97
258
199
-10
-132
-74
11
-40
-159
-145
42
205
157
-33
-136
-63
35
-1
-108
-90
92
245
189
-10
-125
-70
10
-38
-151
-138
40
195
149
-31
-129
-60
33
-1
-102
-86
87
233
179
-9
-119
-66
10
-36
-143
-131
38
184
141
-30
-122
-56
31
-1
-97
-81
83
220
169
-9
-112
-63
9
-34
-135
-124
36
174
133
-28
-115
-53
30
-1
-92
-77
78
208
160
-8
-106
-59
9
-32
-128
-117
34
164
126
-27
-109
-50
28
-1
-86
-72
74
196
151
-8
-100
-56
8
-30
-120
-110
32
155
118
-25
-102
-47
26
-1
-81
-68
69
184
142
-7
-94
-52
8
-28
-113
-103
30
145
111
-23
-96
-44
25
-1
-76
-64
65
173
133
-7
-88
-49
7
-27
-106
-97
28
136
104
-22
-90
-42
23
-1
-71
-60
61
162
124
-6
-82
-46
7
-25
-99
-90
26
127
97
-21
-84
-39
22
-1
-67
-56
57
151
116
-6
-77
-43
6
-23
-92
-84
24
119
91
-19
-78
-36
20
-1
-62
-52
53
140
108
-6
-72
-40
6
-22
-86
-78
23
110
84
-18
-73
-34
19
-1
-58
-48
49
130
100
-5
-66
-37
5
-20
-79
-73
21
102
78
-16
-67
-31
17
-1
-53
-45
45
120
92
-5
-61
-34
5
-18
-73
-67
19
94
72
-15
-62
-29
16
-1
-49
-41
42
111
85
-4
-56
-31
5
-17
-67
-62
18
86
66
-14
-57
-26
15
-1
-45
-38
38
102
78
-4
-52
-29
4
-15
-62
-56
16
79
60
-13
-52
-24
13
0
-41
-34
35
93
71
-4
-47
-26
4
-14
-56
-51
15
72
55
-12
-47
-22
12
0
-37
-31
32
84
65
-3
-43
-24
3
-13
-51
-47
13
65
50
-11
-43
-20
11
0
-34
-28
29
76
58
-3
-39
-21
3
-12
-46
-42
12
59
45
-9
-39
-18
10
0
-30
-25
26
69
53
-3
-35
-19
3
-10
-41
-38
11
53
40
-8
-35
-16
9
0
-27
-23
23
61
47
-2
-31
-17
2
-9
-37
-34
10
47
36
-8
-31
-14
8
0
-24
-20
20
54
42
-2
-27
-15
2
-8
-32
-30
9
41
32
-7
-27
-12
7
0
-21
-18
18
48
36
-2
-24
-13
2
-7
-28
-26
7
36
28
-6
-24
-11
6
0
-19
-15
16
41
32
-2
-21
-12
2
-6
-25
-22
6
31
24
-5
-20
-9
5
0
-16
-13
13
36
27
-1
-18
-10
1
-5
-21
-19
6
27
20
-4
-17
-8
4
0
-14
-11
11
30
23
-1
-15
-8
1
-5
-18
-16
5
23
17
-4
-15
-7
4
0
-11
-10
10
25
19
-1
-13
-7
1
-4
-15
-14
4
19
14
-3
-12
-6
3
0
-9
-8
8
21
16
-1
-10
-6
1
-3
-12
-11
3
15
12
-2
-10
-5
3
0
-8
-6
6
17
13
-1
-8
-5
1
-2
-10
-9
3
12
9
-2
-8
-4
2
0
-6
-5
5
13
10
-1
-7
-4
1
-2
-8
-7
2
9
7
-1
-6
-3
2
0
-5
-4
4
10
8
0
-5
-3
0
-1
-6
-5
1
7
5
-1
-4
-2
1
0
-3
-3
3
7
6
0
-4
-2
0
-1
-4
-4
1
5
4
-1
-3
-1
1
0
-2
-2
2
5
4
0
-2
-1
0
-1
-3
-2
1
3
2
0
-2
-1
0
0
-1
-1
1
3
2
0
-1
-1
0
0
-2
-1
0
2
1
0
-1
-1
0
0
-1
-1
1
2
1
0
-1
0
0
0
-1
-1
0
1
1
0
-1
0
0
0
0
0
0
1
0
0
0
0
0
0
0
0
0
0
0
0
0
0
0
0
0
0
0
0
0
0
0
0
0
0
0
0
0
0
0
0
0
0
0
0
0
0
0
0
0
0
0
0
0
0
0
0
0
0
0
0
0
0
0
0
0
0
0
0
0
0
0
0
0
0
0
0
0
0
0
0
0
0
0
1
1
0
-1
0
0
0
-1
-1
0
1
1
0
-1
0
0
0
-1
-1
1
2
2
0
-1
-1
0
0
-2
-2
0
2
2
0
-2
-1
0
0
-1
-1
1
4
3
0
-2
-1
0
-1
-3
-3
1
4
3
-1
-3
-1
1
0
-2
-2
2
6
4
0
-3
-2
0
-1
-4
-4
1
6
4
-1
-4
-2
1
0
-3
-3
3
8
6
0
-4
-3
0
-1
-6
-5
2
8
6
-1
-5
-3
1
0
-5
-4
4
11
9
0
-6
-3
0
-2
-8
-7
2
10
8
-2
-7
-3
2
0
-6
-5
5
14
11
-1
-8
-4
1
-2
-10
-9
3
13
10
-2
-9
-4
2
0
-8
-7
7
18
14
-1
-10
-5
1
-3
-12
-11
3
17
13
-3
-11
-5
3
0
-10
-8
8
22
17
-1
-12
-7
1
-4
-15
-14
4
20
16
-3
-14
-6
4
0
-12
-10
10
27
21
-1
-14
-8
1
-4
-18
-17
5
24
19
-4
-16
-8
4
0
-14
-12
12
32
25
-1
-17
-10
1
-5
-21
-20
6
28
22
-5
-19
-9
5
0
-16
-14
14
38
29
-2
-20
-11
2
-6
-25
-23
7
33
26
-5
-23
-11
6
0
-19
-16
16
44
34
-2
-23
-13
2
-7
-29
-26
8
38
29
-6
-26
-12
7
0
-21
-18
19
50
39
-2
-26
-15
2
-8
-33
-30
9
43
33
-7
-29
-14
8
0
-24
-20
21
57
44
-2
-30
-17
2
-9
-37
-34
10
49
38
-8
-33
-16
9
0
-27
-23
24
64
49
-3
-33
-19
3
-10
-41
-38
11
55
42
-9
-37
-17
10
0
-31
-26
26
71
55
-3
-37
-21
3
-12
-46
-43
12
61
47
-10
-41
-19
11
0
-34
-29
29
79
61
-3
-41
-23
3
-13
-51
-47
14
68
52
-11
-46
-21
12
0
-38
-32
32
87
68
-4
-46
-26
4
-14
-57
-52
15
75
57
-12
-50
-24
13
0
-41
-35
36
96
74
-4
-50
-28
4
-15
-62
-57
17
82
63
-13
-55
-26
14
-1
-45
-38
39
105
81
-4
-55
-31
5
-17
-68
-62
18
89
69
-15
-60
-28
16
-1
-49
-42
43
114
88
-5
-60
-33
5
-18
-74
-68
20
97
75
-16
-65
-30
17
-1
-53
-45
46
124
96
-5
-65
-36
5
-20
-80
-73
21
105
81
-17
-71
-33
18
-1
-58
-49
50
134
104
-5
-70
-39
6
-21
-86
-79
23
113
87
-19
-76
-36
20
-1
-62
-52
54
144
112
-6
-75
-42
6
-23
-93
-85
25
122
94
-20
-82
-38
21
-1
-67
-56
58
155
120
-6
-80
-45
7
-25
-99
-91
27
130
100
-21
-88
-41
23
-1
-72
-60
62
166
128
-7
-86
-48
7
-26
-106
-98
29
139
107
-23
-94
-44
25
-1
-77
-64
66
177
137
-7
-92
-52
8
-28
-113
-104
30
149
115
-24
-100
-47
26
-1
-82
-69
70
188
146
-8
-98
-55
8
-30
-121
-111
32
158
122
-26
-106
-50
28
-1
-87
-73
75
200
155
-8
-104
-58
9
-32
-128
-118
34
168
129
-27
-113
-53
29
-1
-92
-77
79
212
164
-9
-110
-62
9
-34
-136
-125
36
178
137
-29
-120
-56
31
-1
-97
-82
84
225
174
-9
-117
-65
10
-36
-143
-132
38
188
145
-31
-126
-59
33
-1
-103
-86
88
237
183
-10
-123
-69
10
-38
-151
-139
41
198
153
-32
-133
-62
35
-1
-108
-91
93
250
193
-10
-130
-73
11
-40
-159
-146
43
209
161
-34
-140
-65
37
-1
-114
-96
98
263
203
-11
-136
-76
11
-42
-167
-154
45
219
169
-36
-147
-69
38
-1
-120
-101
103
276
213
-11
-143
-80
12
-44
-176
-162
47
230
177
-38
-155
-72
40
-2
-126
-106
108
289
224
-12
-150
-84
12
-46
-184
-169
49
241
185
-39
-162
-75
42
-2
-131
-111
113
303
234
-12
-157
-88
13
-48
-193
-177
52
252
194
-41
-169
-79
44
-2
-137
-116
118
316
245
-13
-164
-92
13
-50
-201
-185
54
263
203
-43
-177
-82
46
-2
-143
-121
123
330
255
-13
-171
-96
14
-52
-210
-193
56
275
211
-45
-184
-86
48
-2
-150
-126
128
344
266
-14
-178
-100
15
-55
-219
-201
59
286
220
-47
-192
-89
50
-2
-156
-131
134
358
277
-14
-186
-104
15
-57
-227
-209
61
298
229
-49
-200
-93
52
-2
-162
-136
139
373
288
-15
-193
-108
16
-59
-236
-217
63
309
238
-50
-207
-96
54
-2
-168
-141
144
387
299
-15
-200
-112
16
-61
-245
-226
66
321
247
-52
-215
-100
56
-2
-174
-147
150
401
310
-16
-208
-116
17
-63
-254
-234
68
333
256
-54
-223
-104
58
-2
-181
-152
155
416
321
-17
-215
-120
18
-66
-263
-242
71
344
265
-56
-231
-107
60
-2
-187
-157
161
430
332
-17
-223
-125
18
-68
-273
-251
73
356
274
-58
-239
-111
62
-2
-193
-163
166
445
344
-18
-230
-129
19
-70
-282
-259
75
368
283
-60
-247
-115
64
-2
-200
-168
172
459
355
-18
-238
-133
19
-73
-291
-267
78
380
292
-62
-255
-118
66
-2
-206
-173
177
474
366
-19
-245
-137
20
-75
-300
-276
80
392
301
-64
-263
-122
68
-3
-213
-179
182
489
377
-20
-253
-141
21
-77
-309
-284
83
404
310
-66
-270
-126
70
-3
-219
-184
188
503
389
-20
-260
-146
21
-79
-318
-292
85
416
319
-68
-278
-129
72
-3
-225
-189
193
518
400
-21
-268
-150
22
-82
-327
-301
88
427
329
-70
-286
-133
74
-3
-232
-195
199
532
411
-21
-275
-154
23
-84
-336
-309
90
439
338
-72
-294
-137
76
-3
-238
-200
204
547
422
-22
-283
-158
23
-86
-345
-317
92
451
347
-74
-302
-140
78
-3
-244
-205
210
561
433
-22
-290
-162
24
-89
-354
-326
95
463
356
-75
-310
-144
80
-3
-251
-210
215
575
444
-23
-297
-166
24
-91
-363
-334
97
474
365
-77
-318
-148
83
-3
-257
-216
220
590
455
-24
-305
-171
25
-93
-372
-342
100
486
373
-79
-325
-151
84
-3
-263
-221
226
604
466
-24
-312
-175
26
-95
-381
-350
102
497
382
-81
-333
-155
86
-3
-269
-226
231
618
477
-25
-319
-179
26
-97
-390
-358
104
509
391
-83
-340
-158
88
-3
-275
-231
236
632
488
-25
-326
-183
27
-100
-399
-366
107
520
400
-85
-348
-162
90
-3
-281
-236
241
645
498
-26
-333
-187
27
-102
-407
-374
109
531
408
-87
-355
-165
92
-3
-287
-241
246
659
509
-26
-340
-190
28
-104
-416
-382
111
542
417
-88
-363
-169
94
-4
-293
-246
251
672
519
-27
-347
-194
28
-106
-424
-389
113
553
425
-90
-370
-172
96
-4
-299
-251
256
686
529
-27
-354
-198
29
-108
-432
-397
115
563
433
-92
-377
-175
98
-4
-304
-256
261
699
539
-28
-361
-202
29
-110
-440
-404
118
574
441
-93
-384
-178
100
-4
-310
-260
266
711
549
-28
-367
-205
30
-112
-448
-412
120
584
449
-95
-391
-182
101
-4
-316
-265
271
724
559
-29
-374
-209
31
-114
-456
-419
122
594
457
-97
-398
-185
103
-4
-321
-270
275
736
568
-29
-380
-213
31
-116
-464
-426
124
604
464
-98
-404
-188
105
-4
-326
-274
280
748
578
-30
-386
-216
32
-118
-471
-433
126
614
472
-100
-411
-191
107
-4
-331
-278
284
760
587
-30
-392
-220
32
-120
-479
-440
128
624
479
-102
-417
-194
108
-4
-337
-283
288
772
596
-31
-398
-223
33
-121
-486
-446
130
633
486
-103
-423
-197
110
-4
-342
-287
293
783
604
-31
-404
-226
33
-123
-493
-453
132
642
493
-105
-429
-199
111
-4
-346
-291
297
794
613
-32
-410
-229
33
-125
-500
-459
133
651
500
-106
-435
-202
113
-4
-351
-295
301
805
621
-32
-415
-232
34
-126
-506
-465
135
660
507
-107
-441
-205
114
-4
-356
-299
305
815
629
-33
-420
-235
34
-128
-513
-471
137
668
513
-109
-446
-207
116
-4
-360
-302
308
825
637
-33
-426
-238
35
-130
-519
-477
139
676
519
-110
-452
-210
117
-4
-364
-306
312
835
644
-33
-431
-241
35
-131
-525
-482
140
684
525
-111
-457
-212
119
-4
-368
-309
316
845
652
-34
-435
-244
36
-133
-531
-487
142
691
531
-113
-462
-215
120
-4
-372
-313
319
854
659
-34
-440
-246
36
-134
-536
-493
143
699
537
-114
-467
-217
121
-5
-376
-316
322
862
665
-34
-445
-249
36
-135
-542
-497
145
705
542
-115
-471
-219
122
-5
-380
-319
325
871
672
-35
-449
-251
37
-137
-547
-502
146
712
547
-116
-476
-221
123
-5
-383
-322
328
879
678
-35
-453
-253
37
-138
-552
-507
147
718
552
-117
-480
-223
124
-5
-387
-325
331
886
684
-35
-457
-256
37
-139
-556
-511
149
724
556
-118
-484
-225
126
-5
-390
-327
334
893
689
-36
-460
-258
38
-140
-561
-515
150
730
561
-119
-488
-226
126
-5
-393
-330
337
900
694
-36
-464
-260
38
-141
-565
-519
151
736
565
-120
-491
-228
127
-5
-396
-332
339
907
699
-36
-467
-261
38
-142
-569
-522
152
741
569
-120
-495
-230
128
-5
-398
-334
341
913
704
-36
-470
-263
38
-143
-573
-526
153
745
572
-121
-498
-231
129
-5
-401
-336
343
918
708
-37
-473
-265
39
-144
-576
-529
154
750
576
-122
-501
-232
130
-5
-403
-338
345
924
712
-37
-476
-266
39
-145
-579
-532
155
754
579
-123
-503
-234
130
-5
-405
-340
347
928
716
-37
-478
-267
39
-145
-582
-534
155
757
582
-123
-506
-235
131
-5
-407
-342
349
933
719
-37
-480
-269
39
-146
-585
-537
156
761
584
-124
-508
-236
132
-5
-409
-343
350
937
722
-37
-482
-270
39
-147
-587
-539
157
764
587
-124
-510
-237
132
-5
-411
-344
351
940
725
-38
-484
-271
40
-147
-589
-541
157
767
589
-125
-512
-238
133
-5
-412
-346
353
943
727
-38
-486
-272
40
-148
-591
-542
158
769
590
-125
-513
-238
133
-5
-413
-347
354
946
729
-38
-487
-272
40
-148
-593
-544
158
771
592
-125
-514
-239
133
-5
-414
-347
354
948
731
-38
-488
-273
40
-148
-594
-545
158
772
593
-126
-515
-239
134
-5
-415
-348
355
950
732
-38
-489
-273
40
-149
-595
-546
159
774
594
-126
-516
-240
134
-5
-415
-349
356
951
733
-38
-489
-274
40
-149
-595
-546
159
774
595
-126
-517
-240
134
-5
-416
-349
356
952
734
-38
-490
-274
40
-149
-596
-547
159
775
595
-126
-517
-240
134
-5
-416
-349
356
952
734
-38
-490
-274
40
-149
-596
-547
159
775
595
-126
-517
-240
134
-5
-416
-349
356
952
734
-38
-490
-274
40
-149
-596
-547
159
775
595
-126
-517
-240
134
-5
-416
-349
356
951
733
-38
-490
-274
40
-149
-595
-546
159
774
594
-126
-516
-240
134
-5
-415
-348
355
950
733
-38
-489
-273
40
-149
-595
-546
159
773
594
-126
-516
-239
134
-5
-415
-348
355
949
732
-38
-488
-273
40
-148
-594
-545
158
772
592
-125
-515
-239
133
-5
-414
-347
354
947
730
-38
-487
-272
40
-148
-592
-544
158
770
591
-125
-514
-238
133
-5
-413
-346
353
945
728
-38
-486
-272
40
-148
-591
-542
158
768
590
-125
-512
-238
133
-5
-412
-345
352
942
726
-38
-485
-271
40
-147
-589
-541
157
766
588
-124
-510
-237
132
-5
-410
-344
351
939
724
-37
-483
-270
39
-147
-587
-539
157
763
586
-124
-509
-236
132
-5
-409
-343
350
935
721
-37
-481
-269
39
-146
-585
-536
156
760
583
-123
-506
-235
131
-5
-407
-342
348
931
718
-37
-479
-268
39
-146
-582
-534
155
756
580
-123
-504
-234
131
-5
-405
-340
347
927
714
-37
-477
-266
39
-145
-579
-531
154
752
578
-122
-502
-233
130
-5
-403
-338
345
922
710
-37
-474
-265
39
-144
-576
-528
154
748
574
-122
-499
-231
129
-5
-401
-336
343
916
706
-37
-471
-263
38
-143
-573
-525
153
744
571
-121
-496
-230
128
-5
-398
-334
341
911
702
-36
-468
-262
38
-142
-569
-522
152
739
567
-120
-492
-229
128
-5
-396
-332
338
905
697
-36
-465
-260
38
-141
-565
-518
151
734
563
-119
-489
-227
127
-5
-393
-329
336
898
692
-36
-462
-258
38
-140
-561
-514
149
728
559
-118
-485
-225
126
-5
-390
-327
333
891
687
-36
-458
-256
37
-139
-556
-510
148
722
554
-117
-481
-223
125
-5
-387
-324
331
884
681
-35
-454
-254
37
-138
-552
-506
147
716
550
-116
-477
-221
124
-5
-383
-321
328
876
675
-35
-450
-252
37
-137
-547
-501
146
710
545
-115
-473
-219
122
-5
-380
-318
325
868
669
-35
-446
-249
36
-135
-541
-497
144
703
540
-114
-468
-217
121
-5
-376
-315
322
859
662
-34
-442
-247
36
-134
-536
-492
143
696
534
-113
-464
-215
120
-4
-372
-312
318
851
655
-34
-437
-244
36
-133
-530
-487
141
689
528
-112
-459
-213
119
-4
-368
-309
315
841
648
-34
-432
-242
35
-131
-525
-481
140
681
523
-111
-454
-210
117
-4
-364
-305
311
832
641
-33
-427
-239
35
-130
-519
-476
138
673
517
-109
-448
-208
116
-4
-360
-302
308
822
633
-33
-422
-236
34
-128
-512
-470
137
665
510
-108
-443
-205
115
-4
-355
-298
304
812
625
-32
-417
-233
34
-127
-506
-464
135
657
504
-107
-437
-203
113
-4
-351
-294
300
801
617
-32
-412
-230
34
-125
-499
-458
133
648
497
-105
-431
-200
112
-4
-346
-290
296
790
609
-32
-406
-227
33
-123
-492
-452
131
639
490
-104
-425
-197
110
-4
-341
-286
292
779
600
-31
-400
-224
33
-121
-485
-445
129
630
483
-102
-419
-194
108
-4
-336
-282
287
768
592
-31
-394
-220
32
-120
-478
-439
127
620
476
-101
-413
-192
107
-4
-331
-278
283
756
583
-30
-388
-217
32
-118
-471
-432
125
611
469
-99
-406
-189
105
-4
-326
-273
279
744
573
-30
-382
-214
31
-116
-463
-425
123
601
461
-98
-400
-185
103
-4
-321
-269
274
732
564
-29
-376
-210
31
-114
-456
-418
121
591
453
-96
-393
-182
102
-4
-315
-264
269
720
554
-29
-369
-206
30
-112
-448
-411
119
581
445
-94
-386
-179
100
-4
-310
-260
265
707
545
-28
-363
-203
30
-110
-440
-403
117
570
437
-93
-379
-176
98
-4
-304
-255
260
694
535
-28
-356
-199
29
-108
-432
-396
115
560
429
-91
-372
-173
96
-4
-298
-250
255
681
525
-27
-350
-195
28
-106
-423
-388
113
549
421
-89
-365
-169
94
-4
-293
-245
250
668
514
-27
-343
-191
28
-104
-415
-381
111
538
413
-87
-358
-166
93
-3
-287
-240
245
654
504
-26
-336
-188
27
-102
-407
-373
108
527
404
-86
-351
-163
91
-3
-281
-235
240
641
493
-26
-329
-184
27
-100
-398
-365
106
516
396
-84
-343
-159
89
-3
-275
-230
235
627
483
-25
-322
-180
26
-97
-389
-357
104
505
387
-82
-336
-156
87
-3
-269
-225
229
613
472
-24
-314
-176
26
-95
-381
-349
101
493
378
-80
-328
-152
85
-3
-263
-220
224
599
461
-24
-307
-172
25
-93
-372
-341
99
482
369
-78
-320
-148
83
-3
-256
-215
219
585
450
-23
-300
-167
24
-91
-363
-333
97
470
361
-76
-313
-145
81
-3
-250
-210
214
570
439
-23
-293
-163
24
-89
-354
-324
94
459
352
-74
-305
-141
79
-3
-244
-204
208
556
428
-22
-285
-159
23
-86
-345
-316
92
447
343
-72
-297
-138
77
-3
-238
-199
203
542
417
-22
-278
-155
23
-84
-336
-308
89
435
334
-71
-289
-134
75
-3
-231
-194
197
527
406
-21
-270
-151
22
-82
-327
-300
87
423
325
-69
-281
-130
73
-3
-225
-188
192
513
395
-20
-263
-147
21
-80
-318
-291
85
411
315
-67
-273
-127
71
-3
-219
-183
187
498
383
-20
-255
-143
21
-77
-309
-283
82
400
306
-65
-265
-123
69
-3
-212
-178
181
483
372
-19
-248
-138
20
-75
-299
-274
80
388
297
-63
-257
-119
67
-2
-206
-172
176
469
361
-19
-240
-134
20
-73
-290
-266
77
376
288
-61
-249
-116
64
-2
-199
-167
170
454
350
-18
-233
-130
19
-70
-281
-258
75
364
279
-59
-242
-112
62
-2
-193
-162
165
440
338
-17
-225
-126
18
-68
-272
-249
72
352
270
-57
-234
-108
60
-2
-187
-156
159
425
327
-17
-218
-122
18
-66
-263
-241
70
340
261
-55
-226
-105
58
-2
-180
-151
154
411
316
-16
-210
-117
17
-64
-254
-233
68
328
252
-53
-218
-101
56
-2
-174
-146
148
396
305
-16
-203
-113
16
-61
-245
-224
65
317
243
-51
-210
-97
54
-2
-168
-141
143
382
294
-15
-195
-109
16
-59
-236
-216
63
305
234
-49
-202
-94
52
-2
-162
-135
138
368
283
-15
-188
-105
15
-57
-227
-208
60
293
225
-48
-195
-90
50
-2
-155
-130
132
353
272
-14
-181
-101
15
-55
-218
-200
58
282
216
-46
-187
-87
48
-2
-149
-125
127
339
261
-13
-174
-97
14
-52
-209
-192
56
271
207
-44
-179
-83
46
-2
-143
-120
122
325
250
-13
-166
-93
14
-50
-201
-184
53
259
199
-42
-172
-80
44
-2
-137
-115
117
312
240
-12
-159
-89
13
-48
-192
-176
51
248
190
-40
-164
-76
42
-2
-131
-110
112
298
229
-12
-152
-85
12
-46
-184
-168
49
237
182
-38
-157
-73
41
-2
-125
-105
107
285
219
-11
-145
-81
12
-44
-175
-160
47
226
173
-37
-150
-69
39
-1
-119
-100
102
271
209
-11
-139
-77
11
-42
-167
-153
44
215
165
-35
-143
-66
37
-1
-114
-95
97
258
199
-10
-132
-74
11
-40
-159
-145
42
205
157
-33
-136
-63
35
-1
-108
-90
92
245
189
-10
-125
-70
10
-38
-151
-138
40
195
149
-31
-129
-60
33
-1
-102
-86
87
233
179
-9
-119
-66
10
-36
-143
-131
38
184
141
-30
-122
-56
31
-1
-97
-81
83
220
169
-9
-112
-63
9
-34
-135
-124
36
174
133
-28
-115
-53
30
-1
-92
-77
78
208
160
-8
-106
-59
9
-32
-128
-117
34
164
126
-27
-109
-50
28
-1
-86
-72
74
196
151
-8
-100
-56
8
-30
-120
-110
32
155
118
-25
-102
-47
26
-1
-81
-68
69
184
142
-7
-94
-52
8
-28
-113
-103
30
145
111
-23
-96
-44
25
-1
-76
-64
65
173
133
-7
-88
-49
7
-27
-106
-97
28
136
104
-22
-90
-42
23
-1
-71
-60
61
162
124
-6
-82
-46
7
-25
-99
-90
26
127
97
-21
-84
-39
22
-1
-67
-56
57
151
116
-6
-77
-43
6
-23
-92
-84
24
119
91
-19
-78
-36
20
-1
-62
-52
53
140
108
-6
-72
-40
6
-22
-86
-78
23
110
84
-18
-73
-34
19
-1
-58
-48
49
130
100
-5
-66
-37
5
-20
-79
-73
21
102
78
-16
-67
-31
17
-1
-53
-45
45
120
92
-5
-61
-34
5
-18
-73
-67
19
94
72
-15
-62
-29
16
-1
-49
-41
42
111
85
-4
-56
-31
5
-17
-67
-62
18
86
66
-14
-57
-26
15
-1
-45
-38
38
102
78
-4
-52
-29
4
-15
-62
-56
16
79
60
-13
-52
-24
13
0
-41
-34
35
93
71
-4
-47
-26
4
-14
-56
-51
15
72
55
-12
-47
-22
12
0
-37
-31
32
84
65
-3
-43
-24
3
-13
-51
-47
13
65
50
-11
-43
-20
11
0
-34
-28
29
76
58
-3
-39
-21
3
-12
-46
-42
12
59
45
-9
-39
-18
10
0
-30
-25
26
69
53
-3
-35
-19
3
-10
-41
-38
11
53
40
-8
-35
-16
9
0
-27
-23
23
61
47
-2
-31
-17
2
-9
-37
-34
10
47
36
-8
-31
-14
8
0
-24
-20
20
54
42
-2
-27
-15
2
-8
-32
-30
9
41
32
-7
-27
-12
7
0
-21
-18
18
48
36
-2
-24
-13
2
-7
-28
-26
7
36
28
-6
-24
-11
6
0
-19
-15
16
41
32
-2
-21
-12
2
-6
-25
-22
6
31
24
-5
-20
-9
5
0
-16
-13
13
36
27
-1
-18
-10
1
-5
-21
-19
6
27
20
-4
-17
-8
4
0
-14
-11
11
30
23
-1
-15
-8
1
-5
-18
-16
5
23
17
-4
-15
-7
4
0
-11
-10
10
25
19
-1
-13
-7
1
-4
-15
-14
4
19
14
-3
-12
-6
3
0
-9
-8
8
21
16
-1
-10
-6
1
-3
-12
-11
3
15
12
-2
-10
-5
3
0
-8
-6
6
17
13
-1
-8
-5
1
-2
-10
-9
3
12
9
-2
-8
-4
2
0
-6
-5
5
13
10
-1
-7
-4
1
-2
-8
-7
2
9
7
-1
-6
-3
2
0
-5
-4
4
10
8
0
-5
-3
0
-1
-6
-5
1
7
5
-1
-4
-2
1
0
-3
-3
3
7
6
0
-4
-2
0
-1
-4
-4
1
5
4
-1
-3
-1
1
0
-2
-2
2
5
4
0
-2
-1
0
-1
-3
-2
1
3
2
0
-2
-1
0
0
-1
-1
1
3
2
0
-1
-1
0
0
-2
-1
0
2
1
0
-1
-1
0
0
-1
-1
1
2
1
0
-1
0
0
0
-1
-1
0
1
1
0
-1
0
0
0
0
0
0
1
0
0
0
0
0
0
0
0
0
0
0
0
0
0
0
0
0
0
0
0
0
0
0
0
0
0
0
0
0
0
0
0
0
0
0
0
0
0
0
0
0
0
0
0
0
0
0
0
0
0
0
0
0
0
0
0
0
0
0
0
0
0
0
0
0
0
0
0
0
0
1
1
1
0
0
0
0
0
0
0
0
0
0
-1
-2
-2
-1
0
0
0
0
0
0
0
0
0
1
2
3
3
2
0
0
0
1
0
0
0
0
-1
-2
-4
-4
-3
-2
0
0
-1
-1
0
1
1
1
2
4
6
6
4
1
0
0
1
1
0
-1
-1
-1
-3
-6
-8
-7
-4
-1
0
-1
-1
0
1
1
1
2
5
9
10
8
3
0
0
1
1
0
-1
-1
-2
-4
-9
-12
-12
-8
-3
0
-1
-2
-1
1
2
2
3
7
12
16
14
7
2
0
2
2
1
-1
-2
-2
-4
-10
-17
-19
-14
-6
-1
-1
-2
-2
0
2
3
3
7
15
21
21
13
4
0
1
3
2
-1
-3
-3
-4
-11
-21
-26
-22
-11
-2
0
-3
-4
-1
3
4
3
7
17
27
29
21
9
1
1
4
4
0
-4
-4
-5
-11
-24
-33
-31
-19
-6
0
-2
-5
-3
2
5
4
7
17
31
38
32
16
3
0
4
5
1
-4
-5
-5
-11
-25
-39
-42
-30
-12
-1
-2
-6
-5
1
5
5
7
17
34
47
44
26
8
0
3
7
4
-3
-6
-6
-10
-25
-44
-53
-43
-21
-4
-1
-6
-7
-1
5
7
7
15
35
54
57
39
15
1
2
8
7
-1
-7
-7
-9
-23
-47
-63
-58
-34
-9
0
-5
-9
-5
5
9
8
14
34
59
70
55
26
5
1
8
10
1
-7
-9
-9
-21
-47
-71
-74
-50
-18
-1
-3
-11
-8
2
10
9
12
31
62
82
73
42
11
0
7
12
5
-6
-11
-10
-18
-45
-77
-89
-69
-32
-5
-2
-10
-12
-1
10
11
12
28
61
91
92
61
22
1
5
13
10
-4
-12
-12
-16
-41
-79
-103
-90
-50
-13
-1
-9
-15
-6
8
14
12
24
58
97
110
84
38
5
2
13
14
1
-12
-14
-15
-35
-77
-113
-112
-73
-25
-1
-6
-17
-12
5
15
14
20
52
98
126
109
59
14
1
12
18
7
-11
-17
-15
-30
-72
-119
-133
-99
-43
-6
-3
-17
-17
0
15
17
18
45
95
137
134
85
28
1
8
20
13
-7
-18
-17
-25
-64
-120
-151
-128
-67
-15
-1
-14
-21
-7
13
20
18
37
88
143
158
115
49
6
4
20
20
-1
-19
-20
-23
-55
-116
-163
-157
-97
-31
-1
-11
-24
-15
9
22
20
31
78
144
178
148
76
16
2
18
25
7
-17
-23
-22
-46
-107
-170
-184
-132
-54
-6
-6
-24
-22
2
22
23
27
67
138
192
181
110
33
1
13
28
16
-12
-25
-23
-38
-94
-170
-206
-168
-84
-16
-2
-21
-29
-7
20
26
25
55
127
199
211
148
58
6
8
28
25
-4
-26
-26
-32
-80
-162
-222
-205
-122
-35
-1
-16
-32
-17
15
29
27
45
112
198
236
190
92
17
3
25
32
6
-24
-30
-30
-66
-149
-230
-239
-165
-63
-5
-10
-33
-27
6
30
30
38
95
189
254
231
133
37
1
20
37
18
-18
-33
-30
-53
-131
-228
-268
-211
-99
-17
-4
-30
-36
-5
28
34
34
78
174
262
269
181
66
5
13
38
29
-9
-34
-33
-44
-111
-218
-287
-256
-145
-38
-1
-24
-42
-18
22
37
34
63
153
260
300
232
106
17
6
35
40
4
-32
-38
-39
-91
-200
-297
-299
-197
-69
-4
-16
-43
-31
12
39
37
51
129
248
322
282
156
38
2
28
46
19
-26
-42
-38
-73
-176
-294
-334
-253
-112
-16
-7
-40
-43
-2
37
42
44
105
228
333
329
212
72
4
19
49
33
-15
-44
-41
-59
-149
-281
-358
-308
-166
-39
-2
-33
-51
-18
30
46
43
84
201
330
368
273
118
15
9
46
46
0
-42
-46
-50
-121
-258
-370
-359
-227
-74
-3
-22
-54
-35
19
49
45
67
170
316
395
334
175
38
3
38
56
17
-35
-50
-47
-97
-227
-368
-402
-293
-122
-14
-12
-51
-49
3
47
50
57
139
290
408
390
241
75
3
27
60
36
-23
-54
-49
-77
-193
-352
-433
-359
-183
-38
-4
-43
-60
-16
40
55
52
110
256
406
437
312
126
13
15
57
52
-6
-52
-54
-64
-157
-324
-448
-420
-254
-76
-3
-31
-65
-36
27
58
53
87
217
389
471
383
190
37
5
49
64
15
-45
-60
-57
-125
-286
-447
-472
-330
-129
-12
-18
-63
-55
9
58
58
71
178
359
488
450
265
75
2
36
71
37
-32
-64
-58
-98
-244
-428
-509
-407
-196
-35
-7
-55
-69
-13
51
64
63
141
318
488
506
347
131
11
21
70
57
-13
-63
-62
-79
-199
-396
-529
-479
-276
-75
-3
-41
-76
-36
37
68
62
110
271
469
548
429
202
34
9
61
73
10
-57
-68
-69
-158
-352
-530
-540
-362
-132
-9
-26
-76
-58
18
69
66
88
222
434
570
507
285
74
3
47
82
35
-43
-73
-67
-123
-300
-510
-586
-451
-206
-31
-11
-68
-76
-7
63
73
76
176
387
572
574
376
132
8
30
83
60
-23
-74
-71
-98
-247
-473
-611
-534
-293
-71
-3
-53
-87
-34
49
78
72
138
331
552
623
470
208
29
14
75
80
4
-69
-77
-83
-196
-423
-615
-606
-389
-131
-7
-35
-89
-60
28
80
75
108
273
514
652
560
299
69
4
59
92
32
-55
-83
-77
-153
-363
-595
-661
-489
-210
-27
-17
-82
-83
1
75
81
90
217
461
657
637
400
129
6
40
96
60
-34
-86
-79
-119
-300
-556
-693
-584
-304
-66
-6
-66
-97
-30
62
88
82
169
397
639
696
505
210
24
21
89
85
-5
-81
-86
-98
-239
-500
-701
-667
-410
-127
-5
-46
-102
-60
40
91
83
131
329
598
733
606
308
63
7
74
101
27
-68
-93
-88
-186
-431
-683
-732
-520
-209
-21
-25
-96
-86
10
87
89
107
263
539
743
695
417
124
4
52
108
59
-46
-96
-88
-144
-359
-641
-772
-626
-309
-59
-9
-81
-105
-23
75
97
94
204
467
727
765
533
207
19
29
103
88
-16
-94
-93
-115
-288
-580
-785
-721
-423
-120
-4
-58
-113
-58
52
101
92
157
390
684
810
645
310
55
11
88
109
19
-81
-101
-100
-224
-504
-770
-797
-543
-204
-16
-34
-109
-89
22
99
97
125
313
620
826
746
428
115
4
65
119
55
-59
-106
-96
-172
-422
-727
-846
-661
-309
-51
-14
-95
-112
-15
88
105
107
244
541
812
827
552
199
14
40
116
88
-28
-105
-100
-135
-340
-662
-866
-768
-430
-110
-4
-72
-124
-53
66
111
101
187
455
770
881
675
306
46
17
103
114
10
-95
-109
-113
-266
-580
-855
-854
-558
-194
-11
-45
-123
-88
34
110
105
146
368
703
905
787
430
104
5
80
128
49
-73
-115
-105
-204
-489
-813
-914
-687
-302
-42
-21
-110
-116
-4
101
112
121
288
619
896
880
563
189
10
51
129
87
-41
-116
-108
-157
-397
-745
-942
-805
-428
-98
-6
-86
-132
-45
80
120
110
220
523
855
945
697
297
37
25
117
117
-2
-107
-116
-128
-311
-657
-936
-903
-566
-182
-8
-58
-135
-85
49
121
111
170
426
786
977
820
426
92
8
94
136
41
-86
-123
-116
-238
-558
-896
-973
-703
-291
-33
-30
-124
-117
9
113
118
137
335
697
974
924
566
174
6
64
141
83
-56
-126
-115
-183
-456
-827
-1010
-833
-421
-85
-10
-101
-139
-36
94
126
121
257
593
936
1000
708
283
28
35
131
118
-15
-119
-121
-145
-359
-735
-1010
-942
-563
-166
-6
-71
-146
-80
62
131
118
196
487
867
1041
842
414
78
12
109
141
31
-100
-130
-126
-276
-629
-974
-1023
-710
-274
-24
-40
-138
-116
22
125
124
154
385
774
1045
957
559
157
5
78
150
76
-70
-134
-122
-210
-518
-906
-1070
-849
-406
-71
-15
-117
-143
-25
107
133
131
296
665
1012
1044
710
265
21
45
144
115
-29
-130
-126
-164
-412
-812
-1078
-969
-553
-148
-5
-86
-154
-71
77
138
125
225
550
944
1096
853
396
64
18
124
144
17
-114
-136
-137
-317
-701
-1047
-1062
-706
-254
-18
-52
-150
-113
37
135
129
174
438
849
1108
978
546
138
5
93
158
66
-84
-141
-129
-240
-581
-981
-1119
-854
-386
-57
-22
-130
-144
-11
120
138
144
338
735
1080
1077
702
242
14
58
156
110
-44
-140
-131
-185
-464
-885
-1136
-985
-536
-128
-6
-100
-160
-61
92
144
132
256
613
1016
1139
853
374
51
26
138
143
4
-126
-140
-151
-359
-770
-1111
-1089
-694
-231
-12
-64
-161
-106
52
143
133
195
492
920
1161
988
524
119
7
107
162
54
-99
-147
-136
-272
-644
-1049
-1156
-849
-361
-45
-32
-144
-142
4
131
140
157
382
803
1140
1098
684
218
9
71
164
102
-60
-147
-135
-207
-518
-954
-1182
-989
-511
-109
-9
-115
-163
-48
105
149
139
289
675
1080
1170
842
346
39
36
150
141
-11
-136
-142
-164
-404
-836
-1166
-1103
-672
-206
-8
-78
-168
-98
67
150
137
219
546
986
1201
987
496
99
12
121
164
41
-112
-150
-143
-305
-706
-1109
-1181
-833
-331
-33
-41
-155
-138
19
141
143
172
426
868
1189
1105
659
192
7
85
171
92
-74
-153
-139
-231
-573
-1016
-1217
-980
-480
-90
-14
-127
-164
-34
118
151
147
323
735
1135
1188
821
316
28
47
160
135
-27
-145
-144
-180
-448
-898
-1209
-1103
-642
-179
-6
-91
-173
-86
82
155
140
243
599
1045
1230
972
463
80
18
135
163
26
-124
-152
-151
-341
-763
-1158
-1192
-807
-299
-23
-53
-164
-130
34
148
144
187
471
927
1227
1100
625
166
6
98
175
80
-88
-156
-142
-256
-625
-1071
-1239
-961
-445
-71
-22
-140
-161
-19
129
153
156
359
792
1180
1193
791
282
19
59
169
125
-42
-151
-144
-196
-493
-954
-1240
-1092
-606
-152
-6
-105
-176
-73
95
157
144
269
651
1094
1244
947
425
62
26
146
160
11
-134
-152
-160
-377
-818
-1198
-1190
-772
-266
-15
-65
-172
-120
50
154
144
205
515
978
1252
1082
586
139
7
110
176
66
-101
-158
-145
-283
-675
-1115
-1247
-931
-405
-55
-30
-150
-156
-3
138
151
164
395
842
1213
1184
752
248
12
71
175
115
-58
-156
-145
-214
-537
-1001
-1258
-1069
-564
-127
-9
-117
-176
-58
108
158
147
296
698
1134
1246
912
386
47
34
155
153
-5
-142
-151
-170
-412
-865
-1224
-1175
-730
-231
-10
-77
-176
-108
65
157
144
222
557
1022
1263
1053
541
114
11
123
174
50
-113
-158
-148
-309
-721
-1149
-1241
-891
-364
-40
-39
-159
-148
13
145
150
175
429
887
1233
1163
706
214
8
83
177
102
-72
-158
-144
-231
-577
-1040
-1263
-1034
-518
-102
-13
-128
-172
-42
118
157
150
323
741
1162
1233
867
343
33
44
163
143
-21
-147
-149
-180
-446
-907
-1238
-1147
-681
-198
-7
-89
-178
-95
79
159
144
240
597
1055
1260
1011
493
91
16
133
169
34
-123
-156
-152
-336
-760
-1171
-1223
-842
-322
-28
-49
-165
-137
29
149
147
185
463
923
1240
1128
655
181
6
94
177
87
-85
-158
-143
-249
-614
-1068
-1253
-987
-468
-79
-19
-137
-166
-26
126
154
154
348
779
1177
1208
815
300
23
55
167
131
-37
-151
-146
-190
-478
-938
-1238
-1107
-627
-164
-6
-100
-176
-79
90
157
142
259
631
1077
1243
962
443
70
22
141
162
18
-129
-152
-156
-361
-794
-1180
-1190
-786
-279
-18
-59
-168
-124
43
151
144
196
493
951
1234
1082
598
149
6
104
175
71
-95
-156
-142
-268
-647
-1084
-1230
-933
-417
-61
-25
-145
-156
-10
132
150
158
373
808
1181
1169
755
259
15
64
169
117
-51
-151
-141
-202
-507
-961
-1225
-1057
-569
-134
-7
-109
-172
-63
100
154
142
277
661
1089
1214
902
391
51
30
147
151
2
-134
-147
-160
-385
-820
-1177
-1145
-725
-237
-12
-69
-169
-110
57
150
140
207
521
968
1213
1027
539
120
9
113
169
55
-105
-152
-141
-286
-674
-1089
-1193
-870
-366
-44
-33
-149
-145
6
136
144
163
396
830
1170
1119
693
218
9
74
168
102
-63
-149
-137
-213
-532
-973
-1199
-996
-510
-106
-10
-117
-165
-46
108
149
141
294
684
1087
1171
837
341
37
38
151
138
-13
-137
-141
-166
-406
-837
-1160
-1090
-659
-199
-8
-79
-167
-95
68
148
135
218
543
975
1180
963
480
93
12
120
160
38
-111
-146
-141
-302
-693
-1083
-1145
-802
-316
-30
-42
-151
-132
20
137
138
167
416
842
1146
1059
626
180
6
83
164
86
-74
-146
-132
-223
-552
-974
-1159
-928
-450
-82
-15
-123
-155
-30
113
143
140
310
700
1074
1117
767
292
25
46
151
125
-27
-136
-134
-170
-425
-844
-1130
-1025
-592
-162
-5
-87
-161
-78
78
143
130
228
560
970
1135
891
421
71
17
125
149
22
-115
-139
-140
-317
-705
-1063
-1086
-730
-268
-20
-50
-151
-117
34
135
131
172
432
844
1111
990
558
145
5
90
157
70
-81
-140
-127
-233
-566
-964
-1108
-854
-391
-61
-20
-126
-143
-15
116
135
139
323
707
1048
1053
694
245
16
53
150
110
-39
-134
-127
-174
-438
-842
-1088
-953
-524
-130
-6
-92
-154
-61
85
137
125
237
570
954
1078
816
363
51
23
127
137
8
-116
-131
-139
-328
-709
-1031
-1018
-656
-223
-12
-57
-148
-101
45
131
123
176
443
836
1063
914
491
115
7
95
149
53
-87
-133
-122
-241
-574
-942
-1046
-776
-335
-43
-26
-128
-130
-1
116
126
139
333
707
1011
981
618
202
9
60
144
93
-49
-129
-119
-178
-447
-829
-1036
-874
-457
-101
-7
-97
-143
-46
89
129
120
244
575
927
1013
736
308
36
29
127
122
-6
-116
-122
-138
-337
-703
-988
-942
-581
-181
-7
-63
-142
-85
54
126
115
180
450
819
1006
833
425
87
9
98
138
38
-91
-125
-118
-247
-573
-909
-976
-696
-281
-30
-32
-125
-115
13
113
117
137
340
697
962
902
544
162
6
66
138
77
-57
-122
-111
-181
-451
-806
-973
-791
-393
-76
-11
-100
-131
-31
92
120
115
250
571
889
938
655
256
24
35
124
108
-17
-112
-113
-137
-341
-689
-935
-860
-507
-145
-4
-68
-133
-69
61
119
107
182
450
791
939
749
361
65
13
100
125
24
-92
-115
-113
-251
-566
-866
-898
-614
-232
-19
-37
-122
-99
23
109
108
137
341
678
905
818
470
128
4
70
128
61
-63
-114
-103
-183
-448
-773
-902
-706
-331
-55
-14
-100
-118
-17
92
110
111
252
559
841
857
574
209
15
40
119
92
-27
-106
-103
-136
-341
-665
-873
-775
-435
-112
-4
-71
-123
-54
64
110
99
183
444
753
864
663
303
47
16
99
111
10
-91
-105
-109
-252
-551
-814
-815
-535
-188
-11
-42
-116
-84
31
103
98
135
340
651
839
731
401
98
5
72
118
46
-65
-105
-96
-183
-439
-731
-825
-621
-275
-39
-18
-97
-104
-5
89
100
106
251
541
785
772
496
167
9
44
112
76
-35
-100
-93
-134
-337
-634
-803
-687
-367
-85
-5
-72
-112
-39
66
100
92
182
432
707
784
579
248
32
20
95
96
-1
-87
-94
-103
-249
-528
-754
-729
-457
-148
-7
-45
-108
-69
37
96
88
133
333
615
766
644
335
73
6
72
105
32
-66
-95
-89
-181
-424
-682
-742
-538
-224
-26
-22
-93
-89
5
84
89
101
247
514
721
685
421
130
5
47
103
61
-39
-92
-83
-131
-327
-594
-727
-600
-304
-63
-7
-72
-99
-26
66
90
85
179
414
654
700
497
200
21
23
90
82
-10
-82
-84
-99
-243
-499
-687
-641
-385
-114
-4
-47
-98
-54
41
87
79
129
321
572
688
557
275
53
8
70
92
20
-65
-84
-81
-176
-403
-625
-657
-457
-178
-16
-25
-87
-75
13
78
78
96
239
481
651
597
351
99
3
47
92
47
-42
-82
-74
-127
-312
-548
-648
-515
-248
-44
-9
-69
-85
-15
63
79
78
173
390
594
615
418
157
13
26
83
67
-16
-75
-73
-94
-234
-462
-615
-554
-318
-86
-3
-47
-87
-41
43
77
70
124
304
523
608
474
221
36
10
67
79
10
-61
-74
-74
-169
-376
-562
-571
-381
-138
-10
-27
-79
-61
19
71
68
91
228
442
578
511
286
73
3
47
81
35
-43
-72
-65
-121
-293
-496
-567
-433
-197
-30
-11
-65
-72
-6
59
68
71
165
360
530
529
345
121
7
28
75
54
-21
-67
-63
-88
-220
-421
-540
-470
-256
-62
-3
-46
-75
-29
42
67
61
118
282
468
526
395
174
24
12
62
66
2
-57
-63
-68
-160
-343
-497
-487
-311
-104
-5
-28
-70
-47
22
63
58
85
212
398
503
429
228
52
3
45
69
24
-42
-62
-57
-114
-269
-440
-485
-357
-152
-19
-13
-59
-59
1
54
58
64
154
326
463
446
279
90
4
28
66
41
-23
-58
-53
-81
-203
-375
-465
-390
-202
-44
-4
-44
-64
-19
40
57
53
109
256
410
445
321
133
15
13
56
53
-4
-50
-53
-61
-148
-307
-429
-406
-248
-77
-3
-28
-61
-36
24
54
49
78
194
350
427
351
177
36
4
42
58
15
-39
-52
-50
-105
-242
-381
-406
-287
-115
-12
-14
-52
-47
6
47
48
57
141
288
395
367
219
65
2
27
56
30
-24
-50
-45
-74
-183
-325
-390
-315
-155
-29
-5
-40
-52
-11
37
47
46
100
227
351
368
255
98
9
14
49
41
-8
-44
-43
-54
-133
-267
-361
-330
-192
-54
-2
-26
-51
-26
24
45
41
70
172
300
354
280
134
23
5
38
46
8
-35
-43
-42
-94
-211
-321
-330
-224
-84
-7
-14
-45
-36
9
40
39
50
125
247
327
294
167
45
2
25
46
21
-23
-41
-37
-66
-160
-274
-318
-247
-115
-19
-5
-35
-41
-5
32
38
39
88
195
291
295
196
70
5
14
41
31
-10
-36
-35
-47
-117
-226
-294
-259
-144
-37
-1
-24
-41
-17
22
36
33
61
148
249
283
216
98
15
6
32
36
3
-30
-34
-35
-82
-178
-262
-260
-169
-59
-3
-14
-37
-26
10
33
31
43
108
205
262
227
123
30
1
23
36
14
-21
-32
-29
-57
-135
-224
-250
-187
-82
-11
-6
-30
-31
-1
27
30
32
76
162
233
228
145
48
2
13
33
22
-10
-29
-27
-39
-98
-184
-231
-197
-104
-24
-1
-21
-32
-11
19
28
26
52
122
199
219
160
68
8
6
27
26
-1
-24
-26
-29
-69
-145
-205
-197
-123
-39
-2
-13
-29
-18
10
26
23
36
89
163
202
168
87
18
2
19
27
8
-17
-24
-23
-47
-110
-175
-189
-136
-56
-6
-6
-24
-22
2
21
22
25
62
128
178
168
102
31
1
12
25
15
-10
-22
-20
-32
-79
-143
-174
-142
-71
-14
-2
-17
-23
-6
16
21
20
42
97
152
161
113
45
4
6
21
18
-2
-19
-19
-22
-55
-112
-153
-142
-84
-25
-1
-11
-21
-12
9
19
17
28
70
123
147
118
58
11
2
15
19
4
-14
-18
-17
-37
-84
-129
-135
-93
-36
-3
-5
-18
-15
3
16
16
19
48
96
129
117
68
19
1
9
18
9
-8
-16
-14
-25
-60
-104
-123
-97
-46
-8
-2
-13
-16
-3
12
15
14
32
72
108
111
75
28
2
5
15
12
-3
-13
-13
-17
-41
-81
-106
-95
-54
-14
-1
-8
-15
-7
7
13
12
21
51
87
100
77
36
6
2
11
13
2
-10
-12
-12
-27
-60
-88
-89
-59
-21
-1
-4
-12
-9
3
11
10
14
34
66
86
75
42
10
0
7
12
5
-6
-10
-9
-17
-42
-70
-79
-60
-27
-4
-2
-9
-10
-1
8
9
10
22
48
70
70
45
15
1
4
10
7
-3
-9
-8
-11
-28
-53
-67
-58
-31
-7
0
-6
-9
-3
5
8
7
14
33
55
61
45
20
3
1
7
7
0
-6
-7
-7
-18
-38
-54
-53
-33
-11
-1
-3
-7
-5
2
7
6
9
22
41
51
43
22
5
0
5
7
2
-4
-6
-5
-11
-26
-41
-45
-33
-14
-2
-1
-5
-5
0
5
5
6
14
28
40
38
23
7
0
2
5
3
-2
-5
-4
-7
-16
-30
-36
-30
-15
-3
0
-3
-5
-1
3
4
4
8
18
29
31
22
9
1
1
4
4
0
-3
-3
-4
-10
-20
-27
-26
-15
-5
0
-2
-4
-2
1
3
3
5
11
20
24
20
10
2
0
2
3
1
-2
-3
-3
-5
-12
-19
-20
-14
-5
-1
-1
-2
-2
0
2
2
3
6
13
17
16
9
3
0
1
2
1
-1
-2
-2
-3
-7
-12
-15
-12
-6
-1
0
-1
-2
0
1
2
2
3
7
11
11
8
3
0
0
1
1
0
-1
-1
-1
-4
-7
-9
-8
-5
-1
0
-1
-1
-1
1
1
1
2
4
6
7
6
3
0
0
1
1
0
-1
-1
-1
-2
-3
-5
-5
-3
-1
0
0
-1
0
0
1
0
1
2
3
4
3
2
0
0
0
0
0
0
0
0
-1
-1
-2
-2
-2
-1
0
0
0
0
0
0
0
0
0
1
1
1
1
0
0
0
0
0
0
0
0
0
0
-1
-1
-1
0
0
0
0
0
0
0
0
0
0
0
0
0
0
0
0
0
0
0
0
0
0
0
0
0
0
0
0
0
0
0
0
0
0
0
0
0
0
0
0
0
0
0
0
0
0
0
0
0
0
0
0
0
0
0
0
0
0
0
0
0
0
0
0
0
0
1
1
1
0
0
0
0
0
0
0
0
0
0
-1
-2
-2
-1
0
0
0
0
0
0
0
0
0
1
2
3
3
2
0
0
0
1
0
0
0
0
-1
-2
-4
-4
-3
-2
0
0
-1
-1
0
1
1
1
2
4
6
6
4
1
0
0
1
1
0
-1
-1
-1
-3
-6
-8
-7
-4
-1
0
-1
-1
0
1
1
1
2
5
9
10
8
3
0
0
1
1
0
-1
-1
-2
-4
-9
-12
-12
-8
-3
0
-1
-2
-1
1
2
2
3
7
12
16
14
7
2
0
2
2
1
-1
-2
-2
-4
-10
-17
-19
-14
-6
-1
-1
-2
-2
0
2
3
3
7
15
21
21
13
4
0
1
3
2
-1
-3
-3
-4
-11
-21
-26
-22
-11
-2
0
-3
-4
-1
3
4
3
7
17
27
29
21
9
1
1
4
4
0
-4
-4
-5
-11
-24
-33
-31
-19
-6
0
-2
-5
-3
2
5
4
7
17
31
38
32
16
3
0
4
5
1
-4
-5
-5
-11
-25
-39
-42
-30
-12
-1
-2
-6
-5
1
5
5
7
17
34
47
44
26
8
0
3
7
4
-3
-6
-6
-10
-25
-44
-53
-43
-21
-4
-1
-6
-7
-1
5
7
7
15
35
54
57
39
15
1
2
8
7
-1
-7
-7
-9
-23
-47
-63
-58
-34
-9
0
-5
-9
-5
5
9
8
14
34
59
70
55
26
5
1
8
10
1
-7
-9
-9
-21
-47
-71
-74
-50
-18
-1
-3
-11
-8
2
10
9
12
31
62
82
73
42
11
0
7
12
5
-6
-11
-10
-18
-45
-77
-89
-69
-32
-5
-2
-10
-12
-1
10
11
12
28
61
91
92
61
22
1
5
13
10
-4
-12
-12
-16
-41
-79
-103
-90
-50
-13
-1
-9
-15
-6
8
14
12
24
58
97
110
84
38
5
2
13
14
1
-12
-14
-15
-35
-77
-113
-112
-73
-25
-1
-6
-17
-12
5
15
14
20
52
98
126
109
59
14
1
12
18
7
-11
-17
-15
-30
-72
-119
-133
-99
-43
-6
-3
-17
-17
0
15
17
18
45
95
137
134
85
28
1
8
20
13
-7
-18
-17
-25
-64
-120
-151
-128
-67
-15
-1
-14
-21
-7
13
20
18
37
88
143
158
115
49
6
4
20
20
-1
-19
-20
-23
-55
-116
-163
-157
-97
-31
-1
-11
-24
-15
9
22
20
31
78
144
178
148
76
16
2
18
25
7
-17
-23
-22
-46
-107
-170
-184
-132
-54
-6
-6
-24
-22
2
22
23
27
67
138
192
181
110
33
1
13
28
16
-12
-25
-23
-38
-94
-170
-206
-168
-84
-16
-2
-21
-29
-7
20
26
25
55
127
199
211
148
58
6
8
28
25
-4
-26
-26
-32
-80
-162
-222
-205
-122
-35
-1
-16
-32
-17
15
29
27
45
112
198
236
190
92
17
3
25
32
6
-24
-30
-30
-66
-149
-230
-239
-165
-63
-5
-10
-33
-27
6
30
30
38
95
189
254
231
133
37
1
20
37
18
-18
-33
-30
-53
-131
-228
-268
-211
-99
-17
-4
-30
-36
-5
28
34
34
78
174
262
269
181
66
5
13
38
29
-9
-34
-33
-44
-111
-218
-287
-256
-145
-38
-1
-24
-42
-18
22
37
34
63
153
260
300
232
106
17
6
35
40
4
-32
-38
-39
-91
-200
-297
-299
-197
-69
-4
-16
-43
-31
12
39
37
51
129
248
322
282
156
38
2
28
46
19
-26
-42
-38
-73
-176
-294
-334
-253
-112
-16
-7
-40
-43
-2
37
42
44
105
228
333
329
212
72
4
19
49
33
-15
-44
-41
-59
-149
-281
-358
-308
-166
-39
-2
-33
-51
-18
30
46
43
84
201
330
368
273
118
15
9
46
46
0
-42
-46
-50
-121
-258
-370
-359
-227
-74
-3
-22
-54
-35
19
49
45
67
170
316
395
334
175
38
3
38
56
17
-35
-50
-47
-97
-227
-368
-402
-293
-122
-14
-12
-51
-49
3
47
50
57
139
290
408
390
241
75
3
27
60
36
-23
-54
-49
-77
-193
-352
-433
-359
-183
-38
-4
-43
-60
-16
40
55
52
110
256
406
437
312
126
13
15
57
52
-6
-52
-54
-64
-157
-324
-448
-420
-254
-76
-3
-31
-65
-36
27
58
53
87
217
389
471
383
190
37
5
49
64
15
-45
-60
-57
-125
-286
-447
-472
-330
-129
-12
-18
-63
-55
9
58
58
71
178
359
488
450
265
75
2
36
71
37
-32
-64
-58
-98
-244
-428
-509
-407
-196
-35
-7
-55
-69
-13
51
64
63
141
318
488
506
347
131
11
21
70
57
-13
-63
-62
-79
-199
-396
-529
-479
-276
-75
-3
-41
-76
-36
37
68
62
110
271
469
548
429
202
34
9
61
73
10
-57
-68
-69
-158
-352
-530
-540
-362
-132
-9
-26
-76
-58
18
69
66
88
222
434
570
507
285
74
3
47
82
35
-43
-73
-67
-123
-300
-510
-586
-451
-206
-31
-11
-68
-76
-7
63
73
76
176
387
572
574
376
132
8
30
83
60
-23
-74
-71
-98
-247
-473
-611
-534
-293
-71
-3
-53
-87
-34
49
78
72
138
331
552
623
470
208
29
14
75
80
4
-69
-77
-83
-196
-423
-615
-606
-389
-131
-7
-35
-89
-60
28
80
75
108
273
514
652
560
299
69
4
59
92
32
-55
-83
-77
-153
-363
-595
-661
-489
-210
-27
-17
-82
-83
1
75
81
90
217
461
657
637
400
129
6
40
96
60
-34
-86
-79
-119
-300
-556
-693
-584
-304
-66
-6
-66
-97
-30
62
88
82
169
397
639
696
505
210
24
21
89
85
-5
-81
-86
-98
-239
-500
-701
-667
-410
-127
-5
-46
-102
-60
40
91
83
131
329
598
733
606
308
63
7
74
101
27
-68
-93
-88
-186
-431
-683
-732
-520
-209
-21
-25
-96
-86
10
87
89
107
263
539
743
695
417
124
4
52
108
59
-46
-96
-88
-144
-359
-641
-772
-626
-309
-59
-9
-81
-105
-23
75
97
94
204
467
727
765
533
207
19
29
103
88
-16
-94
-93
-115
-288
-580
-785
-721
-423
-120
-4
-58
-113
-58
52
101
92
157
390
684
810
645
310
55
11
88
109
19
-81
-101
-100
-224
-504
-770
-797
-543
-204
-16
-34
-109
-89
22
99
97
125
313
620
826
746
428
115
4
65
119
55
-59
-106
-96
-172
-422
-727
-846
-661
-309
-51
-14
-95
-112
-15
88
105
107
244
541
812
827
552
199
14
40
116
88
-28
-105
-100
-135
-340
-662
-866
-768
-430
-110
-4
-72
-124
-53
66
111
101
187
455
770
881
675
306
46
17
103
114
10
-95
-109
-113
-266
-580
-855
-854
-558
-194
-11
-45
-123
-88
34
110
105
146
368
703
905
787
430
104
5
80
128
49
-73
-115
-105
-204
-489
-813
-914
-687
-302
-42
-21
-110
-116
-4
101
112
121
288
619
896
880
563
189
10
51
129
87
-41
-116
-108
-157
-397
-745
-942
-805
-428
-98
-6
-86
-132
-45
80
120
110
220
523
855
945
697
297
37
25
117
117
-2
-107
-116
-128
-311
-657
-936
-903
-566
-182
-8
-58
-135
-85
49
121
111
170
426
786
977
820
426
92
8
94
136
41
-86
-123
-116
-238
-558
-896
-973
-703
-291
-33
-30
-124
-117
9
113
118
137
335
697
974
924
566
174
6
64
141
83
-56
-126
-115
-183
-456
-827
-1010
-833
-421
-85
-10
-101
-139
-36
94
126
121
257
593
936
1000
708
283
28
35
131
118
-15
-119
-121
-145
-359
-735
-1010
-942
-563
-166
-6
-71
-146
-80
62
131
118
196
487
867
1041
842
414
78
12
109
141
31
-100
-130
-126
-276
-629
-974
-1023
-710
-274
-24
-40
-138
-116
22
125
124
154
385
774
1045
957
559
157
5
78
150
76
-70
-134
-122
-210
-518
-906
-1070
-849
-406
-71
-15
-117
-143
-25
107
133
131
296
665
1012
1044
710
265
21
45
144
115
-29
-130
-126
-164
-412
-812
-1078
-969
-553
-148
-5
-86
-154
-71
77
138
125
225
550
944
1096
853
396
64
18
124
144
17
-114
-136
-137
-317
-701
-1047
-1062
-706
-254
-18
-52
-150
-113
37
135
129
174
438
849
1108
978
546
138
5
93
158
66
-84
-141
-129
-240
-581
-981
-1119
-854
-386
-57
-22
-130
-144
-11
120
138
144
338
735
1080
1077
702
242
14
58
156
110
-44
-140
-131
-185
-464
-885
-1136
-985
-536
-128
-6
-100
-160
-61
92
144
132
256
613
1016
1139
853
374
51
26
138
143
4
-126
-140
-151
-359
-770
-1111
-1089
-694
-231
-12
-64
-161
-106
52
143
133
195
492
920
1161
988
524
119
7
107
162
54
-99
-147
-136
-272
-644
-1049
-1156
-849
-361
-45
-32
-144
-142
4
131
140
157
382
803
1140
1098
684
218
9
71
164
102
-60
-147
-135
-207
-518
-954
-1182
-989
-511
-109
-9
-115
-163
-48
105
149
139
289
675
1080
1170
842
346
39
36
150
141
-11
-136
-142
-164
-404
-836
-1166
-1103
-672
-206
-8
-78
-168
-98
67
150
137
219
546
986
1201
987
496
99
12
121
164
41
-112
-150
-143
-305
-706
-1109
-1181
-833
-331
-33
-41
-155
-138
19
141
143
172
426
868
1189
1105
659
192
7
85
171
92
-74
-153
-139
-231
-573
-1016
-1217
-980
-480
-90
-14
-127
-164
-34
118
151
147
323
735
1135
1188
821
316
28
47
160
135
-27
-145
-144
-180
-448
-898
-1209
-1103
-642
-179
-6
-91
-173
-86
82
155
140
243
599
1045
1230
972
463
80
18
135
163
26
-124
-152
-151
-341
-763
-1158
-1192
-807
-299
-23
-53
-164
-130
34
148
144
187
471
927
1227
1100
625
166
6
98
175
80
-88
-156
-142
-256
-625
-1071
-1239
-961
-445
-71
-22
-140
-161
-19
129
153
156
359
792
1180
1193
791
282
19
59
169
125
-42
-151
-144
-196
-493
-954
-1240
-1092
-606
-152
-6
-105
-176
-73
95
157
144
269
651
1094
1244
947
425
62
26
146
160
11
-134
-152
-160
-377
-818
-1198
-1190
-772
-266
-15
-65
-172
-120
50
154
144
205
515
978
1252
1082
586
139
7
110
176
66
-101
-158
-145
-283
-675
-1115
-1247
-931
-405
-55
-30
-150
-156
-3
138
151
164
395
842
1213
1184
752
248
12
71
175
115
-58
-156
-145
-214
-537
-1001
-1258
-1069
-564
-127
-9
-117
-176
-58
108
158
147
296
698
1134
1246
912
386
47
34
155
153
-5
-142
-151
-170
-412
-865
-1224
-1175
-730
-231
-10
-77
-176
-108
65
157
144
222
557
1022
1263
1053
541
114
11
123
174
50
-113
-158
-148
-309
-721
-1149
-1241
-891
-364
-40
-39
-159
-148
13
145
150
175
429
887
1233
1163
706
214
8
83
177
102
-72
-158
-144
-231
-577
-1040
-1263
-1034
-518
-102
-13
-128
-172
-42
118
157
150
323
741
1162
1233
867
343
33
44
163
143
-21
-147
-149
-180
-446
-907
-1238
-1147
-681
-198
-7
-89
-178
-95
79
159
144
240
597
1055
1260
1011
493
91
16
133
169
34
-123
-156
-152
-336
-760
-1171
-1223
-842
-322
-28
-49
-165
-137
29
149
147
185
463
923
1240
1128
655
181
6
94
177
87
-85
-158
-143
-249
-614
-1068
-1253
-987
-468
-79
-19
-137
-166
-26
126
154
154
348
779
1177
1208
815
300
23
55
167
131
-37
-151
-146
-190
-478
-938
-1238
-1107
-627
-164
-6
-100
-176
-79
90
157
142
259
631
1077
1243
962
443
70
22
141
162
18
-129
-152
-156
-361
-794
-1180
-1190
-786
-279
-18
-59
-168
-124
43
151
144
196
493
951
1234
1082
598
149
6
104
175
71
-95
-156
-142
-268
-647
-1084
-1230
-933
-417
-61
-25
-145
-156
-10
132
150
158
373
808
1181
1169
755
259
15
64
169
117
-51
-151
-141
-202
-507
-961
-1225
-1057
-569
-134
-7
-109
-172
-63
100
154
142
277
661
1089
1214
902
391
51
30
147
151
2
-134
-147
-160
-385
-820
-1177
-1145
-725
-237
-12
-69
-169
-110
57
150
140
207
521
968
1213
1027
539
120
9
113
169
55
-105
-152
-141
-286
-674
-1089
-1193
-870
-366
-44
-33
-149
-145
6
136
144
163
396
830
1170
1119
693
218
9
74
168
102
-63
-149
-137
-213
-532
-973
-1199
-996
-510
-106
-10
-117
-165
-46
108
149
141
294
684
1087
1171
837
341
37
38
151
138
-13
-137
-141
-166
-406
-837
-1160
-1090
-659
-199
-8
-79
-167
-95
68
148
135
218
543
975
1180
963
480
93
12
120
160
38
-111
-146
-141
-302
-693
-1083
-1145
-802
-316
-30
-42
-151
-132
20
137
138
167
416
842
1146
1059
626
180
6
83
164
86
-74
-146
-132
-223
-552
-974
-1159
-928
-450
-82
-15
-123
-155
-30
113
143
140
310
700
1074
1117
767
292
25
46
151
125
-27
-136
-134
-170
-425
-844
-1130
-1025
-592
-162
-5
-87
-161
-78
78
143
130
228
560
970
1135
891
421
71
17
125
149
22
-115
-139
-140
-317
-705
-1063
-1086
-730
-268
-20
-50
-151
-117
34
135
131
172
432
844
1111
990
558
145
5
90
157
70
-81
-140
-127
-233
-566
-964
-1108
-854
-391
-61
-20
-126
-143
-15
116
135
139
323
707
1048
1053
694
245
16
53
150
110
-39
-134
-127
-174
-438
-842
-1088
-953
-524
-130
-6
-92
-154
-61
85
137
125
237
570
954
1078
816
363
51
23
127
137
8
-116
-131
-139
-328
-709
-1031
-1018
-656
-223
-12
-57
-148
-101
45
131
123
176
443
836
1063
914
491
115
7
95
149
53
-87
-133
-122
-241
-574
-942
-1046
-776
-335
-43
-26
-128
-130
-1
116
126
139
333
707
1011
981
618
202
9
60
144
93
-49
-129
-119
-178
-447
-829
-1036
-874
-457
-101
-7
-97
-143
-46
89
129
120
244
575
927
1013
736
308
36
29
127
122
-6
-116
-122
-138
-337
-703
-988
-942
-581
-181
-7
-63
-142
-85
54
126
115
180
450
819
1006
833
425
87
9
98
138
38
-91
-125
-118
-247
-573
-909
-976
-696
-281
-30
-32
-125
-115
13
113
117
137
340
697
962
902
544
162
6
66
138
77
-57
-122
-111
-181
-451
-806
-973
-791
-393
-76
-11
-100
-131
-31
92
120
115
250
571
889
938
655
256
24
35
124
108
-17
-112
-113
-137
-341
-689
-935
-860
-507
-145
-4
-68
-133
-69
61
119
107
182
450
791
939
749
361
65
13
100
125
24
-92
-115
-113
-251
-566
-866
-898
-614
-232
-19
-37
-122
-99
23
109
108
137
341
678
905
818
470
128
4
70
128
61
-63
-114
-103
-183
-448
-773
-902
-706
-331
-55
-14
-100
-118
-17
92
110
111
252
559
841
857
574
209
15
40
119
92
-27
-106
-103
-136
-341
-665
-873
-775
-435
-112
-4
-71
-123
-54
64
110
99
183
444
753
864
663
303
47
16
99
111
10
-91
-105
-109
-252
-551
-814
-815
-535
-188
-11
-42
-116
-84
31
103
98
135
340
651
839
731
401
98
5
72
118
46
-65
-105
-96
-183
-439
-731
-825
-621
-275
-39
-18
-97
-104
-5
89
100
106
251
541
785
772
496
167
9
44
112
76
-35
-100
-93
-134
-337
-634
-803
-687
-367
-85
-5
-72
-112
-39
66
100
92
182
432
707
784
579
248
32
20
95
96
-1
-87
-94
-103
-249
-528
-754
-729
-457
-148
-7
-45
-108
-69
37
96
88
133
333
615
766
644
335
73
6
72
105
32
-66
-95
-89
-181
-424
-682
-742
-538
-224
-26
-22
-93
-89
5
84
89
101
247
514
721
685
421
130
5
47
103
61
-39
-92
-83
-131
-327
-594
-727
-600
-304
-63
-7
-72
-99
-26
66
90
85
179
414
654
700
497
200
21
23
90
82
-10
-82
-84
-99
-243
-499
-687
-641
-385
-114
-4
-47
-98
-54
41
87
79
129
321
572
688
557
275
53
8
70
92
20
-65
-84
-81
-176
-403
-625
-657
-457
-178
-16
-25
-87
-75
13
78
78
96
239
481
651
597
351
99
3
47
92
47
-42
-82
-74
-127
-312
-548
-648
-515
-248
-44
-9
-69
-85
-15
63
79
78
173
390
594
615
418
157
13
26
83
67
-16
-75
-73
-94
-234
-462
-615
-554
-318
-86
-3
-47
-87
-41
43
77
70
124
304
523
608
474
221
36
10
67
79
10
-61
-74
-74
-169
-376
-562
-571
-381
-138
-10
-27
-79
-61
19
71
68
91
228
442
578
511
286
73
3
47
81
35
-43
-72
-65
-121
-293
-496
-567
-433
-197
-30
-11
-65
-72
-6
59
68
71
165
360
530
529
345
121
7
28
75
54
-21
-67
-63
-88
-220
-421
-540
-470
-256
-62
-3
-46
-75
-29
42
67
61
118
282
468
526
395
174
24
12
62
66
2
-57
-63
-68
-160
-343
-497
-487
-311
-104
-5
-28
-70
-47
22
63
58
85
212
398
503
429
228
52
3
45
69
24
-42
-62
-57
-114
-269
-440
-485
-357
-152
-19
-13
-59
-59
1
54
58
64
154
326
463
446
279
90
4
28
66
41
-23
-58
-53
-81
-203
-375
-465
-390
-202
-44
-4
-44
-64
-19
40
57
53
109
256
410
445
321
133
15
13
56
53
-4
-50
-53
-61
-148
-307
-429
-406
-248
-77
-3
-28
-61
-36
24
54
49
78
194
350
427
351
177
36
4
42
58
15
-39
-52
-50
-105
-242
-381
-406
-287
-115
-12
-14
-52
-47
6
47
48
57
141
288
395
367
219
65
2
27
56
30
-24
-50
-45
-74
-183
-325
-390
-315
-155
-29
-5
-40
-52
-11
37
47
46
100
227
351
368
255
98
9
14
49
41
-8
-44
-43
-54
-133
-267
-361
-330
-192
-54
-2
-26
-51
-26
24
45
41
70
172
300
354
280
134
23
5
38
46
8
-35
-43
-42
-94
-211
-321
-330
-224
-84
-7
-14
-45
-36
9
40
39
50
125
247
327
294
167
45
2
25
46
21
-23
-41
-37
-66
-160
-274
-318
-247
-115
-19
-5
-35
-41
-5
32
38
39
88
195
291
295
196
70
5
14
41
31
-10
-36
-35
-47
-117
-226
-294
-259
-144
-37
-1
-24
-41
-17
22
36
33
61
148
249
283
216
98
15
6
32
36
3
-30
-34
-35
-82
-178
-262
-260
-169
-59
-3
-14
-37
-26
10
33
31
43
108
205
262
227
123
30
1
23
36
14
-21
-32
-29
-57
-135
-224
-250
-187
-82
-11
-6
-30
-31
-1
27
30
32
76
162
233
228
145
48
2
13
33
22
-10
-29
-27
-39
-98
-184
-231
-197
-104
-24
-1
-21
-32
-11
19
28
26
52
122
199
219
160
68
8
6
27
26
-1
-24
-26
-29
-69
-145
-205
-197
-123
-39
-2
-13
-29
-18
10
26
23
36
89
163
202
168
87
18
2
19
27
8
-17
-24
-23
-47
-110
-175
-189
-136
-56
-6
-6
-24
-22
2
21
22
25
62
128
178
168
102
31
1
12
25
15
-10
-22
-20
-32
-79
-143
-174
-142
-71
-14
-2
-17
-23
-6
16
21
20
42
97
152
161
113
45
4
6
21
18
-2
-19
-19
-22
-55
-112
-153
-142
-84
-25
-1
-11
-21
-12
9
19
17
28
70
123
147
118
58
11
2
15
19
4
-14
-18
-17
-37
-84
-129
-135
-93
-36
-3
-5
-18
-15
3
16
16
19
48
96
129
117
68
19
1
9
18
9
-8
-16
-14
-25
-60
-104
-123
-97
-46
-8
-2
-13
-16
-3
12
15
14
32
72
108
111
75
28
2
5
15
12
-3
-13
-13
-17
-41
-81
-106
-95
-54
-14
-1
-8
-15
-7
7
13
12
21
51
87
100
77
36
6
2
11
13
2
-10
-12
-12
-27
-60
-88
-89
-59
-21
-1
-4
-12
-9
3
11
10
14
34
66
86
75
42
10
0
7
12
5
-6
-10
-9
-17
-42
-70
-79
-60
-27
-4
-2
-9
-10
-1
8
9
10
22
48
70
70
45
15
1
4
10
7
-3
-9
-8
-11
-28
-53
-67
-58
-31
-7
0
-6
-9
-3
5
8
7
14
33
55
61
45
20
3
1
7
7
0
-6
-7
-7
-18
-38
-54
-53
-33
-11
-1
-3
-7
-5
2
7
6
9
22
41
51
43
22
5
0
5
7
2
-4
-6
-5
-11
-26
-41
-45
-33
-14
-2
-1
-5
-5
0
5
5
6
14
28
40
38
23
7
0
2
5
3
-2
-5
-4
-7
-16
-30
-36
-30
-15
-3
0
-3
-5
-1
3
4
4
8
18
29
31
22
9
1
1
4
4
0
-3
-3
-4
-10
-20
-27
-26
-15
-5
0
-2
-4
-2
1
3
3
5
11
20
24
20
10
2
0
2
3
1
-2
-3
-3
-5
-12
-19
-20
-14
-5
-1
-1
-2
-2
0
2
2
3
6
13
17
16
9
3
0
1
2
1
-1
-2
-2
-3
-7
-12
-15
-12
-6
-1
0
-1
-2
0
1
2
2
3
7
11
11
8
3
0
0
1
1
0
-1
-1
-1
-4
-7
-9
-8
-5
-1
0
-1
-1
-1
1
1
1
2
4
6
7
6
3
0
0
1
1
0
-1
-1
-1
-2
-3
-5
-5
-3
-1
0
0
-1
0
0
1
0
1
2
3
4
3
2
0
0
0
0
0
0
0
0
-1
-1
-2
-2
-2
-1
0
0
0
0
0
0
0
0
0
1
1
1
1
0
0
0
0
0
0
0
0
0
0
-1
-1
-1
0
0
0
0
0
0
0
0
0
0
0
0
0
0
0
0
0
0
0
0
0
0
0
0
0
0
0
0
0
0
0
0
0
0
0
0
0
0
0
0
0
0
0
0
0
0
0
0
0
0
0
0
0
0
0
0
0
-1
-1
-1
0
0
0
1
1
1
1
1
1
1
1
1
1
0
0
-1
0
0
0
1
0
0
-1
-1
-2
-2
-2
-2
-2
-3
-3
-3
-2
0
1
3
3
3
3
3
3
3
3
2
2
0
-1
-2
-1
0
1
2
1
0
-2
-3
-4
-4
-4
-4
-5
-6
-7
-6
-4
0
3
6
7
7
6
6
5
6
6
5
3
1
-2
-3
-2
0
2
3
2
0
-3
-6
-7
-7
-7
-8
-9
-11
-12
-11
-7
-1
6
10
13
13
11
10
9
10
10
9
5
1
-3
-5
-4
0
3
5
4
0
-5
-9
-12
-12
-12
-12
-14
-17
-19
-17
-11
-1
9
16
20
19
17
15
14
15
15
13
8
1
-5
-8
-6
-1
5
8
6
0
-8
-14
-17
-17
-17
-18
-21
-25
-27
-24
-15
-2
13
23
28
28
24
21
20
21
22
19
12
2
-7
-11
-8
-1
7
11
8
0
-10
-19
-23
-24
-23
-24
-29
-34
-37
-33
-21
-2
17
32
38
37
33
28
27
28
29
25
15
2
-9
-14
-11
-1
9
14
11
0
-14
-25
-31
-32
-30
-32
-38
-45
-48
-43
-27
-3
22
41
50
49
42
37
35
37
37
32
20
3
-12
-18
-14
-2
12
18
14
0
-18
-32
-39
-40
-39
-41
-48
-57
-61
-55
-34
-4
28
52
63
61
53
46
44
46
47
40
25
4
-15
-23
-18
-2
14
23
17
0
-22
-40
-49
-50
-48
-50
-59
-70
-76
-67
-42
-5
34
64
77
75
65
56
54
56
57
49
30
5
-18
-28
-21
-3
17
28
21
0
-27
-48
-59
-60
-58
-61
-71
-85
-91
-81
-51
-6
41
77
93
90
78
68
65
67
68
59
36
6
-21
-33
-25
-3
21
33
25
0
-32
-58
-70
-71
-69
-72
-85
-101
-108
-96
-60
-7
49
91
110
107
92
80
76
80
81
70
43
7
-25
-39
-30
-4
25
39
29
0
-37
-68
-83
-84
-81
-85
-99
-118
-127
-113
-70
-8
57
106
128
124
108
93
89
93
94
81
50
8
-29
-46
-35
-4
28
45
34
0
-43
-78
-96
-97
-93
-98
-114
-136
-147
-130
-81
-9
66
122
147
143
124
107
102
107
108
93
57
9
-34
-52
-40
-5
33
51
39
0
-49
-90
-110
-111
-107
-112
-131
-156
-167
-149
-93
-10
75
140
168
163
142
122
117
121
123
106
65
10
-38
-59
-45
-6
37
58
44
0
-56
-102
-124
-126
-121
-127
-148
-176
-190
-168
-105
-12
85
158
190
185
160
138
132
137
139
120
74
12
-43
-67
-51
-6
42
66
50
0
-63
-114
-140
-141
-136
-142
-166
-198
-213
-189
-118
-13
95
177
213
207
179
154
147
153
156
134
82
13
-48
-75
-57
-7
47
73
56
0
-70
-128
-156
-158
-152
-159
-185
-220
-237
-210
-131
-15
106
197
237
230
199
172
164
171
173
149
91
14
-53
-83
-63
-8
52
81
62
0
-78
-142
-173
-175
-168
-176
-205
-244
-262
-233
-145
-16
118
218
262
254
220
190
181
188
191
164
101
16
-59
-92
-70
-9
57
90
68
0
-86
-156
-190
-192
-185
-193
-226
-268
-289
-256
-160
-18
129
239
288
279
242
208
199
207
209
180
111
17
-65
-101
-77
-10
63
98
75
0
-94
-171
-208
-211
-203
-212
-247
-294
-316
-280
-175
-20
141
262
314
305
264
228
217
226
229
197
121
19
-71
-110
-84
-10
68
107
82
0
-103
-186
-227
-229
-221
-230
-269
-320
-344
-305
-190
-21
154
284
342
332
287
247
236
245
249
214
131
21
-77
-119
-91
-11
74
116
89
0
-111
-202
-246
-249
-239
-250
-292
-347
-372
-330
-206
-23
166
308
370
359
311
268
255
266
269
231
142
22
-83
-129
-98
-12
80
126
96
0
-120
-218
-266
-269
-258
-269
-315
-374
-402
-356
-222
-25
179
332
399
387
335
289
275
286
290
249
153
24
-89
-139
-106
-13
86
135
103
0
-129
-234
-286
-289
-278
-290
-338
-402
-432
-383
-238
-27
193
357
429
416
360
310
295
307
311
267
164
26
-96
-149
-113
-14
92
145
110
0
-138
-251
-306
-309
-297
-310
-363
-430
-462
-410
-255
-29
206
382
459
445
385
331
316
328
332
286
175
28
-102
-159
-121
-15
99
155
118
0
-148
-268
-327
-330
-318
-331
-387
-459
-493
-437
-272
-31
220
407
489
475
410
353
336
350
354
304
187
29
-109
-169
-129
-16
105
165
125
0
-157
-286
-348
-352
-338
-352
-412
-489
-525
-465
-290
-33
234
433
520
504
436
375
357
372
376
323
199
31
-116
-180
-137
-17
112
175
133
0
-167
-303
-369
-373
-358
-374
-437
-518
-556
-493
-307
-35
248
459
551
535
462
398
379
394
399
343
210
33
-122
-190
-145
-18
118
185
141
0
-177
-321
-390
-395
-379
-395
-462
-548
-588
-521
-325
-36
262
485
583
565
488
420
400
416
421
362
222
35
-129
-201
-153
-19
125
195
149
0
-187
-338
-412
-416
-400
-417
-487
-578
-620
-550
-342
-38
276
511
614
596
515
443
422
439
444
381
234
37
-136
-212
-161
-20
131
206
157
0
-196
-356
-433
-438
-421
-439
-512
-608
-653
-578
-360
-40
291
538
646
626
541
466
443
461
466
401
246
39
-143
-222
-170
-21
138
216
164
1
-206
-374
-455
-460
-442
-461
-538
-638
-685
-607
-378
-42
305
564
677
657
567
488
465
483
489
420
258
41
-150
-233
-178
-22
144
226
172
1
-216
-392
-477
-482
-463
-482
-563
-668
-717
-635
-395
-44
319
590
709
687
594
511
486
506
511
439
270
42
-157
-244
-186
-23
151
237
180
1
-226
-409
-498
-503
-483
-504
-588
-698
-749
-663
-413
-46
333
616
740
717
620
533
508
528
534
459
281
44
-164
-254
-194
-24
158
247
188
1
-235
-427
-519
-525
-504
-526
-613
-728
-781
-691
-430
-48
347
642
771
748
646
556
529
550
556
478
293
46
-170
-265
-202
-25
164
257
196
1
-245
-444
-541
-546
-525
-547
-638
-757
-812
-719
-448
-50
361
668
802
777
672
578
550
572
578
496
304
48
-177
-275
-210
-26
170
267
203
1
-255
-461
-561
-567
-545
-568
-663
-786
-843
-747
-465
-52
375
693
832
807
697
600
570
593
600
515
316
50
-184
-286
-218
-27
177
277
211
1
-264
-478
-582
-588
-565
-589
-687
-815
-874
-774
-482
-54
388
718
862
836
722
621
591
614
621
533
327
51
-190
-296
-225
-28
183
287
218
1
-273
-495
-602
-608
-584
-609
-711
-843
-904
-800
-498
-56
402
743
892
864
746
642
611
635
642
551
338
53
-197
-306
-233
-29
189
296
225
1
-282
-511
-622
-628
-604
-629
-734
-870
-934
-826
-514
-58
415
767
921
892
770
663
631
656
663
569
349
55
-203
-315
-240
-30
195
306
232
1
-291
-527
-642
-648
-622
-649
-757
-897
-963
-852
-530
-60
428
790
949
919
794
683
650
675
683
586
359
56
-209
-325
-247
-31
201
315
239
1
-300
-543
-661
-667
-641
-668
-779
-924
-991
-877
-546
-61
440
813
976
946
817
703
668
695
702
603
370
58
-215
-334
-254
-31
207
323
246
1
-308
-558
-679
-686
-658
-686
-800
-949
-1018
-901
-561
-63
452
835
1003
972
839
722
686
714
721
619
380
60
-221
-343
-261
-32
212
332
253
1
-316
-573
-697
-704
-676
-704
-821
-974
-1045
-924
-575
-65
464
857
1029
997
861
740
704
732
740
635
389
61
-226
-351
-268
-33
217
340
259
1
-324
-587
-714
-721
-692
-721
-841
-998
-1070
-947
-589
-66
475
878
1054
1021
881
758
721
749
757
650
398
63
-232
-360
-274
-34
222
348
265
1
-332
-601
-731
-738
-708
-738
-861
-1021
-1095
-969
-603
-68
486
898
1077
1044
901
775
737
766
774
664
407
64
-237
-368
-280
-35
227
356
271
1
-339
-614
-746
-754
-724
-754
-879
-1042
-1118
-989
-616
-69
496
917
1100
1066
920
791
752
782
790
678
416
65
-242
-375
-286
-35
232
363
276
1
-346
-626
-762
-769
-738
-769
-897
-1063
-1140
-1009
-628
-70
506
935
1122
1087
938
807
767
797
806
691
424
67
-246
-382
-291
-36
236
370
282
1
-352
-638
-776
-783
-752
-783
-914
-1083
-1162
-1028
-639
-72
515
952
1142
1107
955
822
781
812
820
704
431
68
-251
-389
-297
-37
241
377
286
1
-358
-649
-789
-797
-765
-797
-930
-1102
-1182
-1045
-650
-73
524
968
1162
1125
971
835
794
825
834
716
439
69
-255
-396
-301
-37
245
383
291
1
-364
-660
-802
-810
-777
-810
-944
-1119
-1200
-1062
-661
-74
532
983
1180
1143
986
848
806
838
847
727
445
70
-259
-402
-306
-38
248
389
295
1
-370
-669
-814
-822
-789
-822
-958
-1136
-1218
-1077
-670
-75
540
997
1197
1159
1000
860
818
850
858
737
452
71
-262
-407
-310
-38
252
394
299
1
-375
-678
-825
-833
-799
-832
-971
-1151
-1234
-1091
-679
-76
547
1010
1212
1174
1013
871
828
861
869
746
457
72
-266
-412
-314
-39
255
399
303
1
-379
-687
-835
-843
-809
-842
-982
-1164
-1248
-1104
-687
-77
553
1022
1226
1188
1025
881
838
870
879
754
462
73
-269
-417
-318
-39
257
403
307
1
-383
-694
-844
-852
-818
-851
-993
-1177
-1262
-1116
-694
-78
559
1033
1239
1200
1035
890
846
879
888
762
467
73
-271
-421
-321
-40
260
407
309
1
-387
-701
-852
-860
-825
-860
-1002
-1188
-1273
-1126
-701
-79
564
1042
1250
1211
1045
898
854
887
896
769
471
74
-274
-425
-323
-40
262
411
312
1
-390
-707
-859
-867
-832
-867
-1010
-1197
-1284
-1135
-706
-79
569
1050
1260
1220
1053
905
860
894
903
775
475
75
-276
-428
-326
-40
264
413
314
1
-393
-712
-865
-873
-838
-873
-1017
-1206
-1292
-1143
-711
-80
572
1057
1268
1228
1060
911
866
900
909
779
478
75
-277
-431
-328
-40
266
416
316
1
-395
-716
-870
-878
-843
-878
-1023
-1212
-1300
-1149
-715
-80
575
1063
1275
1235
1065
916
870
904
913
783
480
75
-279
-433
-329
-41
267
418
318
1
-397
-719
-874
-882
-847
-882
-1028
-1218
-1305
-1154
-718
-81
578
1067
1280
1240
1070
920
874
908
917
787
482
76
-280
-434
-331
-41
268
419
319
1
-399
-722
-877
-885
-849
-884
-1031
-1222
-1309
-1158
-720
-81
580
1071
1284
1243
1073
922
876
910
919
789
483
76
-281
-435
-332
-41
269
420
320
1
-400
-723
-879
-887
-851
-886
-1033
-1224
-1312
-1160
-721
-81
581
1072
1286
1245
1074
924
878
912
921
790
484
76
-281
-436
-332
-41
269
421
320
1
-400
-724
-880
-888
-852
-887
-1034
-1225
-1313
-1161
-722
-81
581
1073
1287
1246
1075
924
878
912
921
790
484
76
-281
-436
-332
-41
269
421
320
1
-400
-724
-880
-888
-852
-887
-1034
-1224
-1312
-1160
-722
-81
581
1072
1286
1245
1074
923
877
911
920
789
483
76
-281
-435
-332
-41
269
420
320
1
-399
-723
-878
-886
-850
-885
-1032
-1222
-1310
-1158
-720
-81
580
1070
1284
1243
1072
921
875
909
918
787
482
76
-280
-434
-331
-41
268
419
319
1
-398
-721
-876
-884
-848
-883
-1029
-1219
-1306
-1155
-718
-81
578
1067
1280
1239
1069
918
873
906
915
785
481
75
-279
-433
-330
-41
267
418
318
1
-397
-718
-873
-881
-845
-879
-1025
-1214
-1301
-1150
-715
-80
575
1062
1274
1233
1064
914
869
902
911
781
479
75
-278
-431
-328
-41
266
416
316
1
-395
-714
-868
-876
-840
-875
-1020
-1208
-1294
-1144
-711
-80
572
1057
1267
1226
1058
909
864
897
906
777
476
75
-276
-428
-326
-40
264
413
314
1
-392
-710
-863
-870
-835
-869
-1013
-1200
-1286
-1137
-707
-79
568
1049
1259
1218
1051
903
858
891
899
771
472
74
-274
-425
-324
-40
262
410
312
1
-389
-705
-856
-864
-829
-863
-1005
-1191
-1276
-1128
-701
-79
564
1041
1249
1208
1042
896
851
884
892
765
468
74
-272
-422
-321
-40
260
407
309
1
-386
-699
-849
-856
-821
-855
-996
-1180
-1264
-1118
-695
-78
559
1032
1237
1197
1033
887
843
875
884
758
464
73
-269
-418
-318
-39
257
403
306
1
-382
-692
-840
-848
-813
-846
-986
-1168
-1251
-1106
-688
-77
553
1021
1224
1185
1022
878
834
866
874
750
459
72
-266
-413
-314
-39
255
398
303
1
-378
-684
-831
-838
-804
-837
-975
-1155
-1237
-1093
-680
-76
547
1009
1210
1171
1010
868
824
856
864
741
454
71
-263
-408
-311
-38
251
393
299
1
-373
-675
-821
-828
-794
-826
-963
-1140
-1221
-1079
-671
-75
540
996
1194
1156
997
856
813
844
852
731
448
70
-260
-403
-306
-38
248
388
295
1
-368
-666
-809
-816
-783
-815
-949
-1124
-1204
-1064
-662
-74
532
982
1177
1139
982
844
802
832
840
720
441
69
-256
-397
-302
-37
244
382
290
1
-363
-656
-797
-804
-771
-802
-935
-1107
-1186
-1048
-651
-73
524
967
1159
1121
967
831
789
819
827
709
434
68
-252
-390
-297
-37
240
376
286
1
-357
-645
-784
-791
-758
-789
-919
-1089
-1166
-1031
-641
-72
515
950
1139
1102
951
817
775
805
813
697
427
67
-247
-384
-292
-36
236
370
281
1
-351
-634
-770
-777
-745
-775
-903
-1069
-1145
-1012
-629
-71
506
933
1119
1082
933
802
761
790
798
684
419
66
-243
-376
-286
-35
232
363
275
1
-344
-622
-756
-762
-731
-760
-886
-1048
-1123
-992
-617
-69
496
915
1097
1061
915
786
746
775
782
670
410
64
-238
-369
-281
-35
227
355
270
1
-337
-609
-740
-746
-716
-745
-867
-1027
-1100
-972
-604
-68
485
896
1074
1039
896
769
730
758
765
656
402
63
-233
-361
-275
-34
222
348
264
1
-330
-596
-724
-730
-700
-728
-848
-1004
-1076
-950
-591
-66
475
876
1050
1015
876
752
714
741
748
641
392
62
-228
-353
-268
-33
217
340
258
1
-322
-582
-707
-713
-684
-711
-828
-981
-1050
-928
-577
-65
463
855
1025
991
855
734
697
723
730
626
383
60
-222
-344
-262
-32
212
331
252
1
-314
-568
-690
-695
-667
-693
-808
-956
-1024
-905
-562
-63
452
833
999
966
833
715
679
705
711
610
373
59
-216
-335
-255
-31
206
323
245
1
-306
-553
-672
-677
-649
-675
-786
-931
-997
-881
-547
-61
440
811
972
940
811
696
661
686
692
593
363
57
-210
-326
-248
-31
201
314
238
1
-297
-538
-653
-658
-631
-656
-764
-905
-969
-856
-532
-60
427
788
944
914
787
676
642
666
672
576
353
55
-204
-317
-241
-30
195
305
231
1
-289
-522
-634
-639
-612
-637
-742
-878
-940
-831
-516
-58
414
765
916
886
764
656
623
646
652
559
342
54
-198
-307
-234
-29
189
295
224
1
-280
-506
-614
-619
-593
-617
-719
-851
-911
-805
-500
-56
401
741
887
858
740
635
603
625
631
541
331
52
-192
-297
-226
-28
183
286
217
1
-271
-489
-594
-599
-574
-597
-695
-823
-881
-778
-483
-54
388
716
858
830
715
614
583
605
610
523
320
50
-185
-287
-218
-27
177
276
210
1
-261
-473
-574
-578
-554
-576
-671
-794
-850
-751
-466
-52
375
691
828
800
690
592
562
583
588
504
308
48
-179
-277
-211
-26
170
266
202
1
-252
-455
-553
-557
-534
-555
-647
-765
-819
-723
-449
-50
361
665
797
771
664
570
541
562
566
485
297
47
-172
-266
-203
-25
164
256
194
1
-242
-438
-532
-536
-514
-534
-622
-736
-788
-696
-432
-48
347
640
766
741
639
548
520
540
544
466
285
45
-165
-256
-195
-24
157
246
187
1
-233
-421
-511
-515
-493
-513
-597
-706
-756
-668
-415
-46
333
614
735
711
612
526
499
518
522
447
274
43
-158
-245
-187
-23
151
236
179
1
-223
-403
-489
-493
-472
-491
-572
-677
-724
-639
-397
-44
319
588
704
680
586
503
478
495
499
428
262
41
-152
-235
-179
-22
144
225
171
1
-213
-385
-468
-471
-452
-469
-547
-647
-692
-611
-379
-43
304
561
672
650
560
481
456
473
477
408
250
39
-145
-224
-170
-21
138
215
163
1
-203
-368
-446
-450
-431
-448
-521
-616
-660
-582
-362
-41
290
535
641
619
534
458
434
451
454
389
238
37
-138
-213
-162
-20
131
205
155
0
-194
-350
-425
-428
-410
-426
-496
-586
-628
-554
-344
-39
276
509
609
589
507
435
413
428
432
370
226
35
-131
-203
-154
-19
124
194
148
0
-184
-332
-403
-406
-389
-404
-470
-556
-595
-526
-326
-37
262
482
578
558
481
413
391
406
409
350
214
34
-124
-192
-146
-18
118
184
140
0
-174
-314
-382
-384
-368
-383
-445
-527
-563
-497
-309
-35
248
456
546
528
455
390
370
384
387
331
203
32
-117
-181
-138
-17
111
174
132
0
-164
-297
-360
-363
-348
-361
-420
-497
-532
-469
-291
-33
233
430
515
498
429
368
349
362
365
312
191
30
-110
-171
-130
-16
105
164
124
0
-155
-280
-339
-342
-327
-340
-395
-467
-500
-441
-274
-31
220
405
484
468
403
346
328
340
343
293
179
28
-104
-161
-122
-15
98
154
117
0
-145
-262
-318
-320
-307
-319
-371
-438
-469
-414
-257
-29
206
379
454
439
378
324
307
318
321
275
168
26
-97
-150
-114
-14
92
144
109
0
-136
-245
-298
-300
-287
-298
-347
-410
-438
-387
-240
-27
192
354
424
410
353
302
287
297
300
256
157
25
-91
-140
-107
-13
86
134
102
0
-127
-229
-277
-279
-267
-278
-323
-382
-408
-360
-223
-25
179
330
395
381
328
281
267
276
279
238
146
23
-84
-130
-99
-12
80
125
95
0
-118
-212
-257
-259
-248
-258
-300
-354
-379
-334
-207
-23
166
306
366
353
304
261
247
256
258
221
135
21
-78
-121
-92
-11
74
115
87
0
-109
-196
-238
-240
-229
-238
-277
-327
-350
-309
-191
-21
153
282
338
326
281
241
228
236
238
204
124
19
-72
-111
-84
-10
68
106
81
0
-100
-181
-219
-221
-211
-219
-255
-301
-322
-284
-176
-20
141
259
310
300
258
221
209
217
218
187
114
18
-66
-102
-77
-10
62
97
74
0
-92
-166
-201
-202
-193
-201
-233
-275
-294
-260
-161
-18
129
237
284
274
236
202
191
198
199
171
104
16
-60
-93
-71
-9
57
89
67
0
-84
-151
-183
-184
-176
-183
-212
-251
-268
-236
-146
-16
117
216
258
249
214
183
174
180
181
155
95
15
-55
-84
-64
-8
52
81
61
0
-76
-137
-166
-167
-159
-165
-192
-227
-242
-214
-132
-15
106
195
233
225
193
166
157
162
164
140
85
13
-49
-76
-58
-7
47
73
55
0
-68
-123
-149
-150
-143
-149
-173
-204
-218
-192
-119
-13
95
175
209
202
174
149
141
146
147
125
77
12
-44
-68
-52
-6
42
65
49
0
-61
-110
-133
-134
-128
-133
-154
-182
-194
-171
-106
-12
85
156
186
180
155
132
125
130
130
111
68
11
-39
-61
-46
-6
37
58
44
0
-54
-98
-118
-119
-113
-118
-137
-161
-172
-152
-94
-10
75
138
165
159
137
117
111
114
115
98
60
9
-35
-53
-40
-5
33
51
38
0
-48
-86
-104
-104
-100
-103
-120
-141
-151
-133
-82
-9
66
121
144
139
119
102
97
100
101
86
52
8
-30
-47
-35
-4
28
44
33
0
-41
-75
-90
-91
-87
-90
-104
-123
-131
-115
-71
-8
57
105
125
120
103
88
84
86
87
74
45
7
-26
-40
-30
-4
24
38
29
0
-36
-64
-78
-78
-74
-77
-89
-105
-112
-99
-61
-7
49
90
107
103
88
76
71
74
74
63
39
6
-22
-34
-26
-3
21
32
24
0
-30
-54
-66
-66
-63
-65
-76
-89
-95
-84
-52
-6
41
76
90
87
74
64
60
62
62
53
32
5
-19
-29
-22
-3
17
27
20
0
-25
-45
-55
-55
-52
-54
-63
-74
-79
-69
-43
-5
34
63
75
72
62
53
50
51
51
44
27
4
-15
-24
-18
-2
14
22
17
0
-21
-37
-45
-45
-43
-44
-51
-60
-64
-57
-35
-4
28
51
61
58
50
43
40
41
42
35
22
3
-12
-19
-14
-2
11
18
13
0
-17
-30
-36
-36
-34
-35
-41
-48
-51
-45
-28
-3
22
40
48
46
39
34
32
33
33
28
17
3
-10
-15
-11
-1
9
14
10
0
-13
-23
-28
-28
-26
-27
-32
-37
-39
-35
-21
-2
17
31
37
35
30
26
24
25
25
21
13
2
-7
-11
-8
-1
7
10
8
0
-10
-17
-21
-21
-20
-20
-23
-27
-29
-26
-16
-2
12
23
27
26
22
19
18
18
18
15
9
1
-5
-8
-6
-1
5
7
6
0
-7
-12
-15
-15
-14
-14
-16
-19
-20
-18
-11
-1
9
16
19
18
15
13
12
12
12
10
6
1
-4
-5
-4
0
3
5
4
0
-5
-8
-10
-10
-9
-9
-11
-13
-13
-12
-7
-1
5
10
12
11
10
8
8
8
8
6
4
1
-2
-3
-2
0
2
3
2
0
-3
-5
-6
-6
-5
-5
-6
-7
-8
-7
-4
0
3
6
7
6
5
4
4
4
4
3
2
0
-1
-2
-1
0
1
2
1
0
-1
-2
-3
-3
-3
-3
-3
-3
-3
-3
-2
0
1
2
3
3
2
2
2
2
2
1
1
0
0
-1
0
0
0
1
0
0
0
-1
-1
-1
-1
-1
-1
-1
-1
-1
0
0
0
1
1
1
0
0
0
0
0
0
0
0
0
0
0
0
0
0
0
0
0
0
0
0
0
0
0
0
0
0
0
0
0
0
0
0
0
0
0
0
0
0
0
0
0
0
0
0
0
0
0
0
0
0
0
0
0
0
0
-1
-1
-1
0
0
0
1
1
1
1
1
1
1
1
1
1
0
0
-1
0
0
0
1
0
0
-1
-1
-2
-2
-2
-2
-2
-3
-3
-3
-2
0
1
3
3
3
3
3
3
3
3
2
2
0
-1
-2
-1
0
1
2
1
0
-2
-3
-4
-4
-4
-4
-5
-6
-7
-6
-4
0
3
6
7
7
6
6
5
6
6
5
3
1
-2
-3
-2
0
2
3
2
0
-3
-6
-7
-7
-7
-8
-9
-11
-12
-11
-7
-1
6
10
13
13
11
10
9
10
10
9
5
1
-3
-5
-4
0
3
5
4
0
-5
-9
-12
-12
-12
-12
-14
-17
-19
-17
-11
-1
9
16
20
19
17
15
14
15
15
13
8
1
-5
-8
-6
-1
5
8
6
0
-8
-14
-17
-17
-17
-18
-21
-25
-27
-24
-15
-2
13
23
28
28
24
21
20
21
22
19
12
2
-7
-11
-8
-1
7
11
8
0
-10
-19
-23
-24
-23
-24
-29
-34
-37
-33
-21
-2
17
32
38
37
33
28
27
28
29
25
15
2
-9
-14
-11
-1
9
14
11
0
-14
-25
-31
-32
-30
-32
-38
-45
-48
-43
-27
-3
22
41
50
49
42
37
35
37
37
32
20
3
-12
-18
-14
-2
12
18
14
0
-18
-32
-39
-40
-39
-41
-48
-57
-61
-55
-34
-4
28
52
63
61
53
46
44
46
47
40
25
4
-15
-23
-18
-2
14
23
17
0
-22
-40
-49
-50
-48
-50
-59
-70
-76
-67
-42
-5
34
64
77
75
65
56
54
56
57
49
30
5
-18
-28
-21
-3
17
28
21
0
-27
-48
-59
-60
-58
-61
-71
-85
-91
-81
-51
-6
41
77
93
90
78
68
65
67
68
59
36
6
-21
-33
-25
-3
21
33
25
0
-32
-58
-70
-71
-69
-72
-85
-101
-108
-96
-60
-7
49
91
110
107
92
80
76
80
81
70
43
7
-25
-39
-30
-4
25
39
29
0
-37
-68
-83
-84
-81
-85
-99
-118
-127
-113
-70
-8
57
106
128
124
108
93
89
93
94
81
50
8
-29
-46
-35
-4
28
45
34
0
-43
-78
-96
-97
-93
-98
-114
-136
-147
-130
-81
-9
66
122
147
143
124
107
102
107
108
93
57
9
-34
-52
-40
-5
33
51
39
0
-49
-90
-110
-111
-107
-112
-131
-156
-167
-149
-93
-10
75
140
168
163
142
122
117
121
123
106
65
10
-38
-59
-45
-6
37
58
44
0
-56
-102
-124
-126
-121
-127
-148
-176
-190
-168
-105
-12
85
158
190
185
160
138
132
137
139
120
74
12
-43
-67
-51
-6
42
66
50
0
-63
-114
-140
-141
-136
-142
-166
-198
-213
-189
-118
-13
95
177
213
207
179
154
147
153
156
134
82
13
-48
-75
-57
-7
47
73
56
0
-70
-128
-156
-158
-152
-159
-185
-220
-237
-210
-131
-15
106
197
237
230
199
172
164
171
173
149
91
14
-53
-83
-63
-8
52
81
62
0
-78
-142
-173
-175
-168
-176
-205
-244
-262
-233
-145
-16
118
218
262
254
220
190
181
188
191
164
101
16
-59
-92
-70
-9
57
90
68
0
-86
-156
-190
-192
-185
-193
-226
-268
-289
-256
-160
-18
129
239
288
279
242
208
199
207
209
180
111
17
-65
-101
-77
-10
63
98
75
0
-94
-171
-208
-211
-203
-212
-247
-294
-316
-280
-175
-20
141
262
314
305
264
228
217
226
229
197
121
19
-71
-110
-84
-10
68
107
82
0
-103
-186
-227
-229
-221
-230
-269
-320
-344
-305
-190
-21
154
284
342
332
287
247
236
245
249
214
131
21
-77
-119
-91
-11
74
116
89
0
-111
-202
-246
-249
-239
-250
-292
-347
-372
-330
-206
-23
166
308
370
359
311
268
255
266
269
231
142
22
-83
-129
-98
-12
80
126
96
0
-120
-218
-266
-269
-258
-269
-315
-374
-402
-356
-222
-25
179
332
399
387
335
289
275
286
290
249
153
24
-89
-139
-106
-13
86
135
103
0
-129
-234
-286
-289
-278
-290
-338
-402
-432
-383
-238
-27
193
357
429
416
360
310
295
307
311
267
164
26
-96
-149
-113
-14
92
145
110
0
-138
-251
-306
-309
-297
-310
-363
-430
-462
-410
-255
-29
206
382
459
445
385
331
316
328
332
286
175
28
-102
-159
-121
-15
99
155
118
0
-148
-268
-327
-330
-318
-331
-387
-459
-493
-437
-272
-31
220
407
489
475
410
353
336
350
354
304
187
29
-109
-169
-129
-16
105
165
125
0
-157
-286
-348
-352
-338
-352
-412
-489
-525
-465
-290
-33
234
433
520
504
436
375
357
372
376
323
199
31
-116
-180
-137
-17
112
175
133
0
-167
-303
-369
-373
-358
-374
-437
-518
-556
-493
-307
-35
248
459
551
535
462
398
379
394
399
343
210
33
-122
-190
-145
-18
118
185
141
0
-177
-321
-390
-395
-379
-395
-462
-548
-588
-521
-325
-36
262
485
583
565
488
420
400
416
421
362
222
35
-129
-201
-153
-19
125
195
149
0
-187
-338
-412
-416
-400
-417
-487
-578
-620
-550
-342
-38
276
511
614
596
515
443
422
439
444
381
234
37
-136
-212
-161
-20
131
206
157
0
-196
-356
-433
-438
-421
-439
-512
-608
-653
-578
-360
-40
291
538
646
626
541
466
443
461
466
401
246
39
-143
-222
-170
-21
138
216
164
1
-206
-374
-455
-460
-442
-461
-538
-638
-685
-607
-378
-42
305
564
677
657
567
488
465
483
489
420
258
41
-150
-233
-178
-22
144
226
172
1
-216
-392
-477
-482
-463
-482
-563
-668
-717
-635
-395
-44
319
590
709
687
594
511
486
506
511
439
270
42
-157
-244
-186
-23
151
237
180
1
-226
-409
-498
-503
-483
-504
-588
-698
-749
-663
-413
-46
333
616
740
717
620
533
508
528
534
459
281
44
-164
-254
-194
-24
158
247
188
1
-235
-427
-519
-525
-504
-526
-613
-728
-781
-691
-430
-48
347
642
771
748
646
556
529
550
556
478
293
46
-170
-265
-202
-25
164
257
196
1
-245
-444
-541
-546
-525
-547
-638
-757
-812
-719
-448
-50
361
668
802
777
672
578
550
572
578
496
304
48
-177
-275
-210
-26
170
267
203
1
-255
-461
-561
-567
-545
-568
-663
-786
-843
-747
-465
-52
375
693
832
807
697
600
570
593
600
515
316
50
-184
-286
-218
-27
177
277
211
1
-264
-478
-582
-588
-565
-589
-687
-815
-874
-774
-482
-54
388
718
862
836
722
621
591
614
621
533
327
51
-190
-296
-225
-28
183
287
218
1
-273
-495
-602
-608
-584
-609
-711
-843
-904
-800
-498
-56
402
743
892
864
746
642
611
635
642
551
338
53
-197
-306
-233
-29
189
296
225
1
-282
-511
-622
-628
-604
-629
-734
-870
-934
-826
-514
-58
415
767
921
892
770
663
631
656
663
569
349
55
-203
-315
-240
-30
195
306
232
1
-291
-527
-642
-648
-622
-649
-757
-897
-963
-852
-530
-60
428
790
949
919
794
683
650
675
683
586
359
56
-209
-325
-247
-31
201
315
239
1
-300
-543
-661
-667
-641
-668
-779
-924
-991
-877
-546
-61
440
813
976
946
817
703
668
695
702
603
370
58
-215
-334
-254
-31
207
323
246
1
-308
-558
-679
-686
-658
-686
-800
-949
-1018
-901
-561
-63
452
835
1003
972
839
722
686
714
721
619
380
60
-221
-343
-261
-32
212
332
253
1
-316
-573
-697
-704
-676
-704
-821
-974
-1045
-924
-575
-65
464
857
1029
997
861
740
704
732
740
635
389
61
-226
-351
-268
-33
217
340
259
1
-324
-587
-714
-721
-692
-721
-841
-998
-1070
-947
-589
-66
475
878
1054
1021
881
758
721
749
757
650
398
63
-232
-360
-274
-34
222
348
265
1
-332
-601
-731
-738
-708
-738
-861
-1021
-1095
-969
-603
-68
486
898
1077
1044
901
775
737
766
774
664
407
64
-237
-368
-280
-35
227
356
271
1
-339
-614
-746
-754
-724
-754
-879
-1042
-1118
-989
-616
-69
496
917
1100
1066
920
791
752
782
790
678
416
65
-242
-375
-286
-35
232
363
276
1
-346
-626
-762
-769
-738
-769
-897
-1063
-1140
-1009
-628
-70
506
935
1122
1087
938
807
767
797
806
691
424
67
-246
-382
-291
-36
236
370
282
1
-352
-638
-776
-783
-752
-783
-914
-1083
-1162
-1028
-639
-72
515
952
1142
1107
955
822
781
812
820
704
431
68
-251
-389
-297
-37
241
377
286
1
-358
-649
-789
-797
-765
-797
-930
-1102
-1182
-1045
-650
-73
524
968
1162
1125
971
835
794
825
834
716
439
69
-255
-396
-301
-37
245
383
291
1
-364
-660
-802
-810
-777
-810
-944
-1119
-1200
-1062
-661
-74
532
983
1180
1143
986
848
806
838
847
727
445
70
-259
-402
-306
-38
248
389
295
1
-370
-669
-814
-822
-789
-822
-958
-1136
-1218
-1077
-670
-75
540
997
1197
1159
1000
860
818
850
858
737
452
71
-262
-407
-310
-38
252
394
299
1
-375
-678
-825
-833
-799
-832
-971
-1151
-1234
-1091
-679
-76
547
1010
1212
1174
1013
871
828
861
869
746
457
72
-266
-412
-314
-39
255
399
303
1
-379
-687
-835
-843
-809
-842
-982
-1164
-1248
-1104
-687
-77
553
1022
1226
1188
1025
881
838
870
879
754
462
73
-269
-417
-318
-39
257
403
307
1
-383
-694
-844
-852
-818
-851
-993
-1177
-1262
-1116
-694
-78
559
1033
1239
1200
1035
890
846
879
888
762
467
73
-271
-421
-321
-40
260
407
309
1
-387
-701
-852
-860
-825
-860
-1002
-1188
-1273
-1126
-701
-79
564
1042
1250
1211
1045
898
854
887
896
769
471
74
-274
-425
-323
-40
262
411
312
1
-390
-707
-859
-867
-832
-867
-1010
-1197
-1284
-1135
-706
-79
569
1050
1260
1220
1053
905
860
894
903
775
475
75
-276
-428
-326
-40
264
413
314
1
-393
-712
-865
-873
-838
-873
-1017
-1206
-1292
-1143
-711
-80
572
1057
1268
1228
1060
911
866
900
909
779
478
75
-277
-431
-328
-40
266
416
316
1
-395
-716
-870
-878
-843
-878
-1023
-1212
-1300
-1149
-715
-80
575
1063
1275
1235
1065
916
870
904
913
783
480
75
-279
-433
-329
-41
267
418
318
1
-397
-719
-874
-882
-847
-882
-1028
-1218
-1305
-1154
-718
-81
578
1067
1280
1240
1070
920
874
908
917
787
482
76
-280
-434
-331
-41
268
419
319
1
-399
-722
-877
-885
-849
-884
-1031
-1222
-1309
-1158
-720
-81
580
1071
1284
1243
1073
922
876
910
919
789
483
76
-281
-435
-332
-41
269
420
320
1
-400
-723
-879
-887
-851
-886
-1033
-1224
-1312
-1160
-721
-81
581
1072
1286
1245
1074
924
878
912
921
790
484
76
-281
-436
-332
-41
269
421
320
1
-400
-724
-880
-888
-852
-887
-1034
-1225
-1313
-1161
-722
-81
581
1073
1287
1246
1075
924
878
912
921
790
484
76
-281
-436
-332
-41
269
421
320
1
-400
-724
-880
-888
-852
-887
-1034
-1224
-1312
-1160
-722
-81
581
1072
1286
1245
1074
923
877
911
920
789
483
76
-281
-435
-332
-41
269
420
320
1
-399
-723
-878
-886
-850
-885
-1032
-1222
-1310
-1158
-720
-81
580
1070
1284
1243
1072
921
875
909
918
787
482
76
-280
-434
-331
-41
268
419
319
1
-398
-721
-876
-884
-848
-883
-1029
-1219
-1306
-1155
-718
-81
578
1067
1280
1239
1069
918
873
906
915
785
481
75
-279
-433
-330
-41
267
418
318
1
-397
-718
-873
-881
-845
-879
-1025
-1214
-1301
-1150
-715
-80
575
1062
1274
1233
1064
914
869
902
911
781
479
75
-278
-431
-328
-41
266
416
316
1
-395
-714
-868
-876
-840
-875
-1020
-1208
-1294
-1144
-711
-80
572
1057
1267
1226
1058
909
864
897
906
777
476
75
-276
-428
-326
-40
264
413
314
1
-392
-710
-863
-870
-835
-869
-1013
-1200
-1286
-1137
-707
-79
568
1049
1259
1218
1051
903
858
891
899
771
472
74
-274
-425
-324
-40
262
410
312
1
-389
-705
-856
-864
-829
-863
-1005
-1191
-1276
-1128
-701
-79
564
1041
1249
1208
1042
896
851
884
892
765
468
74
-272
-422
-321
-40
260
407
309
1
-386
-699
-849
-856
-821
-855
-996
-1180
-1264
-1118
-695
-78
559
1032
1237
1197
1033
887
843
875
884
758
464
73
-269
-418
-318
-39
257
403
306
1
-382
-692
-840
-848
-813
-846
-986
-1168
-1251
-1106
-688
-77
553
1021
1224
1185
1022
878
834
866
874
750
459
72
-266
-413
-314
-39
255
398
303
1
-378
-684
-831
-838
-804
-837
-975
-1155
-1237
-1093
-680
-76
547
1009
1210
1171
1010
868
824
856
864
741
454
71
-263
-408
-311
-38
251
393
299
1
-373
-675
-821
-828
-794
-826
-963
-1140
-1221
-1079
-671
-75
540
996
1194
1156
997
856
813
844
852
731
448
70
-260
-403
-306
-38
248
388
295
1
-368
-666
-809
-816
-783
-815
-949
-1124
-1204
-1064
-662
-74
532
982
1177
1139
982
844
802
832
840
720
441
69
-256
-397
-302
-37
244
382
290
1
-363
-656
-797
-804
-771
-802
-935
-1107
-1186
-1048
-651
-73
524
967
1159
1121
967
831
789
819
827
709
434
68
-252
-390
-297
-37
240
376
286
1
-357
-645
-784
-791
-758
-789
-919
-1089
-1166
-1031
-641
-72
515
950
1139
1102
951
817
775
805
813
697
427
67
-247
-384
-292
-36
236
370
281
1
-351
-634
-770
-777
-745
-775
-903
-1069
-1145
-1012
-629
-71
506
933
1119
1082
933
802
761
790
798
684
419
66
-243
-376
-286
-35
232
363
275
1
-344
-622
-756
-762
-731
-760
-886
-1048
-1123
-992
-617
-69
496
915
1097
1061
915
786
746
775
782
670
410
64
-238
-369
-281
-35
227
355
270
1
-337
-609
-740
-746
-716
-745
-867
-1027
-1100
-972
-604
-68
485
896
1074
1039
896
769
730
758
765
656
402
63
-233
-361
-275
-34
222
348
264
1
-330
-596
-724
-730
-700
-728
-848
-1004
-1076
-950
-591
-66
475
876
1050
1015
876
752
714
741
748
641
392
62
-228
-353
-268
-33
217
340
258
1
-322
-582
-707
-713
-684
-711
-828
-981
-1050
-928
-577
-65
463
855
1025
991
855
734
697
723
730
626
383
60
-222
-344
-262
-32
212
331
252
1
-314
-568
-690
-695
-667
-693
-808
-956
-1024
-905
-562
-63
452
833
999
966
833
715
679
705
711
610
373
59
-216
-335
-255
-31
206
323
245
1
-306
-553
-672
-677
-649
-675
-786
-931
-997
-881
-547
-61
440
811
972
940
811
696
661
686
692
593
363
57
-210
-326
-248
-31
201
314
238
1
-297
-538
-653
-658
-631
-656
-764
-905
-969
-856
-532
-60
427
788
944
914
787
676
642
666
672
576
353
55
-204
-317
-241
-30
195
305
231
1
-289
-522
-634
-639
-612
-637
-742
-878
-940
-831
-516
-58
414
765
916
886
764
656
623
646
652
559
342
54
-198
-307
-234
-29
189
295
224
1
-280
-506
-614
-619
-593
-617
-719
-851
-911
-805
-500
-56
401
741
887
858
740
635
603
625
631
541
331
52
-192
-297
-226
-28
183
286
217
1
-271
-489
-594
-599
-574
-597
-695
-823
-881
-778
-483
-54
388
716
858
830
715
614
583
605
610
523
320
50
-185
-287
-218
-27
177
276
210
1
-261
-473
-574
-578
-554
-576
-671
-794
-850
-751
-466
-52
375
691
828
800
690
592
562
583
588
504
308
48
-179
-277
-211
-26
170
266
202
1
-252
-455
-553
-557
-534
-555
-647
-765
-819
-723
-449
-50
361
665
797
771
664
570
541
562
566
485
297
47
-172
-266
-203
-25
164
256
194
1
-242
-438
-532
-536
-514
-534
-622
-736
-788
-696
-432
-48
347
640
766
741
639
548
520
540
544
466
285
45
-165
-256
-195
-24
157
246
187
1
-233
-421
-511
-515
-493
-513
-597
-706
-756
-668
-415
-46
333
614
735
711
612
526
499
518
522
447
274
43
-158
-245
-187
-23
151
236
179
1
-223
-403
-489
-493
-472
-491
-572
-677
-724
-639
-397
-44
319
588
704
680
586
503
478
495
499
428
262
41
-152
-235
-179
-22
144
225
171
1
-213
-385
-468
-471
-452
-469
-547
-647
-692
-611
-379
-43
304
561
672
650
560
481
456
473
477
408
250
39
-145
-224
-170
-21
138
215
163
1
-203
-368
-446
-450
-431
-448
-521
-616
-660
-582
-362
-41
290
535
641
619
534
458
434
451
454
389
238
37
-138
-213
-162
-20
131
205
155
0
-194
-350
-425
-428
-410
-426
-496
-586
-628
-554
-344
-39
276
509
609
589
507
435
413
428
432
370
226
35
-131
-203
-154
-19
124
194
148
0
-184
-332
-403
-406
-389
-404
-470
-556
-595
-526
-326
-37
262
482
578
558
481
413
391
406
409
350
214
34
-124
-192
-146
-18
118
184
140
0
-174
-314
-382
-384
-368
-383
-445
-527
-563
-497
-309
-35
248
456
546
528
455
390
370
384
387
331
203
32
-117
-181
-138
-17
111
174
132
0
-164
-297
-360
-363
-348
-361
-420
-497
-532
-469
-291
-33
233
430
515
498
429
368
349
362
365
312
191
30
-110
-171
-130
-16
105
164
124
0
-155
-280
-339
-342
-327
-340
-395
-467
-500
-441
-274
-31
220
405
484
468
403
346
328
340
343
293
179
28
-104
-161
-122
-15
98
154
117
0
-145
-262
-318
-320
-307
-319
-371
-438
-469
-414
-257
-29
206
379
454
439
378
324
307
318
321
275
168
26
-97
-150
-114
-14
92
144
109
0
-136
-245
-298
-300
-287
-298
-347
-410
-438
-387
-240
-27
192
354
424
410
353
302
287
297
300
256
157
25
-91
-140
-107
-13
86
134
102
0
-127
-229
-277
-279
-267
-278
-323
-382
-408
-360
-223
-25
179
330
395
381
328
281
267
276
279
238
146
23
-84
-130
-99
-12
80
125
95
0
-118
-212
-257
-259
-248
-258
-300
-354
-379
-334
-207
-23
166
306
366
353
304
261
247
256
258
221
135
21
-78
-121
-92
-11
74
115
87
0
-109
-196
-238
-240
-229
-238
-277
-327
-350
-309
-191
-21
153
282
338
326
281
241
228
236
238
204
124
19
-72
-111
-84
-10
68
106
81
0
-100
-181
-219
-221
-211
-219
-255
-301
-322
-284
-176
-20
141
259
310
300
258
221
209
217
218
187
114
18
-66
-102
-77
-10
62
97
74
0
-92
-166
-201
-202
-193
-201
-233
-275
-294
-260
-161
-18
129
237
284
274
236
202
191
198
199
171
104
16
-60
-93
-71
-9
57
89
67
0
-84
-151
-183
-184
-176
-183
-212
-251
-268
-236
-146
-16
117
216
258
249
214
183
174
180
181
155
95
15
-55
-84
-64
-8
52
81
61
0
-76
-137
-166
-167
-159
-165
-192
-227
-242
-214
-132
-15
106
195
233
225
193
166
157
162
164
140
85
13
-49
-76
-58
-7
47
73
55
0
-68
-123
-149
-150
-143
-149
-173
-204
-218
-192
-119
-13
95
175
209
202
174
149
141
146
147
125
77
12
-44
-68
-52
-6
42
65
49
0
-61
-110
-133
-134
-128
-133
-154
-182
-194
-171
-106
-12
85
156
186
180
155
132
125
130
130
111
68
11
-39
-61
-46
-6
37
58
44
0
-54
-98
-118
-119
-113
-118
-137
-161
-172
-152
-94
-10
75
138
165
159
137
117
111
114
115
98
60
9
-35
-53
-40
-5
33
51
38
0
-48
-86
-104
-104
-100
-103
-120
-141
-151
-133
-82
-9
66
121
144
139
119
102
97
100
101
86
52
8
-30
-47
-35
-4
28
44
33
0
-41
-75
-90
-91
-87
-90
-104
-123
-131
-115
-71
-8
57
105
125
120
103
88
84
86
87
74
45
7
-26
-40
-30
-4
24
38
29
0
-36
-64
-78
-78
-74
-77
-89
-105
-112
-99
-61
-7
49
90
107
103
88
76
71
74
74
63
39
6
-22
-34
-26
-3
21
32
24
0
-30
-54
-66
-66
-63
-65
-76
-89
-95
-84
-52
-6
41
76
90
87
74
64
60
62
62
53
32
5
-19
-29
-22
-3
17
27
20
0
-25
-45
-55
-55
-52
-54
-63
-74
-79
-69
-43
-5
34
63
75
72
62
53
50
51
51
44
27
4
-15
-24
-18
-2
14
22
17
0
-21
-37
-45
-45
-43
-44
-51
-60
-64
-57
-35
-4
28
51
61
58
50
43
40
41
42
35
22
3
-12
-19
-14
-2
11
18
13
0
-17
-30
-36
-36
-34
-35
-41
-48
-51
-45
-28
-3
22
40
48
46
39
34
32
33
33
28
17
3
-10
-15
-11
-1
9
14
10
0
-13
-23
-28
-28
-26
-27
-32
-37
-39
-35
-21
-2
17
31
37
35
30
26
24
25
25
21
13
2
-7
-11
-8
-1
7
10
8
0
-10
-17
-21
-21
-20
-20
-23
-27
-29
-26
-16
-2
12
23
27
26
22
19
18
18
18
15
9
1
-5
-8
-6
-1
5
7
6
0
-7
-12
-15
-15
-14
-14
-16
-19
-20
-18
-11
-1
9
16
19
18
15
13
12
12
12
10
6
1
-4
-5
-4
0
3
5
4
0
-5
-8
-10
-10
-9
-9
-11
-13
-13
-12
-7
-1
5
10
12
11
10
8
8
8
8
6
4
1
-2
-3
-2
0
2
3
2
0
-3
-5
-6
-6
-5
-5
-6
-7
-8
-7
-4
0
3
6
7
6
5
4
4
4
4
3
2
0
-1
-2
-1
0
1
2
1
0
-1
-2
-3
-3
-3
-3
-3
-3
-3
-3
-2
0
1
2
3
3
2
2
2
2
2
1
1
0
0
-1
0
0
0
1
0
0
0
-1
-1
-1
-1
-1
-1
-1
-1
-1
0
0
0
1
1
1
0
0
0
0
0
0
0
0
0
0
0
0
0
0
0
0
0
0
0
0
0
0
0
0
0
0
0
0
0
0
0
0
0
0
0
0
0
0
0
0
0
0
0
0
0
0
0
0
0
0
0
0
0
0
0
0
0
1
1
1
1
1
1
1
1
0
0
0
0
0
0
0
0
0
0
-1
-1
-1
-1
-1
-1
-2
-2
-2
-2
-1
0
1
2
3
3
2
2
2
2
2
2
1
0
-1
-1
-1
0
1
1
1
0
-1
-3
-3
-4
-3
-4
-4
-5
-6
-5
-3
0
3
5
7
6
6
5
5
5
5
5
3
0
-2
-3
-2
0
2
3
2
0
-3
-5
-7
-7
-7
-7
-8
-10
-11
-10
-6
-1
5
10
12
12
10
9
9
9
9
8
5
1
-3
-5
-4
0
3
5
4
0
-5
-9
-11
-11
-11
-11
-13
-16
-18
-16
-10
-1
8
15
19
18
16
14
13
14
14
12
8
1
-5
-7
-6
-1
5
7
6
0
-7
-13
-16
-16
-16
-17
-20
-24
-26
-23
-14
-2
12
22
27
26
23
20
19
20
20
18
11
2
-7
-10
-8
-1
6
10
8
0
-10
-18
-22
-23
-22
-23
-27
-33
-35
-32
-20
-2
16
30
37
36
31
27
26
27
28
24
15
2
-9
-14
-10
-1
9
14
10
0
-13
-24
-30
-30
-29
-31
-36
-43
-47
-42
-26
-3
21
40
48
47
41
35
34
35
36
31
19
3
-11
-18
-14
-2
11
18
13
0
-17
-31
-38
-39
-37
-39
-46
-55
-59
-53
-33
-4
27
50
61
59
51
44
42
44
45
39
24
4
-14
-22
-17
-2
14
22
17
0
-21
-39
-47
-48
-46
-49
-57
-68
-73
-65
-41
-5
33
62
75
73
63
55
52
55
55
48
29
5
-17
-27
-21
-3
17
27
20
0
-26
-47
-58
-58
-56
-59
-69
-82
-89
-79
-49
-6
40
75
90
88
76
66
63
66
67
57
35
6
-21
-32
-25
-3
20
32
24
0
-31
-56
-69
-70
-67
-70
-82
-98
-106
-94
-59
-7
48
89
107
104
90
78
74
78
79
68
42
7
-25
-38
-29
-4
24
38
29
0
-36
-66
-81
-82
-79
-83
-97
-115
-124
-110
-69
-8
56
104
125
122
105
91
87
91
92
79
49
8
-29
-45
-34
-4
28
44
33
0
-42
-77
-94
-95
-91
-96
-112
-133
-143
-127
-80
-9
65
120
144
140
122
105
100
104
106
91
56
9
-33
-51
-39
-5
32
50
38
0
-48
-88
-107
-109
-105
-110
-128
-152
-164
-146
-91
-10
74
137
165
160
139
120
114
119
121
104
64
10
-37
-58
-45
-6
36
57
44
0
-55
-100
-122
-123
-119
-124
-145
-173
-186
-165
-103
-12
84
155
186
181
157
135
129
135
136
117
72
11
-42
-66
-50
-6
41
64
49
0
-62
-112
-137
-139
-134
-140
-163
-194
-209
-185
-116
-13
94
174
209
203
176
152
145
151
153
132
81
13
-47
-74
-56
-7
46
72
55
0
-69
-126
-153
-155
-149
-156
-182
-217
-233
-207
-129
-15
105
194
233
226
196
169
161
168
170
146
90
14
-53
-82
-63
-8
51
80
61
0
-77
-139
-170
-172
-166
-173
-202
-240
-258
-229
-143
-16
116
214
258
250
217
187
178
186
188
162
99
16
-58
-90
-69
-9
56
88
67
0
-85
-154
-187
-190
-182
-190
-223
-265
-284
-252
-157
-18
127
236
284
275
238
205
196
204
206
178
109
17
-64
-99
-76
-9
62
97
74
0
-93
-168
-205
-208
-200
-209
-244
-290
-311
-276
-172
-19
139
258
310
301
261
225
214
223
226
194
119
19
-70
-108
-83
-10
67
106
81
0
-101
-184
-224
-226
-218
-227
-266
-316
-339
-301
-187
-21
152
281
338
328
284
244
233
242
245
211
130
20
-76
-118
-90
-11
73
115
87
0
-110
-199
-243
-246
-236
-247
-288
-342
-368
-326
-203
-23
164
304
366
355
307
265
252
262
266
228
140
22
-82
-127
-97
-12
79
124
95
0
-119
-215
-262
-265
-255
-266
-311
-370
-397
-352
-219
-25
177
328
395
383
331
285
272
283
286
246
151
24
-88
-137
-105
-13
85
134
102
0
-128
-232
-282
-286
-275
-287
-335
-398
-427
-378
-236
-27
191
353
424
411
356
306
292
304
307
264
162
26
-95
-147
-112
-14
91
143
109
0
-137
-249
-303
-306
-294
-307
-359
-426
-457
-405
-253
-28
204
378
454
440
381
328
312
325
329
283
174
27
-101
-157
-120
-15
98
153
117
0
-146
-266
-323
-327
-314
-328
-383
-455
-488
-433
-270
-30
218
403
484
470
406
350
333
347
351
301
185
29
-108
-168
-128
-16
104
163
124
0
-156
-283
-344
-348
-335
-349
-408
-484
-520
-460
-287
-32
232
429
515
500
432
372
354
369
373
320
197
31
-115
-178
-136
-17
111
173
132
0
-166
-300
-366
-370
-355
-370
-433
-514
-551
-488
-304
-34
246
455
546
530
458
394
375
391
395
340
208
33
-121
-189
-144
-18
117
184
140
0
-175
-318
-387
-391
-376
-392
-458
-543
-583
-517
-322
-36
260
481
578
560
484
417
397
413
418
359
220
35
-128
-199
-152
-19
124
194
148
0
-185
-335
-408
-413
-397
-414
-483
-573
-615
-545
-340
-38
274
507
609
591
511
439
418
435
440
378
232
36
-135
-210
-160
-20
130
204
155
0
-195
-353
-430
-435
-418
-435
-508
-603
-648
-574
-357
-40
288
533
641
621
537
462
440
458
463
398
244
38
-142
-221
-168
-21
137
214
163
1
-205
-371
-452
-456
-439
-457
-534
-633
-680
-602
-375
-42
303
560
672
652
563
485
461
480
485
417
256
40
-149
-231
-176
-22
143
225
171
1
-214
-389
-473
-478
-459
-479
-559
-663
-712
-631
-393
-44
317
586
704
682
590
507
483
502
508
436
268
42
-156
-242
-185
-23
150
235
179
1
-224
-406
-495
-500
-480
-501
-584
-693
-744
-659
-410
-46
331
612
735
713
616
530
504
524
530
456
279
44
-163
-253
-193
-24
157
245
187
1
-234
-424
-516
-521
-501
-522
-609
-723
-776
-687
-428
-48
345
638
766
743
642
552
525
547
553
475
291
46
-169
-263
-201
-25
163
255
194
1
-244
-441
-537
-543
-521
-543
-634
-752
-807
-715
-445
-50
359
664
797
773
668
574
546
568
575
493
303
48
-176
-274
-209
-26
169
265
202
1
-253
-459
-558
-564
-542
-565
-659
-782
-839
-742
-462
-52
373
689
828
802
693
596
567
590
596
512
314
49
-183
-284
-216
-27
176
275
210
1
-263
-476
-579
-585
-562
-585
-683
-810
-869
-770
-479
-54
386
714
858
831
718
618
588
611
618
531
325
51
-189
-294
-224
-28
182
285
217
1
-272
-492
-599
-605
-581
-606
-707
-838
-900
-796
-496
-56
400
739
887
860
743
639
608
632
639
549
336
53
-196
-304
-232
-29
188
295
224
1
-281
-509
-619
-625
-601
-626
-730
-866
-929
-822
-512
-57
413
763
916
888
767
660
627
652
659
566
347
55
-202
-314
-239
-30
194
304
231
1
-290
-525
-639
-645
-619
-646
-753
-893
-958
-848
-528
-59
426
787
944
915
790
680
647
672
680
583
358
56
-208
-323
-246
-30
200
313
238
1
-298
-541
-658
-664
-638
-665
-775
-920
-986
-873
-543
-61
438
810
972
942
813
700
665
692
699
600
368
58
-214
-332
-253
-31
206
322
245
1
-307
-556
-676
-683
-656
-683
-797
-945
-1014
-897
-558
-63
450
832
999
968
836
719
684
711
718
617
378
59
-220
-341
-260
-32
211
331
252
1
-315
-571
-694
-701
-673
-701
-818
-970
-1041
-921
-573
-64
462
854
1025
993
857
737
701
729
737
632
388
61
-225
-350
-267
-33
216
339
258
1
-323
-585
-711
-718
-690
-719
-838
-994
-1066
-943
-587
-66
473
874
1050
1017
878
755
718
747
754
648
397
62
-231
-358
-273
-34
222
347
264
1
-330
-599
-728
-735
-706
-735
-858
-1017
-1091
-965
-601
-67
484
895
1074
1040
898
772
734
763
772
662
406
64
-236
-366
-279
-35
227
355
270
1
-338
-612
-744
-751
-721
-751
-877
-1039
-1114
-986
-614
-69
494
914
1097
1062
917
789
750
780
788
676
415
65
-241
-374
-285
-35
231
362
275
1
-345
-624
-759
-767
-736
-767
-894
-1060
-1137
-1006
-626
-70
504
932
1119
1084
935
804
765
795
803
689
423
66
-246
-381
-291
-36
236
369
281
1
-351
-636
-774
-781
-750
-781
-911
-1080
-1158
-1025
-638
-72
514
949
1139
1104
953
819
779
810
818
702
430
68
-250
-388
-296
-37
240
376
286
1
-358
-647
-787
-795
-763
-795
-927
-1099
-1179
-1043
-649
-73
523
966
1159
1122
969
833
792
823
832
714
438
69
-254
-395
-301
-37
244
382
290
1
-363
-658
-800
-808
-776
-808
-942
-1117
-1197
-1059
-659
-74
531
981
1177
1140
984
846
805
836
845
725
444
70
-258
-401
-305
-38
248
388
295
1
-369
-668
-812
-820
-787
-820
-956
-1133
-1215
-1075
-669
-75
539
995
1194
1157
998
858
816
848
857
735
451
71
-262
-406
-310
-38
251
393
299
1
-374
-677
-823
-831
-798
-831
-969
-1148
-1231
-1089
-678
-76
546
1008
1210
1172
1011
870
827
859
868
745
456
72
-265
-412
-314
-39
254
398
303
1
-379
-685
-833
-841
-807
-841
-981
-1162
-1246
-1102
-686
-77
552
1020
1224
1186
1023
880
836
869
878
753
462
73
-268
-416
-317
-39
257
402
306
1
-383
-693
-843
-851
-816
-850
-991
-1175
-1260
-1114
-693
-78
558
1031
1237
1198
1034
889
845
878
887
761
466
73
-271
-420
-320
-40
260
406
309
1
-387
-700
-851
-859
-824
-858
-1001
-1186
-1272
-1125
-700
-79
563
1041
1249
1209
1043
897
853
886
895
768
471
74
-273
-424
-323
-40
262
410
312
1
-390
-706
-858
-866
-831
-866
-1009
-1196
-1282
-1134
-705
-79
568
1049
1259
1219
1052
904
859
893
902
774
474
74
-275
-427
-326
-40
264
413
314
1
-393
-711
-864
-872
-837
-872
-1016
-1204
-1291
-1142
-710
-80
572
1056
1267
1227
1059
910
865
899
908
779
477
75
-277
-430
-328
-40
266
416
316
1
-395
-715
-869
-878
-842
-877
-1022
-1211
-1299
-1148
-714
-80
575
1062
1274
1234
1065
915
870
904
913
783
480
75
-279
-432
-329
-41
267
418
318
1
-397
-719
-874
-882
-846
-881
-1027
-1217
-1305
-1154
-718
-81
578
1067
1280
1239
1069
919
873
907
916
786
482
76
-280
-434
-331
-41
268
419
319
1
-398
-721
-877
-885
-849
-884
-1031
-1221
-1309
-1157
-720
-81
579
1070
1284
1243
1072
922
876
910
919
788
483
76
-280
-435
-331
-41
269
420
320
1
-399
-723
-879
-887
-851
-886
-1033
-1224
-1312
-1160
-721
-81
581
1072
1286
1245
1074
923
877
911
921
790
484
76
-281
-436
-332
-41
269
421
320
1
-400
-724
-880
-888
-852
-887
-1034
-1225
-1313
-1161
-722
-81
581
1073
1287
1246
1075
924
878
912
921
790
484
76
-281
-436
-332
-41
269
421
320
1
-400
-724
-880
-888
-852
-887
-1034
-1225
-1313
-1161
-722
-81
581
1072
1286
1245
1074
923
877
911
920
789
484
76
-281
-436
-332
-41
269
420
320
1
-399
-723
-879
-887
-851
-886
-1032
-1223
-1311
-1159
-721
-81
580
1071
1284
1243
1072
922
876
910
918
788
483
76
-280
-435
-331
-41
268
420
319
1
-398
-721
-877
-884
-848
-883
-1030
-1220
-1307
-1156
-719
-81
578
1068
1280
1239
1069
919
873
907
916
785
481
76
-279
-433
-330
-41
267
418
318
1
-397
-719
-873
-881
-845
-880
-1026
-1215
-1302
-1151
-716
-80
576
1063
1275
1234
1065
915
869
903
912
782
479
75
-278
-431
-328
-41
266
416
316
1
-395
-715
-869
-877
-841
-876
-1020
-1209
-1295
-1145
-712
-80
573
1058
1268
1228
1059
910
865
898
907
777
476
75
-276
-429
-326
-40
264
414
314
1
-393
-711
-864
-871
-836
-870
-1014
-1201
-1287
-1138
-707
-79
569
1051
1260
1220
1052
904
859
892
900
772
473
74
-274
-426
-324
-40
262
411
312
1
-390
-706
-857
-865
-830
-864
-1006
-1192
-1277
-1129
-702
-79
565
1043
1250
1210
1044
897
852
885
893
766
469
74
-272
-422
-321
-40
260
407
309
1
-387
-700
-850
-858
-823
-856
-998
-1182
-1266
-1119
-696
-78
560
1033
1239
1199
1034
889
844
877
885
759
465
73
-270
-418
-318
-39
258
403
307
1
-383
-693
-842
-849
-814
-848
-988
-1170
-1253
-1108
-689
-77
554
1023
1226
1187
1024
879
835
867
876
751
460
72
-267
-414
-315
-39
255
399
303
1
-379
-685
-833
-840
-805
-838
-977
-1157
-1239
-1095
-681
-76
548
1011
1212
1173
1012
869
826
857
865
742
454
71
-264
-409
-311
-38
252
394
299
1
-374
-677
-822
-829
-795
-828
-965
-1142
-1224
-1082
-672
-75
541
998
1197
1158
999
858
815
846
854
732
448
70
-260
-403
-307
-38
249
389
295
1
-369
-668
-811
-818
-785
-816
-951
-1127
-1207
-1067
-663
-74
533
984
1180
1142
985
846
803
834
842
722
442
69
-256
-398
-303
-37
245
383
291
1
-364
-658
-799
-806
-773
-804
-937
-1110
-1189
-1051
-653
-73
525
969
1162
1124
969
833
791
821
829
711
435
68
-252
-391
-298
-37
241
377
286
1
-358
-647
-786
-793
-760
-791
-922
-1092
-1169
-1033
-642
-72
516
953
1142
1105
953
819
778
807
815
699
428
67
-248
-385
-293
-36
237
371
282
1
-352
-636
-772
-779
-747
-777
-906
-1072
-1149
-1015
-631
-71
507
936
1122
1085
936
804
764
793
800
686
420
66
-243
-378
-287
-35
233
364
276
1
-345
-624
-758
-764
-733
-763
-888
-1052
-1127
-996
-619
-69
497
918
1100
1064
918
788
749
777
784
672
412
65
-239
-370
-282
-35
228
356
271
1
-338
-611
-743
-749
-718
-747
-870
-1030
-1104
-975
-606
-68
487
899
1077
1042
899
772
733
761
768
658
403
63
-234
-362
-276
-34
223
349
265
1
-331
-598
-727
-733
-702
-731
-851
-1008
-1079
-954
-593
-66
476
879
1054
1019
879
755
717
744
751
643
394
62
-228
-354
-269
-33
218
341
259
1
-323
-584
-710
-716
-686
-714
-832
-984
-1054
-932
-579
-65
465
858
1029
995
858
737
700
726
733
628
384
60
-223
-346
-263
-32
213
333
253
1
-315
-570
-692
-698
-669
-696
-811
-960
-1028
-908
-564
-63
453
837
1003
970
836
718
682
708
714
612
375
59
-217
-337
-256
-32
207
324
246
1
-307
-555
-674
-680
-652
-678
-790
-935
-1001
-884
-550
-62
441
815
976
944
814
699
664
689
695
596
365
57
-211
-328
-249
-31
202
315
239
1
-299
-540
-656
-661
-634
-659
-768
-909
-973
-860
-534
-60
429
792
949
918
791
679
645
669
675
579
354
56
-205
-318
-242
-30
196
306
232
1
-290
-524
-637
-642
-615
-640
-745
-882
-945
-835
-518
-58
416
768
921
890
768
659
626
649
655
561
344
54
-199
-309
-235
-29
190
297
225
1
-281
-508
-617
-622
-596
-620
-722
-855
-915
-809
-502
-56
403
744
892
863
743
638
606
629
634
544
333
52
-193
-299
-227
-28
184
287
218
1
-272
-492
-597
-602
-577
-600
-699
-827
-885
-782
-486
-54
390
720
862
834
719
617
586
608
613
525
322
50
-186
-289
-220
-27
178
278
211
1
-263
-475
-577
-582
-557
-580
-675
-799
-855
-755
-469
-53
377
695
832
805
694
596
565
587
592
507
310
49
-180
-278
-212
-26
171
268
203
1
-253
-458
-556
-561
-537
-559
-651
-770
-824
-728
-452
-51
363
669
802
776
668
574
545
565
570
488
299
47
-173
-268
-204
-25
165
258
196
1
-244
-441
-535
-539
-517
-538
-626
-741
-793
-700
-435
-49
349
644
771
746
643
552
523
543
548
469
287
45
-166
-258
-196
-24
158
248
188
1
-234
-423
-514
-518
-496
-516
-601
-711
-761
-672
-417
-47
335
618
740
716
617
529
502
521
525
450
275
43
-159
-247
-188
-23
152
237
180
1
-225
-406
-493
-496
-476
-495
-576
-681
-729
-644
-400
-45
321
592
709
685
590
507
481
499
503
431
264
41
-153
-236
-180
-22
145
227
172
1
-215
-388
-471
-475
-455
-473
-550
-651
-697
-615
-382
-43
307
565
677
655
564
484
459
476
480
411
252
39
-146
-226
-172
-21
139
217
164
1
-205
-370
-450
-453
-434
-451
-525
-621
-665
-587
-364
-41
292
539
646
624
538
461
438
454
458
392
240
38
-139
-215
-164
-20
132
206
157
0
-195
-353
-428
-431
-413
-429
-500
-591
-633
-558
-347
-39
278
513
614
594
511
439
416
432
435
373
228
36
-132
-204
-155
-19
125
196
149
0
-185
-335
-406
-409
-392
-408
-474
-561
-600
-530
-329
-37
264
487
583
563
485
416
395
409
413
353
216
34
-125
-194
-147
-18
119
186
141
0
-176
-317
-385
-388
-371
-386
-449
-531
-568
-502
-311
-35
250
460
551
533
459
394
373
387
390
334
204
32
-118
-183
-139
-17
112
176
133
0
-166
-300
-364
-366
-351
-364
-424
-502
-537
-474
-294
-33
236
434
520
503
433
371
352
365
368
315
193
30
-111
-173
-131
-16
106
165
125
0
-156
-282
-342
-345
-330
-343
-399
-472
-505
-446
-277
-31
222
409
489
473
407
349
331
343
346
296
181
28
-105
-162
-123
-15
99
155
118
0
-147
-265
-321
-324
-310
-322
-375
-443
-474
-418
-259
-29
208
383
459
443
382
327
310
322
324
278
170
27
-98
-152
-115
-14
93
145
110
0
-137
-248
-301
-303
-290
-301
-350
-414
-443
-391
-243
-27
194
358
429
414
357
306
290
301
303
259
158
25
-92
-142
-108
-13
87
136
103
0
-128
-231
-281
-282
-270
-281
-327
-386
-413
-364
-226
-25
181
334
399
386
332
285
270
280
282
241
147
23
-85
-132
-100
-12
81
126
96
0
-119
-215
-261
-262
-251
-261
-303
-358
-383
-338
-210
-23
168
309
370
358
308
264
250
259
261
223
137
21
-79
-122
-93
-11
75
117
89
0
-110
-199
-241
-243
-232
-241
-280
-331
-354
-313
-194
-22
155
286
342
330
284
244
231
239
241
206
126
20
-73
-113
-86
-11
69
108
82
0
-101
-183
-222
-223
-214
-222
-258
-305
-326
-288
-178
-20
143
263
314
304
261
224
212
220
221
189
116
18
-67
-103
-79
-10
63
99
75
0
-93
-168
-204
-205
-196
-203
-237
-279
-299
-263
-163
-18
131
241
288
278
239
205
194
201
202
173
106
17
-61
-94
-72
-9
58
90
68
0
-85
-153
-186
-187
-179
-185
-216
-255
-272
-240
-149
-17
119
219
262
253
217
186
176
183
184
157
96
15
-55
-86
-65
-8
52
82
62
0
-77
-139
-168
-169
-162
-168
-195
-231
-246
-217
-135
-15
108
198
237
229
197
168
160
165
166
142
87
14
-50
-77
-59
-7
47
74
56
0
-69
-125
-152
-153
-146
-151
-176
-208
-222
-195
-121
-14
97
178
213
205
177
151
143
148
149
128
78
12
-45
-69
-53
-6
42
66
50
0
-62
-112
-136
-136
-130
-135
-157
-185
-198
-175
-108
-12
86
159
190
183
158
135
128
132
133
114
69
11
-40
-62
-47
-6
38
59
44
0
-55
-99
-120
-121
-116
-120
-139
-164
-176
-155
-96
-11
76
141
168
162
139
119
113
117
117
100
61
10
-35
-54
-41
-5
33
52
39
0
-49
-88
-106
-107
-102
-106
-122
-144
-154
-136
-84
-9
67
123
147
142
122
104
99
102
103
88
54
8
-31
-48
-36
-4
29
45
34
0
-42
-76
-92
-93
-89
-92
-107
-126
-134
-118
-73
-8
58
107
128
123
106
91
86
89
89
76
46
7
-27
-41
-31
-4
25
39
29
0
-36
-66
-80
-80
-76
-79
-92
-108
-115
-101
-63
-7
50
92
110
106
91
77
73
76
76
65
40
6
-23
-35
-27
-3
21
33
25
0
-31
-56
-68
-68
-65
-67
-78
-92
-98
-86
-53
-6
42
78
93
89
77
65
62
64
64
55
33
5
-19
-29
-22
-3
18
28
21
0
-26
-47
-57
-57
-54
-56
-65
-76
-81
-72
-44
-5
35
65
77
74
63
54
51
53
53
45
28
4
-16
-24
-18
-2
15
23
17
0
-21
-38
-46
-47
-44
-46
-53
-63
-67
-58
-36
-4
29
53
63
60
52
44
42
43
43
37
22
3
-13
-20
-15
-2
12
18
14
0
-17
-31
-37
-37
-36
-37
-42
-50
-53
-47
-29
-3
23
42
50
48
41
35
33
34
34
29
18
3
-10
-15
-12
-1
9
14
11
0
-13
-24
-29
-29
-28
-29
-33
-39
-41
-36
-22
-2
18
32
38
37
31
27
25
26
26
22
13
2
-8
-12
-9
-1
7
11
8
0
-10
-18
-22
-22
-21
-21
-25
-29
-31
-27
-17
-2
13
24
28
27
23
20
19
19
19
16
10
2
-6
-9
-6
-1
5
8
6
0
-7
-13
-16
-16
-15
-15
-17
-20
-22
-19
-12
-1
9
17
20
19
16
14
13
13
13
11
7
1
-4
-6
-4
-1
3
5
4
0
-5
-9
-10
-10
-10
-10
-12
-13
-14
-12
-8
-1
6
11
13
12
10
9
8
8
8
7
4
1
-2
-4
-3
0
2
3
2
0
-3
-5
-6
-6
-6
-6
-7
-8
-8
-7
-4
0
3
6
7
7
6
5
5
5
5
4
2
0
-1
-2
-1
0
1
2
1
0
-2
-3
-3
-3
-3
-3
-3
-4
-4
-3
-2
0
2
3
3
3
3
2
2
2
2
2
1
0
-1
-1
-1
0
0
1
0
0
-1
-1
-1
-1
-1
-1
-1
-1
-1
-1
-1
0
0
1
1
1
1
1
0
0
0
0
0
0
0
0
0
0
0
0
0
0
0
0
0
0
0
0
0
0
0
0
0
0
0
0
0
0
0
0
0
0
0
0
0
0
0
0
0
0
0
0
0
0
0
0
0
0
0
0
0
0
0
0
0
0
0
0
1
1
1
1
1
1
1
1
0
0
0
0
0
0
0
0
0
0
-1
-1
-1
-1
-1
-1
-2
-2
-2
-2
-1
0
1
2
3
3
2
2
2
2
2
2
1
0
-1
-1
-1
0
1
1
1
0
-1
-3
-3
-4
-3
-4
-4
-5
-6
-5
-3
0
3
5
7
6
6
5
5
5
5
5
3
0
-2
-3
-2
0
2
3
2
0
-3
-5
-7
-7
-7
-7
-8
-10
-11
-10
-6
-1
5
10
12
12
10
9
9
9
9
8
5
1
-3
-5
-4
0
3
5
4
0
-5
-9
-11
-11
-11
-11
-13
-16
-18
-16
-10
-1
8
15
19
18
16
14
13
14
14
12
8
1
-5
-7
-6
-1
5
7
6
0
-7
-13
-16
-16
-16
-17
-20
-24
-26
-23
-14
-2
12
22
27
26
23
20
19
20
20
18
11
2
-7
-10
-8
-1
6
10
8
0
-10
-18
-22
-23
-22
-23
-27
-33
-35
-32
-20
-2
16
30
37
36
31
27
26
27
28
24
15
2
-9
-14
-10
-1
9
14
10
0
-13
-24
-30
-30
-29
-31
-36
-43
-47
-42
-26
-3
21
40
48
47
41
35
34
35
36
31
19
3
-11
-18
-14
-2
11
18
13
0
-17
-31
-38
-39
-37
-39
-46
-55
-59
-53
-33
-4
27
50
61
59
51
44
42
44
45
39
24
4
-14
-22
-17
-2
14
22
17
0
-21
-39
-47
-48
-46
-49
-57
-68
-73
-65
-41
-5
33
62
75
73
63
55
52
55
55
48
29
5
-17
-27
-21
-3
17
27
20
0
-26
-47
-58
-58
-56
-59
-69
-82
-89
-79
-49
-6
40
75
90
88
76
66
63
66
67
57
35
6
-21
-32
-25
-3
20
32
24
0
-31
-56
-69
-70
-67
-70
-82
-98
-106
-94
-59
-7
48
89
107
104
90
78
74
78
79
68
42
7
-25
-38
-29
-4
24
38
29
0
-36
-66
-81
-82
-79
-83
-97
-115
-124
-110
-69
-8
56
104
125
122
105
91
87
91
92
79
49
8
-29
-45
-34
-4
28
44
33
0
-42
-77
-94
-95
-91
-96
-112
-133
-143
-127
-80
-9
65
120
144
140
122
105
100
104
106
91
56
9
-33
-51
-39
-5
32
50
38
0
-48
-88
-107
-109
-105
-110
-128
-152
-164
-146
-91
-10
74
137
165
160
139
120
114
119
121
104
64
10
-37
-58
-45
-6
36
57
44
0
-55
-100
-122
-123
-119
-124
-145
-173
-186
-165
-103
-12
84
155
186
181
157
135
129
135
136
117
72
11
-42
-66
-50
-6
41
64
49
0
-62
-112
-137
-139
-134
-140
-163
-194
-209
-185
-116
-13
94
174
209
203
176
152
145
151
153
132
81
13
-47
-74
-56
-7
46
72
55
0
-69
-126
-153
-155
-149
-156
-182
-217
-233
-207
-129
-15
105
194
233
226
196
169
161
168
170
146
90
14
-53
-82
-63
-8
51
80
61
0
-77
-139
-170
-172
-166
-173
-202
-240
-258
-229
-143
-16
116
214
258
250
217
187
178
186
188
162
99
16
-58
-90
-69
-9
56
88
67
0
-85
-154
-187
-190
-182
-190
-223
-265
-284
-252
-157
-18
127
236
284
275
238
205
196
204
206
178
109
17
-64
-99
-76
-9
62
97
74
0
-93
-168
-205
-208
-200
-209
-244
-290
-311
-276
-172
-19
139
258
310
301
261
225
214
223
226
194
119
19
-70
-108
-83
-10
67
106
81
0
-101
-184
-224
-226
-218
-227
-266
-316
-339
-301
-187
-21
152
281
338
328
284
244
233
242
245
211
130
20
-76
-118
-90
-11
73
115
87
0
-110
-199
-243
-246
-236
-247
-288
-342
-368
-326
-203
-23
164
304
366
355
307
265
252
262
266
228
140
22
-82
-127
-97
-12
79
124
95
0
-119
-215
-262
-265
-255
-266
-311
-370
-397
-352
-219
-25
177
328
395
383
331
285
272
283
286
246
151
24
-88
-137
-105
-13
85
134
102
0
-128
-232
-282
-286
-275
-287
-335
-398
-427
-378
-236
-27
191
353
424
411
356
306
292
304
307
264
162
26
-95
-147
-112
-14
91
143
109
0
-137
-249
-303
-306
-294
-307
-359
-426
-457
-405
-253
-28
204
378
454
440
381
328
312
325
329
283
174
27
-101
-157
-120
-15
98
153
117
0
-146
-266
-323
-327
-314
-328
-383
-455
-488
-433
-270
-30
218
403
484
470
406
350
333
347
351
301
185
29
-108
-168
-128
-16
104
163
124
0
-156
-283
-344
-348
-335
-349
-408
-484
-520
-460
-287
-32
232
429
515
500
432
372
354
369
373
320
197
31
-115
-178
-136
-17
111
173
132
0
-166
-300
-366
-370
-355
-370
-433
-514
-551
-488
-304
-34
246
455
546
530
458
394
375
391
395
340
208
33
-121
-189
-144
-18
117
184
140
0
-175
-318
-387
-391
-376
-392
-458
-543
-583
-517
-322
-36
260
481
578
560
484
417
397
413
418
359
220
35
-128
-199
-152
-19
124
194
148
0
-185
-335
-408
-413
-397
-414
-483
-573
-615
-545
-340
-38
274
507
609
591
511
439
418
435
440
378
232
36
-135
-210
-160
-20
130
204
155
0
-195
-353
-430
-435
-418
-435
-508
-603
-648
-574
-357
-40
288
533
641
621
537
462
440
458
463
398
244
38
-142
-221
-168
-21
137
214
163
1
-205
-371
-452
-456
-439
-457
-534
-633
-680
-602
-375
-42
303
560
672
652
563
485
461
480
485
417
256
40
-149
-231
-176
-22
143
225
171
1
-214
-389
-473
-478
-459
-479
-559
-663
-712
-631
-393
-44
317
586
704
682
590
507
483
502
508
436
268
42
-156
-242
-185
-23
150
235
179
1
-224
-406
-495
-500
-480
-501
-584
-693
-744
-659
-410
-46
331
612
735
713
616
530
504
524
530
456
279
44
-163
-253
-193
-24
157
245
187
1
-234
-424
-516
-521
-501
-522
-609
-723
-776
-687
-428
-48
345
638
766
743
642
552
525
547
553
475
291
46
-169
-263
-201
-25
163
255
194
1
-244
-441
-537
-543
-521
-543
-634
-752
-807
-715
-445
-50
359
664
797
773
668
574
546
568
575
493
303
48
-176
-274
-209
-26
169
265
202
1
-253
-459
-558
-564
-542
-565
-659
-782
-839
-742
-462
-52
373
689
828
802
693
596
567
590
596
512
314
49
-183
-284
-216
-27
176
275
210
1
-263
-476
-579
-585
-562
-585
-683
-810
-869
-770
-479
-54
386
714
858
831
718
618
588
611
618
531
325
51
-189
-294
-224
-28
182
285
217
1
-272
-492
-599
-605
-581
-606
-707
-838
-900
-796
-496
-56
400
739
887
860
743
639
608
632
639
549
336
53
-196
-304
-232
-29
188
295
224
1
-281
-509
-619
-625
-601
-626
-730
-866
-929
-822
-512
-57
413
763
916
888
767
660
627
652
659
566
347
55
-202
-314
-239
-30
194
304
231
1
-290
-525
-639
-645
-619
-646
-753
-893
-958
-848
-528
-59
426
787
944
915
790
680
647
672
680
583
358
56
-208
-323
-246
-30
200
313
238
1
-298
-541
-658
-664
-638
-665
-775
-920
-986
-873
-543
-61
438
810
972
942
813
700
665
692
699
600
368
58
-214
-332
-253
-31
206
322
245
1
-307
-556
-676
-683
-656
-683
-797
-945
-1014
-897
-558
-63
450
832
999
968
836
719
684
711
718
617
378
59
-220
-341
-260
-32
211
331
252
1
-315
-571
-694
-701
-673
-701
-818
-970
-1041
-921
-573
-64
462
854
1025
993
857
737
701
729
737
632
388
61
-225
-350
-267
-33
216
339
258
1
-323
-585
-711
-718
-690
-719
-838
-994
-1066
-943
-587
-66
473
874
1050
1017
878
755
718
747
754
648
397
62
-231
-358
-273
-34
222
347
264
1
-330
-599
-728
-735
-706
-735
-858
-1017
-1091
-965
-601
-67
484
895
1074
1040
898
772
734
763
772
662
406
64
-236
-366
-279
-35
227
355
270
1
-338
-612
-744
-751
-721
-751
-877
-1039
-1114
-986
-614
-69
494
914
1097
1062
917
789
750
780
788
676
415
65
-241
-374
-285
-35
231
362
275
1
-345
-624
-759
-767
-736
-767
-894
-1060
-1137
-1006
-626
-70
504
932
1119
1084
935
804
765
795
803
689
423
66
-246
-381
-291
-36
236
369
281
1
-351
-636
-774
-781
-750
-781
-911
-1080
-1158
-1025
-638
-72
514
949
1139
1104
953
819
779
810
818
702
430
68
-250
-388
-296
-37
240
376
286
1
-358
-647
-787
-795
-763
-795
-927
-1099
-1179
-1043
-649
-73
523
966
1159
1122
969
833
792
823
832
714
438
69
-254
-395
-301
-37
244
382
290
1
-363
-658
-800
-808
-776
-808
-942
-1117
-1197
-1059
-659
-74
531
981
1177
1140
984
846
805
836
845
725
444
70
-258
-401
-305
-38
248
388
295
1
-369
-668
-812
-820
-787
-820
-956
-1133
-1215
-1075
-669
-75
539
995
1194
1157
998
858
816
848
857
735
451
71
-262
-406
-310
-38
251
393
299
1
-374
-677
-823
-831
-798
-831
-969
-1148
-1231
-1089
-678
-76
546
1008
1210
1172
1011
870
827
859
868
745
456
72
-265
-412
-314
-39
254
398
303
1
-379
-685
-833
-841
-807
-841
-981
-1162
-1246
-1102
-686
-77
552
1020
1224
1186
1023
880
836
869
878
753
462
73
-268
-416
-317
-39
257
402
306
1
-383
-693
-843
-851
-816
-850
-991
-1175
-1260
-1114
-693
-78
558
1031
1237
1198
1034
889
845
878
887
761
466
73
-271
-420
-320
-40
260
406
309
1
-387
-700
-851
-859
-824
-858
-1001
-1186
-1272
-1125
-700
-79
563
1041
1249
1209
1043
897
853
886
895
768
471
74
-273
-424
-323
-40
262
410
312
1
-390
-706
-858
-866
-831
-866
-1009
-1196
-1282
-1134
-705
-79
568
1049
1259
1219
1052
904
859
893
902
774
474
74
-275
-427
-326
-40
264
413
314
1
-393
-711
-864
-872
-837
-872
-1016
-1204
-1291
-1142
-710
-80
572
1056
1267
1227
1059
910
865
899
908
779
477
75
-277
-430
-328
-40
266
416
316
1
-395
-715
-869
-878
-842
-877
-1022
-1211
-1299
-1148
-714
-80
575
1062
1274
1234
1065
915
870
904
913
783
480
75
-279
-432
-329
-41
267
418
318
1
-397
-719
-874
-882
-846
-881
-1027
-1217
-1305
-1154
-718
-81
578
1067
1280
1239
1069
919
873
907
916
786
482
76
-280
-434
-331
-41
268
419
319
1
-398
-721
-877
-885
-849
-884
-1031
-1221
-1309
-1157
-720
-81
579
1070
1284
1243
1072
922
876
910
919
788
483
76
-280
-435
-331
-41
269
420
320
1
-399
-723
-879
-887
-851
-886
-1033
-1224
-1312
-1160
-721
-81
581
1072
1286
1245
1074
923
877
911
921
790
484
76
-281
-436
-332
-41
269
421
320
1
-400
-724
-880
-888
-852
-887
-1034
-1225
-1313
-1161
-722
-81
581
1073
1287
1246
1075
924
878
912
921
790
484
76
-281
-436
-332
-41
269
421
320
1
-400
-724
-880
-888
-852
-887
-1034
-1225
-1313
-1161
-722
-81
581
1072
1286
1245
1074
923
877
911
920
789
484
76
-281
-436
-332
-41
269
420
320
1
-399
-723
-879
-887
-851
-886
-1032
-1223
-1311
-1159
-721
-81
580
1071
1284
1243
1072
922
876
910
918
788
483
76
-280
-435
-331
-41
268
420
319
1
-398
-721
-877
-884
-848
-883
-1030
-1220
-1307
-1156
-719
-81
578
1068
1280
1239
1069
919
873
907
916
785
481
76
-279
-433
-330
-41
267
418
318
1
-397
-719
-873
-881
-845
-880
-1026
-1215
-1302
-1151
-716
-80
576
1063
1275
1234
1065
915
869
903
912
782
479
75
-278
-431
-328
-41
266
416
316
1
-395
-715
-869
-877
-841
-876
-1020
-1209
-1295
-1145
-712
-80
573
1058
1268
1228
1059
910
865
898
907
777
476
75
-276
-429
-326
-40
264
414
314
1
-393
-711
-864
-871
-836
-870
-1014
-1201
-1287
-1138
-707
-79
569
1051
1260
1220
1052
904
859
892
900
772
473
74
-274
-426
-324
-40
262
411
312
1
-390
-706
-857
-865
-830
-864
-1006
-1192
-1277
-1129
-702
-79
565
1043
1250
1210
1044
897
852
885
893
766
469
74
-272
-422
-321
-40
260
407
309
1
-387
-700
-850
-858
-823
-856
-998
-1182
-1266
-1119
-696
-78
560
1033
1239
1199
1034
889
844
877
885
759
465
73
-270
-418
-318
-39
258
403
307
1
-383
-693
-842
-849
-814
-848
-988
-1170
-1253
-1108
-689
-77
554
1023
1226
1187
1024
879
835
867
876
751
460
72
-267
-414
-315
-39
255
399
303
1
-379
-685
-833
-840
-805
-838
-977
-1157
-1239
-1095
-681
-76
548
1011
1212
1173
1012
869
826
857
865
742
454
71
-264
-409
-311
-38
252
394
299
1
-374
-677
-822
-829
-795
-828
-965
-1142
-1224
-1082
-672
-75
541
998
1197
1158
999
858
815
846
854
732
448
70
-260
-403
-307
-38
249
389
295
1
-369
-668
-811
-818
-785
-816
-951
-1127
-1207
-1067
-663
-74
533
984
1180
1142
985
846
803
834
842
722
442
69
-256
-398
-303
-37
245
383
291
1
-364
-658
-799
-806
-773
-804
-937
-1110
-1189
-1051
-653
-73
525
969
1162
1124
969
833
791
821
829
711
435
68
-252
-391
-298
-37
241
377
286
1
-358
-647
-786
-793
-760
-791
-922
-1092
-1169
-1033
-642
-72
516
953
1142
1105
953
819
778
807
815
699
428
67
-248
-385
-293
-36
237
371
282
1
-352
-636
-772
-779
-747
-777
-906
-1072
-1149
-1015
-631
-71
507
936
1122
1085
936
804
764
793
800
686
420
66
-243
-378
-287
-35
233
364
276
1
-345
-624
-758
-764
-733
-763
-888
-1052
-1127
-996
-619
-69
497
918
1100
1064
918
788
749
777
784
672
412
65
-239
-370
-282
-35
228
356
271
1
-338
-611
-743
-749
-718
-747
-870
-1030
-1104
-975
-606
-68
487
899
1077
1042
899
772
733
761
768
658
403
63
-234
-362
-276
-34
223
349
265
1
-331
-598
-727
-733
-702
-731
-851
-1008
-1079
-954
-593
-66
476
879
1054
1019
879
755
717
744
751
643
394
62
-228
-354
-269
-33
218
341
259
1
-323
-584
-710
-716
-686
-714
-832
-984
-1054
-932
-579
-65
465
858
1029
995
858
737
700
726
733
628
384
60
-223
-346
-263
-32
213
333
253
1
-315
-570
-692
-698
-669
-696
-811
-960
-1028
-908
-564
-63
453
837
1003
970
836
718
682
708
714
612
375
59
-217
-337
-256
-32
207
324
246
1
-307
-555
-674
-680
-652
-678
-790
-935
-1001
-884
-550
-62
441
815
976
944
814
699
664
689
695
596
365
57
-211
-328
-249
-31
202
315
239
1
-299
-540
-656
-661
-634
-659
-768
-909
-973
-860
-534
-60
429
792
949
918
791
679
645
669
675
579
354
56
-205
-318
-242
-30
196
306
232
1
-290
-524
-637
-642
-615
-640
-745
-882
-945
-835
-518
-58
416
768
921
890
768
659
626
649
655
561
344
54
-199
-309
-235
-29
190
297
225
1
-281
-508
-617
-622
-596
-620
-722
-855
-915
-809
-502
-56
403
744
892
863
743
638
606
629
634
544
333
52
-193
-299
-227
-28
184
287
218
1
-272
-492
-597
-602
-577
-600
-699
-827
-885
-782
-486
-54
390
720
862
834
719
617
586
608
613
525
322
50
-186
-289
-220
-27
178
278
211
1
-263
-475
-577
-582
-557
-580
-675
-799
-855
-755
-469
-53
377
695
832
805
694
596
565
587
592
507
310
49
-180
-278
-212
-26
171
268
203
1
-253
-458
-556
-561
-537
-559
-651
-770
-824
-728
-452
-51
363
669
802
776
668
574
545
565
570
488
299
47
-173
-268
-204
-25
165
258
196
1
-244
-441
-535
-539
-517
-538
-626
-741
-793
-700
-435
-49
349
644
771
746
643
552
523
543
548
469
287
45
-166
-258
-196
-24
158
248
188
1
-234
-423
-514
-518
-496
-516
-601
-711
-761
-672
-417
-47
335
618
740
716
617
529
502
521
525
450
275
43
-159
-247
-188
-23
152
237
180
1
-225
-406
-493
-496
-476
-495
-576
-681
-729
-644
-400
-45
321
592
709
685
590
507
481
499
503
431
264
41
-153
-236
-180
-22
145
227
172
1
-215
-388
-471
-475
-455
-473
-550
-651
-697
-615
-382
-43
307
565
677
655
564
484
459
476
480
411
252
39
-146
-226
-172
-21
139
217
164
1
-205
-370
-450
-453
-434
-451
-525
-621
-665
-587
-364
-41
292
539
646
624
538
461
438
454
458
392
240
38
-139
-215
-164
-20
132
206
157
0
-195
-353
-428
-431
-413
-429
-500
-591
-633
-558
-347
-39
278
513
614
594
511
439
416
432
435
373
228
36
-132
-204
-155
-19
125
196
149
0
-185
-335
-406
-409
-392
-408
-474
-561
-600
-530
-329
-37
264
487
583
563
485
416
395
409
413
353
216
34
-125
-194
-147
-18
119
186
141
0
-176
-317
-385
-388
-371
-386
-449
-531
-568
-502
-311
-35
250
460
551
533
459
394
373
387
390
334
204
32
-118
-183
-139
-17
112
176
133
0
-166
-300
-364
-366
-351
-364
-424
-502
-537
-474
-294
-33
236
434
520
503
433
371
352
365
368
315
193
30
-111
-173
-131
-16
106
165
125
0
-156
-282
-342
-345
-330
-343
-399
-472
-505
-446
-277
-31
222
409
489
473
407
349
331
343
346
296
181
28
-105
-162
-123
-15
99
155
118
0
-147
-265
-321
-324
-310
-322
-375
-443
-474
-418
-259
-29
208
383
459
443
382
327
310
322
324
278
170
27
-98
-152
-115
-14
93
145
110
0
-137
-248
-301
-303
-290
-301
-350
-414
-443
-391
-243
-27
194
358
429
414
357
306
290
301
303
259
158
25
-92
-142
-108
-13
87
136
103
0
-128
-231
-281
-282
-270
-281
-327
-386
-413
-364
-226
-25
181
334
399
386
332
285
270
280
282
241
147
23
-85
-132
-100
-12
81
126
96
0
-119
-215
-261
-262
-251
-261
-303
-358
-383
-338
-210
-23
168
309
370
358
308
264
250
259
261
223
137
21
-79
-122
-93
-11
75
117
89
0
-110
-199
-241
-243
-232
-241
-280
-331
-354
-313
-194
-22
155
286
342
330
284
244
231
239
241
206
126
20
-73
-113
-86
-11
69
108
82
0
-101
-183
-222
-223
-214
-222
-258
-305
-326
-288
-178
-20
143
263
314
304
261
224
212
220
221
189
116
18
-67
-103
-79
-10
63
99
75
0
-93
-168
-204
-205
-196
-203
-237
-279
-299
-263
-163
-18
131
241
288
278
239
205
194
201
202
173
106
17
-61
-94
-72
-9
58
90
68
0
-85
-153
-186
-187
-179
-185
-216
-255
-272
-240
-149
-17
119
219
262
253
217
186
176
183
184
157
96
15
-55
-86
-65
-8
52
82
62
0
-77
-139
-168
-169
-162
-168
-195
-231
-246
-217
-135
-15
108
198
237
229
197
168
160
165
166
142
87
14
-50
-77
-59
-7
47
74
56
0
-69
-125
-152
-153
-146
-151
-176
-208
-222
-195
-121
-14
97
178
213
205
177
151
143
148
149
128
78
12
-45
-69
-53
-6
42
66
50
0
-62
-112
-136
-136
-130
-135
-157
-185
-198
-175
-108
-12
86
159
190
183
158
135
128
132
133
114
69
11
-40
-62
-47
-6
38
59
44
0
-55
-99
-120
-121
-116
-120
-139
-164
-176
-155
-96
-11
76
141
168
162
139
119
113
117
117
100
61
10
-35
-54
-41
-5
33
52
39
0
-49
-88
-106
-107
-102
-106
-122
-144
-154
-136
-84
-9
67
123
147
142
122
104
99
102
103
88
54
8
-31
-48
-36
-4
29
45
34
0
-42
-76
-92
-93
-89
-92
-107
-126
-134
-118
-73
-8
58
107
128
123
106
91
86
89
89
76
46
7
-27
-41
-31
-4
25
39
29
0
-36
-66
-80
-80
-76
-79
-92
-108
-115
-101
-63
-7
50
92
110
106
91
77
73
76
76
65
40
6
-23
-35
-27
-3
21
33
25
0
-31
-56
-68
-68
-65
-67
-78
-92
-98
-86
-53
-6
42
78
93
89
77
65
62
64
64
55
33
5
-19
-29
-22
-3
18
28
21
0
-26
-47
-57
-57
-54
-56
-65
-76
-81
-72
-44
-5
35
65
77
74
63
54
51
53
53
45
28
4
-16
-24
-18
-2
15
23
17
0
-21
-38
-46
-47
-44
-46
-53
-63
-67
-58
-36
-4
29
53
63
60
52
44
42
43
43
37
22
3
-13
-20
-15
-2
12
18
14
0
-17
-31
-37
-37
-36
-37
-42
-50
-53
-47
-29
-3
23
42
50
48
41
35
33
34
34
29
18
3
-10
-15
-12
-1
9
14
11
0
-13
-24
-29
-29
-28
-29
-33
-39
-41
-36
-22
-2
18
32
38
37
31
27
25
26
26
22
13
2
-8
-12
-9
-1
7
11
8
0
-10
-18
-22
-22
-21
-21
-25
-29
-31
-27
-17
-2
13
24
28
27
23
20
19
19
19
16
10
2
-6
-9
-6
-1
5
8
6
0
-7
-13
-16
-16
-15
-15
-17
-20
-22
-19
-12
-1
9
17
20
19
16
14
13
13
13
11
7
1
-4
-6
-4
-1
3
5
4
0
-5
-9
-10
-10
-10
-10
-12
-13
-14
-12
-8
-1
6
11
13
12
10
9
8
8
8
7
4
1
-2
-4
-3
0
2
3
2
0
-3
-5
-6
-6
-6
-6
-7
-8
-8
-7
-4
0
3
6
7
7
6
5
5
5
5
4
2
0
-1
-2
-1
0
1
2
1
0
-2
-3
-3
-3
-3
-3
-3
-4
-4
-3
-2
0
2
3
3
3
3
2
2
2
2
2
1
0
-1
-1
-1
0
0
1
0
0
-1
-1
-1
-1
-1
-1
-1
-1
-1
-1
-1
0
0
1
1
1
1
1
0
0
0
0
0
0
0
0
0
0
0
0
0
0
0
0
0
0
0
0
0
0
0
0
0
0
0
0
0
0
0
0
0
0
0
0
0
0
0
0
0
0
0
0
0
0
0
0
0
0
0
0
0
0
0
0
0
0
0
0
1
1
0
0
0
0
0
0
0
0
0
-1
-1
-1
-1
-1
0
0
0
0
0
0
1
1
2
2
2
1
1
0
0
0
0
0
0
-1
-2
-3
-3
-2
-2
-1
0
0
-1
0
0
1
3
4
4
4
3
2
1
1
1
1
0
-1
-3
-4
-5
-5
-4
-3
-1
-1
-1
-1
-1
0
2
4
6
7
6
5
3
1
1
1
1
1
-1
-4
-7
-9
-9
-7
-4
-2
-1
-1
-2
-1
0
3
7
10
11
10
7
4
2
1
2
2
1
-2
-6
-10
-13
-13
-10
-7
-3
-2
-2
-2
-2
0
5
10
14
15
14
10
6
3
2
2
3
1
-3
-9
-14
-18
-17
-14
-9
-5
-2
-2
-3
-3
1
7
13
19
21
18
13
8
4
3
3
4
2
-4
-12
-19
-23
-23
-18
-12
-6
-3
-3
-4
-3
1
9
18
25
27
24
17
10
5
3
4
5
2
-5
-15
-24
-30
-29
-23
-15
-8
-4
-4
-5
-4
1
11
22
31
34
30
22
12
6
4
5
6
2
-6
-18
-30
-37
-36
-29
-19
-10
-5
-5
-6
-5
1
13
27
38
41
37
26
15
8
5
6
7
3
-8
-22
-37
-45
-44
-35
-23
-12
-6
-6
-8
-6
2
16
33
46
50
44
32
18
9
6
8
9
4
-9
-27
-44
-53
-53
-42
-27
-14
-7
-7
-9
-8
2
19
39
54
59
52
38
22
11
7
9
10
4
-11
-31
-51
-63
-62
-49
-32
-16
-9
-9
-11
-9
2
22
45
63
69
61
44
25
12
8
11
12
5
-12
-37
-60
-73
-72
-57
-37
-19
-10
-10
-13
-10
3
26
52
73
80
70
50
29
14
10
12
13
6
-14
-42
-69
-84
-82
-65
-42
-22
-12
-11
-14
-12
3
29
60
83
91
80
58
33
16
11
14
15
6
-16
-48
-78
-95
-93
-74
-48
-25
-13
-13
-16
-13
3
33
68
94
103
91
65
37
18
13
16
17
7
-18
-54
-88
-107
-105
-84
-54
-28
-15
-14
-18
-15
4
38
76
106
115
102
73
42
21
14
18
19
8
-20
-60
-98
-120
-118
-94
-60
-31
-16
-16
-21
-17
4
42
85
118
129
114
82
47
23
16
20
22
9
-23
-67
-109
-133
-131
-104
-67
-34
-18
-18
-23
-19
5
46
94
131
143
126
90
52
25
17
22
24
10
-25
-74
-121
-147
-145
-115
-74
-38
-20
-20
-25
-21
5
51
104
144
157
139
99
57
28
19
24
26
11
-28
-81
-133
-162
-159
-126
-81
-42
-22
-22
-28
-23
6
56
114
158
172
152
109
62
31
21
26
29
12
-30
-89
-145
-177
-174
-138
-89
-46
-24
-24
-30
-25
6
61
124
173
188
166
119
68
33
23
28
31
13
-33
-97
-158
-193
-189
-150
-96
-50
-26
-26
-33
-27
7
67
135
188
204
180
129
74
36
25
31
34
14
-36
-105
-172
-209
-205
-163
-104
-54
-28
-28
-35
-29
7
72
146
203
221
195
140
80
39
27
33
37
15
-38
-114
-185
-226
-221
-176
-113
-58
-31
-30
-38
-31
8
78
158
219
238
210
150
86
42
29
36
40
17
-41
-122
-199
-243
-238
-189
-121
-62
-33
-32
-41
-34
8
83
169
235
256
226
161
92
45
31
39
42
18
-44
-131
-214
-261
-255
-203
-130
-67
-35
-35
-44
-36
9
89
181
252
274
242
173
99
49
33
41
45
19
-47
-140
-229
-279
-273
-217
-139
-72
-38
-37
-47
-38
10
96
194
269
292
258
184
105
52
35
44
48
20
-51
-150
-244
-297
-291
-231
-148
-76
-40
-40
-50
-41
10
102
206
286
311
275
196
112
55
38
47
52
22
-54
-159
-259
-316
-309
-246
-157
-81
-43
-42
-53
-43
11
108
219
304
330
292
208
119
59
40
50
55
23
-57
-169
-275
-335
-328
-261
-167
-86
-45
-45
-57
-46
12
114
232
322
350
309
221
126
62
42
53
58
24
-60
-179
-291
-354
-347
-276
-176
-91
-48
-47
-60
-49
12
121
245
340
370
326
233
133
65
45
56
61
26
-64
-189
-307
-374
-366
-291
-186
-96
-51
-50
-63
-51
13
128
259
359
390
344
246
140
69
47
59
64
27
-67
-199
-324
-394
-386
-306
-196
-101
-53
-52
-66
-54
14
134
272
378
410
362
259
148
73
49
62
68
28
-71
-209
-340
-414
-405
-322
-206
-106
-56
-55
-70
-57
14
141
286
396
431
380
272
155
76
52
65
71
30
-74
-219
-357
-435
-425
-338
-216
-111
-59
-58
-73
-60
15
148
300
416
452
398
285
162
80
54
68
75
31
-78
-230
-374
-455
-445
-354
-226
-117
-62
-60
-77
-62
16
155
314
435
472
417
298
170
84
57
71
78
33
-81
-240
-391
-476
-465
-370
-237
-122
-64
-63
-80
-65
16
162
328
454
493
435
311
177
87
59
74
81
34
-85
-251
-408
-497
-486
-386
-247
-127
-67
-66
-83
-68
17
169
342
474
515
454
324
185
91
62
77
85
35
-88
-261
-425
-518
-506
-402
-257
-132
-70
-69
-87
-71
18
176
356
493
536
472
338
192
95
65
80
88
37
-92
-272
-442
-539
-526
-418
-268
-138
-73
-71
-90
-74
19
183
370
513
557
491
351
200
98
67
83
92
38
-96
-282
-460
-559
-547
-434
-278
-143
-75
-74
-94
-76
19
190
384
532
578
510
364
208
102
70
87
95
40
-99
-293
-477
-580
-567
-451
-288
-148
-78
-77
-97
-79
20
197
398
552
599
528
377
215
106
72
90
99
41
-103
-304
-494
-601
-588
-467
-298
-154
-81
-80
-101
-82
21
204
412
571
620
547
391
223
109
75
93
102
43
-106
-314
-511
-622
-608
-483
-309
-159
-84
-82
-104
-85
21
210
426
591
641
565
404
230
113
77
96
105
44
-110
-325
-528
-642
-628
-499
-319
-164
-87
-85
-108
-88
22
217
440
610
662
584
417
238
117
80
99
109
45
-113
-335
-545
-663
-648
-515
-329
-169
-89
-88
-111
-90
23
224
454
629
683
602
430
245
120
82
102
112
47
-117
-345
-562
-683
-668
-530
-339
-174
-92
-90
-114
-93
23
231
467
648
703
620
443
252
124
85
105
115
48
-120
-355
-578
-703
-687
-546
-349
-180
-95
-93
-118
-96
24
238
481
667
724
638
455
260
128
87
108
119
50
-124
-366
-595
-723
-707
-561
-359
-185
-97
-96
-121
-98
25
244
494
685
744
655
468
267
131
89
111
122
51
-127
-375
-611
-743
-726
-576
-369
-190
-100
-98
-124
-101
25
251
507
703
763
673
480
274
135
92
114
125
52
-130
-385
-627
-762
-745
-591
-378
-194
-103
-101
-127
-104
26
257
520
721
783
690
493
281
138
94
117
128
54
-134
-395
-642
-781
-763
-606
-387
-199
-105
-103
-131
-106
27
263
533
739
802
707
505
287
141
96
120
131
55
-137
-404
-658
-800
-782
-621
-397
-204
-108
-106
-134
-109
27
270
546
756
821
723
516
294
145
98
122
135
56
-140
-414
-673
-818
-799
-635
-406
-209
-110
-108
-137
-111
28
276
558
773
839
739
528
301
148
101
125
137
57
-143
-423
-687
-836
-817
-648
-414
-213
-112
-110
-140
-114
29
282
570
790
857
755
539
307
151
103
128
140
59
-146
-432
-702
-854
-834
-662
-423
-218
-115
-113
-143
-116
29
287
581
806
874
770
550
313
154
105
130
143
60
-149
-440
-716
-871
-850
-675
-431
-222
-117
-115
-145
-118
30
293
593
821
891
785
561
319
157
107
133
146
61
-152
-449
-729
-887
-867
-688
-440
-226
-119
-117
-148
-120
30
298
604
837
908
800
571
325
160
109
135
149
62
-155
-457
-743
-903
-882
-700
-447
-230
-121
-119
-151
-122
31
304
614
851
924
814
581
331
163
111
138
151
63
-157
-465
-755
-919
-897
-712
-455
-234
-123
-121
-153
-125
31
309
625
866
939
828
591
336
165
113
140
154
64
-160
-472
-768
-934
-912
-724
-462
-238
-125
-123
-156
-127
32
314
635
879
954
841
600
342
168
114
142
156
65
-162
-479
-780
-948
-926
-735
-470
-241
-127
-125
-158
-128
32
318
644
892
968
853
609
347
170
116
144
158
66
-165
-486
-791
-962
-939
-745
-476
-245
-129
-127
-160
-130
33
323
653
905
982
865
617
352
173
118
146
161
67
-167
-493
-802
-975
-952
-756
-483
-248
-131
-128
-162
-132
33
327
662
917
995
877
626
356
175
119
148
163
68
-169
-500
-812
-987
-964
-765
-489
-251
-133
-130
-165
-134
34
331
670
928
1007
887
633
361
177
121
150
165
69
-171
-506
-822
-999
-976
-774
-495
-254
-134
-131
-166
-135
34
335
678
939
1019
898
641
365
179
122
152
167
69
-173
-511
-831
-1010
-987
-783
-500
-257
-136
-133
-168
-137
34
339
685
949
1030
907
647
369
181
123
153
168
70
-175
-517
-840
-1021
-997
-791
-505
-260
-137
-134
-170
-138
35
342
692
959
1040
916
654
372
183
125
155
170
71
-177
-522
-848
-1031
-1007
-799
-510
-262
-138
-136
-172
-139
35
345
699
968
1050
925
660
376
185
126
156
171
71
-178
-526
-856
-1040
-1015
-806
-515
-265
-140
-137
-173
-141
35
348
705
976
1059
933
665
379
186
127
157
173
72
-180
-531
-862
-1048
-1024
-812
-519
-267
-141
-138
-174
-142
36
351
710
984
1067
940
670
382
188
128
159
174
73
-181
-534
-869
-1056
-1031
-818
-523
-269
-142
-139
-176
-143
36
354
715
990
1074
946
675
384
189
128
160
175
73
-182
-538
-874
-1063
-1038
-823
-526
-270
-143
-140
-177
-144
36
356
720
996
1081
952
679
387
190
129
161
176
73
-183
-541
-880
-1069
-1044
-828
-529
-272
-143
-140
-178
-144
36
358
723
1002
1087
957
683
389
191
130
161
177
74
-184
-544
-884
-1074
-1049
-832
-532
-273
-144
-141
-179
-145
37
359
727
1006
1092
961
686
390
192
131
162
178
74
-185
-546
-888
-1079
-1053
-836
-534
-274
-145
-142
-179
-146
37
361
730
1010
1096
965
688
392
193
131
163
179
74
-186
-548
-891
-1083
-1057
-839
-536
-275
-145
-142
-180
-146
37
362
732
1014
1099
968
691
393
193
131
163
179
75
-186
-550
-893
-1086
-1060
-841
-537
-276
-145
-143
-180
-147
37
363
734
1016
1102
970
692
394
194
132
164
180
75
-187
-551
-895
-1088
-1062
-843
-538
-277
-146
-143
-181
-147
37
364
735
1018
1104
972
693
395
194
132
164
180
75
-187
-552
-896
-1089
-1063
-844
-539
-277
-146
-143
-181
-147
37
364
736
1019
1105
973
694
395
194
132
164
180
75
-187
-552
-897
-1090
-1064
-844
-539
-277
-146
-143
-181
-147
37
364
736
1019
1105
973
694
395
194
132
164
180
75
-187
-552
-897
-1090
-1064
-844
-539
-277
-146
-143
-181
-147
37
364
736
1018
1104
972
694
395
194
132
164
180
75
-187
-551
-896
-1089
-1063
-843
-538
-277
-146
-143
-181
-147
37
363
735
1017
1103
971
693
394
194
132
164
180
75
-187
-551
-895
-1087
-1061
-842
-537
-276
-146
-143
-180
-146
37
363
733
1015
1101
969
691
393
193
131
163
179
75
-186
-549
-892
-1084
-1058
-839
-536
-275
-145
-142
-180
-146
37
362
731
1012
1098
966
689
392
193
131
163
179
74
-186
-548
-890
-1081
-1055
-837
-534
-275
-145
-142
-179
-146
37
360
729
1009
1094
963
687
391
192
131
162
178
74
-185
-545
-886
-1077
-1051
-833
-532
-273
-144
-141
-179
-145
36
359
726
1005
1089
959
684
389
191
130
161
177
74
-184
-543
-882
-1072
-1046
-830
-530
-272
-143
-140
-178
-144
36
357
722
1000
1084
954
680
387
190
129
161
176
73
-183
-540
-878
-1066
-1040
-825
-527
-271
-143
-140
-177
-144
36
355
718
994
1077
949
676
385
189
129
160
175
73
-182
-537
-872
-1060
-1034
-820
-524
-269
-142
-139
-176
-143
36
353
713
987
1070
942
672
382
188
128
159
174
72
-181
-533
-866
-1052
-1027
-814
-520
-267
-141
-138
-174
-142
36
350
708
980
1063
935
667
380
186
127
157
173
72
-179
-529
-860
-1044
-1019
-808
-516
-265
-140
-137
-173
-140
35
348
703
973
1054
928
662
376
185
126
156
171
71
-178
-525
-853
-1036
-1011
-801
-512
-263
-138
-136
-172
-139
35
345
697
964
1045
920
656
373
183
125
155
170
71
-176
-520
-845
-1026
-1001
-794
-507
-260
-137
-134
-170
-138
35
341
690
955
1035
911
650
370
181
123
153
168
70
-175
-515
-836
-1016
-991
-786
-502
-258
-136
-133
-168
-137
34
338
683
945
1024
902
643
366
180
122
152
166
69
-173
-509
-828
-1005
-981
-778
-496
-255
-134
-132
-166
-135
34
334
675
935
1013
892
636
362
178
121
150
164
68
-171
-504
-818
-994
-969
-769
-491
-252
-133
-130
-164
-133
34
330
667
923
1001
881
628
357
175
119
148
162
68
-169
-498
-808
-981
-958
-759
-485
-249
-131
-128
-162
-132
33
326
659
912
988
870
620
353
173
118
146
160
67
-166
-491
-798
-969
-945
-749
-478
-246
-129
-127
-160
-130
33
322
650
900
975
858
612
348
171
116
144
158
66
-164
-484
-786
-955
-932
-739
-471
-242
-128
-125
-158
-128
32
317
641
887
961
846
603
343
168
114
142
156
65
-162
-477
-775
-941
-918
-728
-464
-239
-126
-123
-156
-126
32
312
631
873
946
833
594
338
166
113
140
153
64
-159
-470
-763
-926
-904
-716
-457
-235
-124
-121
-153
-124
31
307
621
859
931
819
584
332
163
111
138
151
63
-157
-462
-750
-911
-889
-705
-450
-231
-122
-119
-151
-122
31
302
611
845
916
806
574
327
160
109
135
148
62
-154
-454
-737
-895
-873
-692
-442
-227
-120
-117
-148
-120
30
297
600
830
899
791
564
321
157
107
133
146
61
-151
-446
-724
-879
-858
-680
-434
-223
-117
-115
-145
-118
30
291
589
814
883
776
553
315
154
105
130
143
60
-148
-437
-710
-862
-841
-667
-425
-218
-115
-113
-142
-116
29
286
577
799
865
761
543
309
151
103
128
140
58
-145
-429
-696
-845
-824
-653
-417
-214
-113
-110
-140
-113
28
280
565
782
848
746
531
302
148
101
125
137
57
-142
-420
-682
-828
-807
-640
-408
-210
-110
-108
-137
-111
28
274
553
766
829
730
520
296
145
99
122
134
56
-139
-411
-667
-809
-789
-626
-399
-205
-108
-106
-134
-108
27
268
541
749
811
713
508
289
142
96
120
131
55
-136
-401
-652
-791
-771
-611
-390
-200
-105
-103
-130
-106
27
262
529
731
792
697
496
282
139
94
117
128
53
-133
-392
-636
-772
-753
-597
-381
-195
-103
-101
-127
-103
26
255
516
713
773
680
484
275
135
92
114
125
52
-130
-382
-620
-753
-734
-582
-371
-191
-100
-98
-124
-101
25
249
503
695
753
662
472
268
132
89
111
122
51
-126
-372
-604
-734
-715
-567
-362
-186
-98
-96
-121
-98
25
242
489
677
733
645
460
261
128
87
108
119
49
-123
-362
-588
-714
-696
-551
-352
-181
-95
-93
-118
-95
24
236
476
658
713
627
447
254
125
85
105
115
48
-119
-352
-572
-694
-676
-536
-342
-175
-92
-90
-114
-93
23
229
462
640
693
609
434
247
121
82
102
112
47
-116
-342
-555
-674
-657
-520
-332
-170
-90
-88
-111
-90
23
222
449
621
672
591
421
239
117
80
99
109
45
-112
-332
-538
-653
-637
-504
-322
-165
-87
-85
-108
-87
22
215
435
601
651
573
408
232
114
77
96
105
44
-109
-321
-521
-633
-617
-489
-312
-160
-84
-82
-104
-84
21
208
421
582
630
554
395
224
110
75
93
102
42
-105
-311
-504
-612
-597
-473
-301
-155
-81
-80
-101
-82
21
202
407
563
609
536
382
217
106
72
90
98
41
-102
-300
-487
-591
-576
-456
-291
-149
-79
-77
-97
-79
20
195
393
543
588
517
368
209
103
70
87
95
39
-98
-290
-470
-570
-556
-440
-281
-144
-76
-74
-94
-76
19
188
379
524
567
499
355
202
99
67
83
91
38
-95
-279
-453
-549
-535
-424
-270
-139
-73
-71
-90
-73
18
181
365
504
546
480
342
194
95
65
80
88
37
-91
-268
-436
-528
-515
-408
-260
-133
-70
-69
-87
-70
18
174
351
485
525
461
328
187
92
62
77
85
35
-88
-258
-418
-508
-495
-392
-250
-128
-67
-66
-83
-68
17
167
337
465
504
443
315
179
88
60
74
81
34
-84
-247
-401
-487
-474
-376
-239
-123
-65
-63
-80
-65
16
160
323
446
483
424
302
172
84
57
71
78
32
-80
-237
-384
-466
-454
-360
-229
-118
-62
-60
-76
-62
16
153
309
426
462
406
289
164
80
55
68
74
31
-77
-226
-367
-445
-434
-344
-219
-112
-59
-58
-73
-59
15
146
295
407
441
387
276
157
77
52
65
71
29
-73
-216
-350
-425
-414
-328
-209
-107
-56
-55
-70
-56
14
139
281
388
420
369
263
149
73
50
62
67
28
-70
-206
-334
-405
-394
-312
-199
-102
-54
-52
-66
-54
13
132
267
369
400
351
250
142
70
47
59
64
27
-66
-196
-317
-385
-375
-297
-189
-97
-51
-50
-63
-51
13
126
254
351
379
333
237
135
66
45
56
61
25
-63
-185
-301
-365
-355
-281
-179
-92
-48
-47
-60
-48
12
119
240
332
359
316
225
128
63
42
53
58
24
-60
-176
-285
-345
-336
-266
-169
-87
-46
-45
-56
-46
11
113
227
314
340
298
212
121
59
40
50
54
23
-56
-166
-269
-326
-317
-251
-160
-82
-43
-42
-53
-43
11
106
214
296
320
281
200
114
56
38
47
51
21
-53
-156
-253
-307
-299
-236
-151
-77
-41
-40
-50
-41
10
100
202
278
301
265
188
107
52
36
44
48
20
-50
-147
-238
-288
-281
-222
-141
-72
-38
-37
-47
-38
10
94
189
261
282
248
177
100
49
33
41
45
19
-47
-137
-223
-270
-263
-208
-132
-68
-36
-35
-44
-36
9
88
177
244
264
232
165
94
46
31
39
42
18
-44
-128
-208
-252
-245
-194
-124
-63
-33
-33
-41
-33
8
82
165
228
246
216
154
87
43
29
36
39
16
-41
-120
-194
-235
-228
-181
-115
-59
-31
-30
-38
-31
8
76
153
212
229
201
143
81
40
27
33
37
15
-38
-111
-180
-218
-212
-168
-107
-55
-29
-28
-35
-29
7
70
142
196
212
186
132
75
37
25
31
34
14
-35
-103
-166
-201
-196
-155
-99
-50
-27
-26
-33
-26
7
65
131
181
196
172
122
69
34
23
28
31
13
-32
-94
-153
-185
-180
-143
-91
-46
-24
-24
-30
-24
6
60
121
166
180
158
112
64
31
21
26
29
12
-29
-87
-140
-170
-165
-131
-83
-43
-22
-22
-28
-22
6
55
110
152
164
144
102
58
28
19
24
26
11
-27
-79
-128
-155
-151
-119
-76
-39
-20
-20
-25
-20
5
50
100
138
150
131
93
53
26
18
22
24
10
-24
-72
-116
-141
-137
-108
-69
-35
-18
-18
-23
-18
5
45
91
125
135
119
84
48
23
16
20
21
9
-22
-65
-105
-127
-123
-97
-62
-32
-17
-16
-20
-17
4
41
82
113
122
107
76
43
21
14
18
19
8
-20
-58
-94
-114
-111
-87
-56
-28
-15
-15
-18
-15
4
36
73
101
109
95
68
38
19
13
16
17
7
-18
-52
-84
-101
-99
-78
-49
-25
-13
-13
-16
-13
3
32
65
89
96
85
60
34
17
11
14
15
6
-16
-46
-74
-90
-87
-69
-44
-22
-12
-11
-14
-12
3
28
57
79
85
74
53
30
15
10
12
13
6
-14
-40
-65
-78
-76
-60
-38
-19
-10
-10
-13
-10
3
25
50
69
74
65
46
26
13
9
11
12
5
-12
-35
-56
-68
-66
-52
-33
-17
-9
-9
-11
-9
2
21
43
59
64
56
39
22
11
7
9
10
4
-10
-30
-48
-58
-56
-45
-28
-14
-8
-7
-9
-7
2
18
37
50
54
47
34
19
9
6
8
8
3
-9
-25
-41
-49
-48
-38
-24
-12
-6
-6
-8
-6
2
15
31
42
45
40
28
16
8
5
6
7
3
-7
-21
-34
-41
-40
-31
-20
-10
-5
-5
-6
-5
1
13
25
35
37
33
23
13
6
4
5
6
2
-6
-17
-28
-33
-32
-25
-16
-8
-4
-4
-5
-4
1
10
20
28
30
26
19
10
5
3
4
5
2
-5
-14
-22
-26
-26
-20
-13
-6
-3
-3
-4
-3
1
8
16
22
24
21
14
8
4
3
3
4
1
-4
-11
-17
-20
-20
-15
-10
-5
-3
-3
-3
-3
1
6
12
17
18
16
11
6
3
2
2
3
1
-3
-8
-13
-15
-15
-11
-7
-4
-2
-2
-2
-2
0
4
9
12
13
11
8
4
2
1
2
2
1
-2
-6
-9
-11
-10
-8
-5
-3
-1
-1
-2
-1
0
3
6
8
9
8
5
3
1
1
1
1
1
-1
-4
-6
-7
-7
-5
-3
-2
-1
-1
-1
-1
0
2
4
5
5
5
3
2
1
1
1
1
0
-1
-2
-3
-4
-4
-3
-2
-1
0
0
-1
0
0
1
2
3
3
2
2
1
0
0
0
0
0
0
-1
-2
-2
-2
-1
-1
0
0
0
0
0
0
0
1
1
1
1
1
0
0
0
0
0
0
0
0
0
-1
0
0
0
0
0
0
0
0
0
0
0
0
0
0
0
0
0
0
0
0
0
0
0
0
0
0
0
0
0
0
0
0
0
0
0
0
0
0
0
0
0
0
0
0
0
0
0
0
0
0
0
0
0
0
0
0
0
0
1
1
0
0
0
0
0
0
0
0
0
-1
-1
-1
-1
-1
0
0
0
0
0
0
1
1
2
2
2
1
1
0
0
0
0
0
0
-1
-2
-3
-3
-2
-2
-1
0
0
-1
0
0
1
3
4
4
4
3
2
1
1
1
1
0
-1
-3
-4
-5
-5
-4
-3
-1
-1
-1
-1
-1
0
2
4
6
7
6
5
3
1
1
1
1
1
-1
-4
-7
-9
-9
-7
-4
-2
-1
-1
-2
-1
0
3
7
10
11
10
7
4
2
1
2
2
1
-2
-6
-10
-13
-13
-10
-7
-3
-2
-2
-2
-2
0
5
10
14
15
14
10
6
3
2
2
3
1
-3
-9
-14
-18
-17
-14
-9
-5
-2
-2
-3
-3
1
7
13
19
21
18
13
8
4
3
3
4
2
-4
-12
-19
-23
-23
-18
-12
-6
-3
-3
-4
-3
1
9
18
25
27
24
17
10
5
3
4
5
2
-5
-15
-24
-30
-29
-23
-15
-8
-4
-4
-5
-4
1
11
22
31
34
30
22
12
6
4
5
6
2
-6
-18
-30
-37
-36
-29
-19
-10
-5
-5
-6
-5
1
13
27
38
41
37
26
15
8
5
6
7
3
-8
-22
-37
-45
-44
-35
-23
-12
-6
-6
-8
-6
2
16
33
46
50
44
32
18
9
6
8
9
4
-9
-27
-44
-53
-53
-42
-27
-14
-7
-7
-9
-8
2
19
39
54
59
52
38
22
11
7
9
10
4
-11
-31
-51
-63
-62
-49
-32
-16
-9
-9
-11
-9
2
22
45
63
69
61
44
25
12
8
11
12
5
-12
-37
-60
-73
-72
-57
-37
-19
-10
-10
-13
-10
3
26
52
73
80
70
50
29
14
10
12
13
6
-14
-42
-69
-84
-82
-65
-42
-22
-12
-11
-14
-12
3
29
60
83
91
80
58
33
16
11
14
15
6
-16
-48
-78
-95
-93
-74
-48
-25
-13
-13
-16
-13
3
33
68
94
103
91
65
37
18
13
16
17
7
-18
-54
-88
-107
-105
-84
-54
-28
-15
-14
-18
-15
4
38
76
106
115
102
73
42
21
14
18
19
8
-20
-60
-98
-120
-118
-94
-60
-31
-16
-16
-21
-17
4
42
85
118
129
114
82
47
23
16
20
22
9
-23
-67
-109
-133
-131
-104
-67
-34
-18
-18
-23
-19
5
46
94
131
143
126
90
52
25
17
22
24
10
-25
-74
-121
-147
-145
-115
-74
-38
-20
-20
-25
-21
5
51
104
144
157
139
99
57
28
19
24
26
11
-28
-81
-133
-162
-159
-126
-81
-42
-22
-22
-28
-23
6
56
114
158
172
152
109
62
31
21
26
29
12
-30
-89
-145
-177
-174
-138
-89
-46
-24
-24
-30
-25
6
61
124
173
188
166
119
68
33
23
28
31
13
-33
-97
-158
-193
-189
-150
-96
-50
-26
-26
-33
-27
7
67
135
188
204
180
129
74
36
25
31
34
14
-36
-105
-172
-209
-205
-163
-104
-54
-28
-28
-35
-29
7
72
146
203
221
195
140
80
39
27
33
37
15
-38
-114
-185
-226
-221
-176
-113
-58
-31
-30
-38
-31
8
78
158
219
238
210
150
86
42
29
36
40
17
-41
-122
-199
-243
-238
-189
-121
-62
-33
-32
-41
-34
8
83
169
235
256
226
161
92
45
31
39
42
18
-44
-131
-214
-261
-255
-203
-130
-67
-35
-35
-44
-36
9
89
181
252
274
242
173
99
49
33
41
45
19
-47
-140
-229
-279
-273
-217
-139
-72
-38
-37
-47
-38
10
96
194
269
292
258
184
105
52
35
44
48
20
-51
-150
-244
-297
-291
-231
-148
-76
-40
-40
-50
-41
10
102
206
286
311
275
196
112
55
38
47
52
22
-54
-159
-259
-316
-309
-246
-157
-81
-43
-42
-53
-43
11
108
219
304
330
292
208
119
59
40
50
55
23
-57
-169
-275
-335
-328
-261
-167
-86
-45
-45
-57
-46
12
114
232
322
350
309
221
126
62
42
53
58
24
-60
-179
-291
-354
-347
-276
-176
-91
-48
-47
-60
-49
12
121
245
340
370
326
233
133
65
45
56
61
26
-64
-189
-307
-374
-366
-291
-186
-96
-51
-50
-63
-51
13
128
259
359
390
344
246
140
69
47
59
64
27
-67
-199
-324
-394
-386
-306
-196
-101
-53
-52
-66
-54
14
134
272
378
410
362
259
148
73
49
62
68
28
-71
-209
-340
-414
-405
-322
-206
-106
-56
-55
-70
-57
14
141
286
396
431
380
272
155
76
52
65
71
30
-74
-219
-357
-435
-425
-338
-216
-111
-59
-58
-73
-60
15
148
300
416
452
398
285
162
80
54
68
75
31
-78
-230
-374
-455
-445
-354
-226
-117
-62
-60
-77
-62
16
155
314
435
472
417
298
170
84
57
71
78
33
-81
-240
-391
-476
-465
-370
-237
-122
-64
-63
-80
-65
16
162
328
454
493
435
311
177
87
59
74
81
34
-85
-251
-408
-497
-486
-386
-247
-127
-67
-66
-83
-68
17
169
342
474
515
454
324
185
91
62
77
85
35
-88
-261
-425
-518
-506
-402
-257
-132
-70
-69
-87
-71
18
176
356
493
536
472
338
192
95
65
80
88
37
-92
-272
-442
-539
-526
-418
-268
-138
-73
-71
-90
-74
19
183
370
513
557
491
351
200
98
67
83
92
38
-96
-282
-460
-559
-547
-434
-278
-143
-75
-74
-94
-76
19
190
384
532
578
510
364
208
102
70
87
95
40
-99
-293
-477
-580
-567
-451
-288
-148
-78
-77
-97
-79
20
197
398
552
599
528
377
215
106
72
90
99
41
-103
-304
-494
-601
-588
-467
-298
-154
-81
-80
-101
-82
21
204
412
571
620
547
391
223
109
75
93
102
43
-106
-314
-511
-622
-608
-483
-309
-159
-84
-82
-104
-85
21
210
426
591
641
565
404
230
113
77
96
105
44
-110
-325
-528
-642
-628
-499
-319
-164
-87
-85
-108
-88
22
217
440
610
662
584
417
238
117
80
99
109
45
-113
-335
-545
-663
-648
-515
-329
-169
-89
-88
-111
-90
23
224
454
629
683
602
430
245
120
82
102
112
47
-117
-345
-562
-683
-668
-530
-339
-174
-92
-90
-114
-93
23
231
467
648
703
620
443
252
124
85
105
115
48
-120
-355
-578
-703
-687
-546
-349
-180
-95
-93
-118
-96
24
238
481
667
724
638
455
260
128
87
108
119
50
-124
-366
-595
-723
-707
-561
-359
-185
-97
-96
-121
-98
25
244
494
685
744
655
468
267
131
89
111
122
51
-127
-375
-611
-743
-726
-576
-369
-190
-100
-98
-124
-101
25
251
507
703
763
673
480
274
135
92
114
125
52
-130
-385
-627
-762
-745
-591
-378
-194
-103
-101
-127
-104
26
257
520
721
783
690
493
281
138
94
117
128
54
-134
-395
-642
-781
-763
-606
-387
-199
-105
-103
-131
-106
27
263
533
739
802
707
505
287
141
96
120
131
55
-137
-404
-658
-800
-782
-621
-397
-204
-108
-106
-134
-109
27
270
546
756
821
723
516
294
145
98
122
135
56
-140
-414
-673
-818
-799
-635
-406
-209
-110
-108
-137
-111
28
276
558
773
839
739
528
301
148
101
125
137
57
-143
-423
-687
-836
-817
-648
-414
-213
-112
-110
-140
-114
29
282
570
790
857
755
539
307
151
103
128
140
59
-146
-432
-702
-854
-834
-662
-423
-218
-115
-113
-143
-116
29
287
581
806
874
770
550
313
154
105
130
143
60
-149
-440
-716
-871
-850
-675
-431
-222
-117
-115
-145
-118
30
293
593
821
891
785
561
319
157
107
133
146
61
-152
-449
-729
-887
-867
-688
-440
-226
-119
-117
-148
-120
30
298
604
837
908
800
571
325
160
109
135
149
62
-155
-457
-743
-903
-882
-700
-447
-230
-121
-119
-151
-122
31
304
614
851
924
814
581
331
163
111
138
151
63
-157
-465
-755
-919
-897
-712
-455
-234
-123
-121
-153
-125
31
309
625
866
939
828
591
336
165
113
140
154
64
-160
-472
-768
-934
-912
-724
-462
-238
-125
-123
-156
-127
32
314
635
879
954
841
600
342
168
114
142
156
65
-162
-479
-780
-948
-926
-735
-470
-241
-127
-125
-158
-128
32
318
644
892
968
853
609
347
170
116
144
158
66
-165
-486
-791
-962
-939
-745
-476
-245
-129
-127
-160
-130
33
323
653
905
982
865
617
352
173
118
146
161
67
-167
-493
-802
-975
-952
-756
-483
-248
-131
-128
-162
-132
33
327
662
917
995
877
626
356
175
119
148
163
68
-169
-500
-812
-987
-964
-765
-489
-251
-133
-130
-165
-134
34
331
670
928
1007
887
633
361
177
121
150
165
69
-171
-506
-822
-999
-976
-774
-495
-254
-134
-131
-166
-135
34
335
678
939
1019
898
641
365
179
122
152
167
69
-173
-511
-831
-1010
-987
-783
-500
-257
-136
-133
-168
-137
34
339
685
949
1030
907
647
369
181
123
153
168
70
-175
-517
-840
-1021
-997
-791
-505
-260
-137
-134
-170
-138
35
342
692
959
1040
916
654
372
183
125
155
170
71
-177
-522
-848
-1031
-1007
-799
-510
-262
-138
-136
-172
-139
35
345
699
968
1050
925
660
376
185
126
156
171
71
-178
-526
-856
-1040
-1015
-806
-515
-265
-140
-137
-173
-141
35
348
705
976
1059
933
665
379
186
127
157
173
72
-180
-531
-862
-1048
-1024
-812
-519
-267
-141
-138
-174
-142
36
351
710
984
1067
940
670
382
188
128
159
174
73
-181
-534
-869
-1056
-1031
-818
-523
-269
-142
-139
-176
-143
36
354
715
990
1074
946
675
384
189
128
160
175
73
-182
-538
-874
-1063
-1038
-823
-526
-270
-143
-140
-177
-144
36
356
720
996
1081
952
679
387
190
129
161
176
73
-183
-541
-880
-1069
-1044
-828
-529
-272
-143
-140
-178
-144
36
358
723
1002
1087
957
683
389
191
130
161
177
74
-184
-544
-884
-1074
-1049
-832
-532
-273
-144
-141
-179
-145
37
359
727
1006
1092
961
686
390
192
131
162
178
74
-185
-546
-888
-1079
-1053
-836
-534
-274
-145
-142
-179
-146
37
361
730
1010
1096
965
688
392
193
131
163
179
74
-186
-548
-891
-1083
-1057
-839
-536
-275
-145
-142
-180
-146
37
362
732
1014
1099
968
691
393
193
131
163
179
75
-186
-550
-893
-1086
-1060
-841
-537
-276
-145
-143
-180
-147
37
363
734
1016
1102
970
692
394
194
132
164
180
75
-187
-551
-895
-1088
-1062
-843
-538
-277
-146
-143
-181
-147
37
364
735
1018
1104
972
693
395
194
132
164
180
75
-187
-552
-896
-1089
-1063
-844
-539
-277
-146
-143
-181
-147
37
364
736
1019
1105
973
694
395
194
132
164
180
75
-187
-552
-897
-1090
-1064
-844
-539
-277
-146
-143
-181
-147
37
364
736
1019
1105
973
694
395
194
132
164
180
75
-187
-552
-897
-1090
-1064
-844
-539
-277
-146
-143
-181
-147
37
364
736
1018
1104
972
694
395
194
132
164
180
75
-187
-551
-896
-1089
-1063
-843
-538
-277
-146
-143
-181
-147
37
363
735
1017
1103
971
693
394
194
132
164
180
75
-187
-551
-895
-1087
-1061
-842
-537
-276
-146
-143
-180
-146
37
363
733
1015
1101
969
691
393
193
131
163
179
75
-186
-549
-892
-1084
-1058
-839
-536
-275
-145
-142
-180
-146
37
362
731
1012
1098
966
689
392
193
131
163
179
74
-186
-548
-890
-1081
-1055
-837
-534
-275
-145
-142
-179
-146
37
360
729
1009
1094
963
687
391
192
131
162
178
74
-185
-545
-886
-1077
-1051
-833
-532
-273
-144
-141
-179
-145
36
359
726
1005
1089
959
684
389
191
130
161
177
74
-184
-543
-882
-1072
-1046
-830
-530
-272
-143
-140
-178
-144
36
357
722
1000
1084
954
680
387
190
129
161
176
73
-183
-540
-878
-1066
-1040
-825
-527
-271
-143
-140
-177
-144
36
355
718
994
1077
949
676
385
189
129
160
175
73
-182
-537
-872
-1060
-1034
-820
-524
-269
-142
-139
-176
-143
36
353
713
987
1070
942
672
382
188
128
159
174
72
-181
-533
-866
-1052
-1027
-814
-520
-267
-141
-138
-174
-142
36
350
708
980
1063
935
667
380
186
127
157
173
72
-179
-529
-860
-1044
-1019
-808
-516
-265
-140
-137
-173
-140
35
348
703
973
1054
928
662
376
185
126
156
171
71
-178
-525
-853
-1036
-1011
-801
-512
-263
-138
-136
-172
-139
35
345
697
964
1045
920
656
373
183
125
155
170
71
-176
-520
-845
-1026
-1001
-794
-507
-260
-137
-134
-170
-138
35
341
690
955
1035
911
650
370
181
123
153
168
70
-175
-515
-836
-1016
-991
-786
-502
-258
-136
-133
-168
-137
34
338
683
945
1024
902
643
366
180
122
152
166
69
-173
-509
-828
-1005
-981
-778
-496
-255
-134
-132
-166
-135
34
334
675
935
1013
892
636
362
178
121
150
164
68
-171
-504
-818
-994
-969
-769
-491
-252
-133
-130
-164
-133
34
330
667
923
1001
881
628
357
175
119
148
162
68
-169
-498
-808
-981
-958
-759
-485
-249
-131
-128
-162
-132
33
326
659
912
988
870
620
353
173
118
146
160
67
-166
-491
-798
-969
-945
-749
-478
-246
-129
-127
-160
-130
33
322
650
900
975
858
612
348
171
116
144
158
66
-164
-484
-786
-955
-932
-739
-471
-242
-128
-125
-158
-128
32
317
641
887
961
846
603
343
168
114
142
156
65
-162
-477
-775
-941
-918
-728
-464
-239
-126
-123
-156
-126
32
312
631
873
946
833
594
338
166
113
140
153
64
-159
-470
-763
-926
-904
-716
-457
-235
-124
-121
-153
-124
31
307
621
859
931
819
584
332
163
111
138
151
63
-157
-462
-750
-911
-889
-705
-450
-231
-122
-119
-151
-122
31
302
611
845
916
806
574
327
160
109
135
148
62
-154
-454
-737
-895
-873
-692
-442
-227
-120
-117
-148
-120
30
297
600
830
899
791
564
321
157
107
133
146
61
-151
-446
-724
-879
-858
-680
-434
-223
-117
-115
-145
-118
30
291
589
814
883
776
553
315
154
105
130
143
60
-148
-437
-710
-862
-841
-667
-425
-218
-115
-113
-142
-116
29
286
577
799
865
761
543
309
151
103
128
140
58
-145
-429
-696
-845
-824
-653
-417
-214
-113
-110
-140
-113
28
280
565
782
848
746
531
302
148
101
125
137
57
-142
-420
-682
-828
-807
-640
-408
-210
-110
-108
-137
-111
28
274
553
766
829
730
520
296
145
99
122
134
56
-139
-411
-667
-809
-789
-626
-399
-205
-108
-106
-134
-108
27
268
541
749
811
713
508
289
142
96
120
131
55
-136
-401
-652
-791
-771
-611
-390
-200
-105
-103
-130
-106
27
262
529
731
792
697
496
282
139
94
117
128
53
-133
-392
-636
-772
-753
-597
-381
-195
-103
-101
-127
-103
26
255
516
713
773
680
484
275
135
92
114
125
52
-130
-382
-620
-753
-734
-582
-371
-191
-100
-98
-124
-101
25
249
503
695
753
662
472
268
132
89
111
122
51
-126
-372
-604
-734
-715
-567
-362
-186
-98
-96
-121
-98
25
242
489
677
733
645
460
261
128
87
108
119
49
-123
-362
-588
-714
-696
-551
-352
-181
-95
-93
-118
-95
24
236
476
658
713
627
447
254
125
85
105
115
48
-119
-352
-572
-694
-676
-536
-342
-175
-92
-90
-114
-93
23
229
462
640
693
609
434
247
121
82
102
112
47
-116
-342
-555
-674
-657
-520
-332
-170
-90
-88
-111
-90
23
222
449
621
672
591
421
239
117
80
99
109
45
-112
-332
-538
-653
-637
-504
-322
-165
-87
-85
-108
-87
22
215
435
601
651
573
408
232
114
77
96
105
44
-109
-321
-521
-633
-617
-489
-312
-160
-84
-82
-104
-84
21
208
421
582
630
554
395
224
110
75
93
102
42
-105
-311
-504
-612
-597
-473
-301
-155
-81
-80
-101
-82
21
202
407
563
609
536
382
217
106
72
90
98
41
-102
-300
-487
-591
-576
-456
-291
-149
-79
-77
-97
-79
20
195
393
543
588
517
368
209
103
70
87
95
39
-98
-290
-470
-570
-556
-440
-281
-144
-76
-74
-94
-76
19
188
379
524
567
499
355
202
99
67
83
91
38
-95
-279
-453
-549
-535
-424
-270
-139
-73
-71
-90
-73
18
181
365
504
546
480
342
194
95
65
80
88
37
-91
-268
-436
-528
-515
-408
-260
-133
-70
-69
-87
-70
18
174
351
485
525
461
328
187
92
62
77
85
35
-88
-258
-418
-508
-495
-392
-250
-128
-67
-66
-83
-68
17
167
337
465
504
443
315
179
88
60
74
81
34
-84
-247
-401
-487
-474
-376
-239
-123
-65
-63
-80
-65
16
160
323
446
483
424
302
172
84
57
71
78
32
-80
-237
-384
-466
-454
-360
-229
-118
-62
-60
-76
-62
16
153
309
426
462
406
289
164
80
55
68
74
31
-77
-226
-367
-445
-434
-344
-219
-112
-59
-58
-73
-59
15
146
295
407
441
387
276
157
77
52
65
71
29
-73
-216
-350
-425
-414
-328
-209
-107
-56
-55
-70
-56
14
139
281
388
420
369
263
149
73
50
62
67
28
-70
-206
-334
-405
-394
-312
-199
-102
-54
-52
-66
-54
13
132
267
369
400
351
250
142
70
47
59
64
27
-66
-196
-317
-385
-375
-297
-189
-97
-51
-50
-63
-51
13
126
254
351
379
333
237
135
66
45
56
61
25
-63
-185
-301
-365
-355
-281
-179
-92
-48
-47
-60
-48
12
119
240
332
359
316
225
128
63
42
53
58
24
-60
-176
-285
-345
-336
-266
-169
-87
-46
-45
-56
-46
11
113
227
314
340
298
212
121
59
40
50
54
23
-56
-166
-269
-326
-317
-251
-160
-82
-43
-42
-53
-43
11
106
214
296
320
281
200
114
56
38
47
51
21
-53
-156
-253
-307
-299
-236
-151
-77
-41
-40
-50
-41
10
100
202
278
301
265
188
107
52
36
44
48
20
-50
-147
-238
-288
-281
-222
-141
-72
-38
-37
-47
-38
10
94
189
261
282
248
177
100
49
33
41
45
19
-47
-137
-223
-270
-263
-208
-132
-68
-36
-35
-44
-36
9
88
177
244
264
232
165
94
46
31
39
42
18
-44
-128
-208
-252
-245
-194
-124
-63
-33
-33
-41
-33
8
82
165
228
246
216
154
87
43
29
36
39
16
-41
-120
-194
-235
-228
-181
-115
-59
-31
-30
-38
-31
8
76
153
212
229
201
143
81
40
27
33
37
15
-38
-111
-180
-218
-212
-168
-107
-55
-29
-28
-35
-29
7
70
142
196
212
186
132
75
37
25
31
34
14
-35
-103
-166
-201
-196
-155
-99
-50
-27
-26
-33
-26
7
65
131
181
196
172
122
69
34
23
28
31
13
-32
-94
-153
-185
-180
-143
-91
-46
-24
-24
-30
-24
6
60
121
166
180
158
112
64
31
21
26
29
12
-29
-87
-140
-170
-165
-131
-83
-43
-22
-22
-28
-22
6
55
110
152
164
144
102
58
28
19
24
26
11
-27
-79
-128
-155
-151
-119
-76
-39
-20
-20
-25
-20
5
50
100
138
150
131
93
53
26
18
22
24
10
-24
-72
-116
-141
-137
-108
-69
-35
-18
-18
-23
-18
5
45
91
125
135
119
84
48
23
16
20
21
9
-22
-65
-105
-127
-123
-97
-62
-32
-17
-16
-20
-17
4
41
82
113
122
107
76
43
21
14
18
19
8
-20
-58
-94
-114
-111
-87
-56
-28
-15
-15
-18
-15
4
36
73
101
109
95
68
38
19
13
16
17
7
-18
-52
-84
-101
-99
-78
-49
-25
-13
-13
-16
-13
3
32
65
89
96
85
60
34
17
11
14
15
6
-16
-46
-74
-90
-87
-69
-44
-22
-12
-11
-14
-12
3
28
57
79
85
74
53
30
15
10
12
13
6
-14
-40
-65
-78
-76
-60
-38
-19
-10
-10
-13
-10
3
25
50
69
74
65
46
26
13
9
11
12
5
-12
-35
-56
-68
-66
-52
-33
-17
-9
-9
-11
-9
2
21
43
59
64
56
39
22
11
7
9
10
4
-10
-30
-48
-58
-56
-45
-28
-14
-8
-7
-9
-7
2
18
37
50
54
47
34
19
9
6
8
8
3
-9
-25
-41
-49
-48
-38
-24
-12
-6
-6
-8
-6
2
15
31
42
45
40
28
16
8
5
6
7
3
-7
-21
-34
-41
-40
-31
-20
-10
-5
-5
-6
-5
1
13
25
35
37
33
23
13
6
4
5
6
2
-6
-17
-28
-33
-32
-25
-16
-8
-4
-4
-5
-4
1
10
20
28
30
26
19
10
5
3
4
5
2
-5
-14
-22
-26
-26
-20
-13
-6
-3
-3
-4
-3
1
8
16
22
24
21
14
8
4
3
3
4
1
-4
-11
-17
-20
-20
-15
-10
-5
-3
-3
-3
-3
1
6
12
17
18
16
11
6
3
2
2
3
1
-3
-8
-13
-15
-15
-11
-7
-4
-2
-2
-2
-2
0
4
9
12
13
11
8
4
2
1
2
2
1
-2
-6
-9
-11
-10
-8
-5
-3
-1
-1
-2
-1
0
3
6
8
9
8
5
3
1
1
1
1
1
-1
-4
-6
-7
-7
-5
-3
-2
-1
-1
-1
-1
0
2
4
5
5
5
3
2
1
1
1
1
0
-1
-2
-3
-4
-4
-3
-2
-1
0
0
-1
0
0
1
2
3
3
2
2
1
0
0
0
0
0
0
-1
-2
-2
-2
-1
-1
0
0
0
0
0
0
0
1
1
1
1
1
0
0
0
0
0
0
0
0
0
-1
0
0
0
0
0
0
0
0
0
0
0
0
0
0
0
0
0
0
0
0
0
0
0
0
0
0
0
0
0
0
0
0
0
0
0
0
0
0
0
0
0
0
0
0
0
0
0
0
0
0
0
0
0
0
0
0
0
0
0
0
0
-1
-1
0
0
0
0
-1
0
0
0
1
1
1
1
1
1
0
-1
0
0
0
-1
-1
-2
-2
-1
-1
-1
0
2
2
2
1
1
1
1
2
1
0
-1
-1
-2
-3
-4
-4
-2
0
2
1
1
1
2
3
3
3
3
3
2
0
-4
-6
-5
-3
-2
-2
-3
-3
-1
0
1
2
4
7
8
7
4
-1
-3
-2
-2
-3
-4
-5
-5
-5
-5
-6
-5
0
6
10
9
6
4
4
4
3
1
-1
-1
-2
-5
-11
-14
-13
-6
0
3
4
4
6
8
7
6
6
8
11
8
0
-9
-15
-14
-11
-9
-8
-6
-2
1
2
0
1
7
16
21
18
10
2
-3
-5
-8
-12
-13
-10
-6
-6
-11
-15
-12
-1
12
19
19
17
16
14
9
1
-5
-4
0
0
-9
-21
-27
-24
-15
-6
0
6
14
20
20
13
7
7
14
20
15
1
-13
-21
-23
-25
-26
-23
-12
2
10
7
0
1
11
26
33
29
20
12
5
-6
-21
-31
-30
-18
-8
-8
-18
-23
-17
-2
13
22
27
34
39
34
16
-4
-15
-11
-2
-3
-16
-30
-36
-33
-26
-21
-13
5
29
44
40
24
11
11
21
25
16
1
-12
-20
-30
-44
-54
-47
-22
6
19
15
7
9
22
34
37
34
33
32
22
-4
-37
-56
-52
-32
-17
-17
-24
-23
-12
1
9
16
31
55
70
61
29
-5
-21
-18
-14
-19
-31
-38
-36
-33
-39
-45
-34
1
44
68
63
43
28
26
27
18
4
-5
-5
-10
-32
-66
-87
-75
-38
0
19
21
24
34
44
42
32
31
45
57
44
1
-49
-76
-73
-56
-44
-40
-31
-11
7
10
2
4
33
75
100
87
47
9
-13
-23
-37
-55
-60
-46
-28
-28
-50
-68
-53
-4
50
80
81
72
66
59
36
2
-21
-17
0
-1
-35
-84
-110
-97
-58
-23
0
23
53
79
79
52
25
27
55
75
57
5
-49
-78
-86
-90
-93
-82
-43
7
35
25
2
2
40
90
115
101
70
42
17
-21
-70
-105
-100
-60
-25
-28
-58
-77
-56
-5
43
71
88
109
124
108
52
-14
-47
-34
-7
-9
-48
-94
-113
-101
-81
-65
-38
16
87
132
121
72
32
34
61
73
47
2
-35
-58
-87
-128
-156
-135
-63
17
54
42
19
25
62
97
105
96
92
90
62
-10
-101
-155
-142
-88
-47
-46
-64
-62
-32
4
24
42
83
146
187
162
77
-13
-55
-48
-36
-50
-81
-98
-92
-86
-101
-115
-86
3
111
172
160
108
71
66
68
46
10
-13
-13
-25
-79
-162
-213
-185
-92
1
47
52
58
83
106
100
77
75
108
137
106
3
-116
-181
-173
-132
-105
-95
-73
-26
17
24
5
10
76
175
232
202
109
20
-29
-53
-85
-124
-136
-104
-63
-64
-113
-153
-119
-9
113
179
181
160
147
131
80
5
-46
-38
-1
-2
-77
-183
-240
-210
-127
-49
1
50
115
170
169
111
53
57
117
160
122
11
-103
-166
-182
-189
-197
-172
-91
14
73
53
3
4
83
187
237
210
144
87
35
-43
-144
-216
-204
-123
-52
-56
-118
-157
-113
-10
88
143
177
219
250
217
104
-28
-94
-68
-15
-18
-96
-187
-223
-200
-160
-128
-76
32
171
259
238
141
62
66
119
142
92
4
-67
-112
-168
-248
-302
-261
-122
32
104
80
36
48
118
184
200
182
174
171
118
-20
-191
-292
-267
-165
-88
-87
-120
-117
-60
7
45
78
155
272
348
300
142
-24
-101
-89
-66
-92
-149
-181
-169
-158
-184
-211
-157
6
203
313
290
196
128
120
123
84
17
-23
-24
-44
-142
-291
-382
-331
-165
2
83
93
104
148
189
178
137
133
191
243
187
6
-204
-319
-304
-232
-184
-166
-128
-46
31
43
8
17
133
304
403
350
189
34
-50
-91
-147
-215
-234
-179
-108
-110
-195
-263
-204
-15
193
306
309
272
251
223
137
8
-78
-65
-1
-3
-130
-309
-406
-355
-214
-83
2
83
193
285
284
186
89
95
195
267
204
19
-172
-276
-302
-314
-327
-286
-150
24
120
88
6
6
136
308
390
345
237
142
57
-70
-236
-353
-333
-200
-84
-92
-193
-255
-184
-16
142
232
287
355
404
350
168
-45
-151
-109
-24
-30
-154
-300
-358
-320
-257
-205
-121
51
273
413
379
224
99
104
189
226
146
7
-106
-178
-265
-391
-476
-412
-192
51
164
127
56
75
185
289
313
285
272
268
185
-31
-298
-456
-416
-257
-136
-134
-187
-181
-92
11
69
120
240
420
537
463
219
-37
-156
-138
-101
-141
-229
-277
-259
-243
-282
-323
-240
10
310
478
443
298
195
183
187
127
26
-35
-36
-67
-216
-441
-579
-501
-249
3
126
141
156
224
284
268
206
200
287
364
280
8
-305
-477
-455
-347
-274
-248
-190
-68
45
64
12
26
198
451
598
519
281
51
-74
-135
-218
-317
-346
-264
-159
-163
-287
-386
-299
-21
284
449
453
399
368
326
200
12
-115
-95
-1
-5
-190
-451
-591
-517
-311
-121
2
121
280
414
411
269
129
138
282
386
294
27
-249
-398
-436
-453
-471
-411
-216
34
173
126
8
9
195
441
559
493
339
203
82
-99
-337
-504
-475
-285
-120
-130
-274
-362
-262
-23
202
329
407
503
572
496
238
-63
-213
-154
-33
-42
-218
-423
-505
-451
-361
-289
-170
72
383
579
531
314
139
146
265
316
205
9
-149
-248
-370
-545
-664
-574
-267
70
228
176
78
104
257
401
434
395
377
371
256
-42
-413
-630
-575
-354
-188
-185
-257
-250
-127
15
96
165
330
578
737
636
300
-51
-214
-188
-138
-193
-314
-379
-354
-331
-386
-440
-327
13
422
652
603
406
266
249
254
173
35
-47
-49
-91
-292
-598
-783
-678
-337
4
170
190
211
302
383
361
277
269
387
490
377
11
-410
-640
-611
-465
-368
-332
-255
-92
61
85
16
34
264
603
798
693
375
68
-98
-180
-290
-422
-460
-351
-212
-216
-381
-513
-397
-28
377
595
600
528
487
431
265
16
-151
-126
-2
-6
-250
-595
-779
-680
-410
-159
3
159
368
544
540
353
169
181
369
506
385
35
-325
-521
-570
-592
-615
-537
-282
45
225
165
10
12
254
574
728
642
440
264
106
-129
-438
-654
-616
-370
-156
-169
-355
-469
-339
-30
261
425
526
649
738
640
307
-82
-274
-199
-43
-54
-280
-544
-649
-579
-464
-371
-219
93
491
743
681
402
178
187
339
404
262
12
-190
-317
-472
-696
-847
-731
-341
90
290
224
99
132
327
510
551
502
479
471
325
-54
-523
-799
-729
-449
-238
-235
-326
-316
-161
19
121
209
416
729
930
802
379
-64
-270
-237
-174
-243
-394
-476
-445
-416
-484
-553
-410
17
529
817
756
508
333
311
317
216
44
-59
-62
-114
-365
-746
-977
-845
-420
5
212
237
263
375
476
449
345
335
480
609
468
14
-509
-794
-758
-576
-456
-411
-316
-113
75
105
20
43
326
744
985
855
462
83
-121
-221
-357
-520
-566
-432
-260
-266
-468
-630
-488
-35
462
731
736
648
598
529
324
20
-185
-154
-2
-8
-306
-727
-952
-831
-500
-194
4
194
449
663
659
430
206
220
449
615
469
43
-395
-633
-692
-718
-746
-651
-342
54
273
200
13
14
308
694
880
776
532
319
128
-156
-529
-789
-744
-446
-188
-204
-428
-565
-408
-36
314
512
633
780
888
769
369
-98
-329
-239
-52
-64
-336
-652
-777
-694
-555
-444
-262
111
587
888
814
480
213
223
405
482
312
14
-226
-378
-563
-829
-1008
-871
-405
107
345
266
118
157
389
605
654
595
568
558
385
-64
-620
-946
-863
-531
-282
-278
-385
-374
-190
23
143
246
491
860
1097
946
446
-75
-318
-280
-205
-286
-464
-561
-524
-490
-569
-650
-482
19
621
959
886
596
390
365
372
253
52
-69
-72
-133
-427
-872
-1142
-988
-491
6
247
276
307
438
556
523
402
390
560
709
545
16
-592
-924
-881
-670
-530
-478
-367
-132
87
122
23
49
378
863
1142
991
535
97
-140
-256
-413
-601
-655
-500
-301
-307
-541
-728
-563
-40
533
843
848
747
688
609
373
23
-213
-177
-3
-9
-352
-835
-1094
-955
-574
-223
4
223
515
760
755
493
236
252
514
704
536
49
-452
-724
-791
-821
-853
-744
-390
62
312
228
14
16
351
791
1003
884
606
363
146
-177
-601
-897
-845
-507
-213
-231
-485
-641
-463
-41
356
580
717
884
1006
871
418
-111
-373
-270
-58
-73
-380
-737
-878
-784
-627
-501
-295
125
662
1001
917
541
240
251
456
542
352
16
-255
-425
-633
-932
-1133
-978
-455
120
387
299
132
176
436
678
733
667
637
625
431
-71
-693
-1058
-965
-594
-315
-310
-430
-417
-212
25
159
275
548
959
1223
1054
497
-84
-354
-311
-228
-318
-516
-623
-582
-544
-633
-722
-535
22
690
1064
983
662
432
404
412
280
57
-76
-80
-147
-472
-965
-1263
-1092
-543
7
273
305
339
483
613
577
443
430
617
781
600
18
-652
-1017
-970
-737
-583
-526
-403
-145
96
134
26
54
416
947
1253
1087
587
106
-154
-281
-453
-659
-717
-547
-329
-336
-592
-796
-616
-44
583
921
927
816
752
665
407
25
-233
-193
-3
-10
-383
-910
-1191
-1039
-625
-243
5
242
559
826
820
536
256
273
559
765
582
53
-490
-785
-858
-890
-924
-806
-422
67
337
246
16
17
380
855
1084
955
655
392
157
-192
-649
-968
-912
-547
-230
-249
-523
-691
-499
-44
383
624
772
951
1081
936
449
-119
-401
-290
-63
-78
-408
-790
-942
-841
-672
-537
-316
134
709
1072
982
579
257
269
488
580
376
17
-272
-454
-676
-995
-1210
-1044
-486
128
413
319
141
188
465
722
781
710
678
665
458
-76
-737
-1125
-1025
-631
-334
-329
-457
-443
-225
27
169
291
581
1017
1295
1117
527
-89
-375
-329
-241
-336
-546
-659
-616
-575
-668
-762
-565
23
728
1122
1037
698
456
426
434
295
60
-80
-84
-155
-497
-1015
-1329
-1149
-571
7
287
321
356
508
644
606
465
451
647
819
629
19
-683
-1065
-1016
-772
-610
-550
-422
-151
101
140
27
57
434
989
1309
1135
613
111
-160
-293
-472
-687
-748
-570
-343
-350
-616
-829
-641
-46
606
958
964
848
781
690
423
26
-242
-201
-3
-10
-397
-943
-1235
-1077
-648
-252
5
251
579
855
849
554
265
283
577
790
601
55
-507
-810
-885
-918
-953
-831
-436
69
348
254
16
18
391
881
1116
983
674
403
162
-197
-667
-995
-937
-562
-236
-256
-537
-709
-512
-45
393
640
791
975
1108
959
460
-122
-410
-297
-64
-80
-417
-808
-963
-859
-687
-549
-323
137
724
1094
1002
591
262
274
497
591
383
17
-277
-462
-688
-1013
-1230
-1061
-494
130
420
324
143
191
472
733
792
720
687
674
465
-77
-747
-1140
-1039
-639
-339
-334
-462
-448
-228
27
171
294
587
1027
1308
1128
532
-90
-378
-332
-243
-339
-551
-664
-620
-579
-673
-768
-569
23
733
1129
1043
702
458
428
436
297
61
-81
-85
-155
-499
-1018
-1333
-1152
-572
7
288
321
356
508
644
607
465
451
647
819
629
19
-683
-1064
-1014
-771
-609
-549
-421
-151
100
140
27
57
433
985
1303
1130
610
110
-160
-291
-470
-683
-743
-567
-341
-348
-612
-823
-636
-46
602
950
956
841
774
684
419
26
-239
-199
-3
-10
-393
-933
-1221
-1065
-640
-249
5
248
572
844
838
547
261
279
569
779
593
54
-499
-798
-872
-904
-938
-818
-429
68
342
250
16
18
384
865
1095
965
661
395
159
-193
-654
-975
-918
-551
-231
-251
-526
-694
-501
-44
384
626
773
953
1083
937
449
-119
-400
-290
-62
-78
-407
-788
-939
-837
-669
-535
-315
133
705
1065
975
575
255
266
483
574
372
17
-269
-448
-668
-983
-1194
-1030
-479
126
407
314
138
185
457
710
767
697
665
652
449
-74
-722
-1101
-1004
-617
-327
-322
-446
-433
-220
26
165
284
566
990
1260
1086
512
-86
-364
-320
-234
-326
-529
-639
-596
-557
-647
-737
-547
22
703
1083
1001
673
439
411
418
284
58
-77
-81
-149
-477
-974
-1275
-1101
-547
7
275
307
340
485
615
579
444
431
617
781
600
18
-650
-1014
-966
-734
-579
-523
-401
-144
95
133
25
54
411
936
1238
1072
579
104
-151
-276
-445
-647
-704
-537
-323
-329
-579
-779
-602
-43
569
898
903
795
732
646
396
24
-226
-187
-3
-9
-371
-880
-1151
-1004
-603
-234
5
233
538
794
788
514
246
262
535
732
557
51
-469
-749
-818
-848
-880
-767
-402
64
320
234
15
17
359
809
1025
902
618
370
149
-181
-611
-911
-857
-514
-216
-234
-490
-647
-467
-41
358
583
720
887
1008
872
418
-111
-372
-270
-58
-73
-378
-732
-872
-777
-621
-496
-292
124
654
987
904
533
236
247
447
532
344
15
-249
-415
-617
-908
-1103
-951
-442
116
376
290
128
171
421
655
707
642
613
601
414
-68
-665
-1013
-923
-568
-301
-296
-410
-397
-202
24
151
261
519
908
1156
996
469
-79
-333
-293
-214
-299
-485
-584
-545
-509
-591
-674
-499
20
642
989
914
614
401
375
381
259
53
-70
-74
-135
-435
-887
-1160
-1002
-498
6
250
279
309
441
559
526
403
391
560
708
544
16
-589
-918
-875
-665
-525
-473
-362
-130
86
120
23
49
371
845
1118
968
522
94
-137
-249
-402
-583
-635
-484
-291
-296
-521
-701
-542
-39
512
807
812
714
657
580
355
22
-203
-168
-3
-8
-332
-788
-1031
-899
-540
-210
4
209
482
710
705
460
219
234
478
654
497
45
-418
-668
-729
-756
-784
-683
-358
57
285
208
13
15
320
720
911
802
549
328
132
-160
-542
-808
-760
-456
-191
-207
-434
-573
-414
-36
317
516
637
785
891
771
369
-98
-329
-238
-51
-64
-333
-645
-769
-685
-547
-437
-257
109
575
868
795
468
207
217
393
467
302
13
-218
-364
-541
-796
-967
-834
-387
102
329
254
112
149
368
572
618
561
535
525
361
-60
-580
-884
-805
-495
-262
-258
-357
-346
-176
21
131
227
451
789
1005
865
408
-69
-289
-254
-186
-259
-420
-507
-473
-441
-512
-584
-432
17
556
856
790
531
347
324
329
224
46
-61
-64
-117
-375
-765
-1000
-863
-429
5
215
240
266
379
480
452
346
336
481
608
467
14
-506
-787
-750
-569
-449
-405
-310
-111
74
103
20
42
317
722
954
827
446
80
-117
-213
-342
-497
-541
-412
-248
-252
-444
-596
-461
-33
435
686
690
606
558
493
302
18
-172
-143
-2
-7
-281
-667
-873
-761
-457
-177
4
176
407
600
595
388
185
198
403
551
419
38
-352
-563
-614
-636
-660
-575
-301
48
240
175
11
12
268
604
764
672
460
275
110
-134
-454
-676
-636
-381
-160
-173
-363
-479
-345
-30
264
430
531
654
742
642
308
-81
-274
-198
-43
-53
-277
-536
-638
-569
-454
-363
-213
90
477
720
658
388
172
179
325
386
250
11
-180
-301
-447
-657
-798
-688
-320
84
271
209
92
123
303
471
508
462
440
431
297
-49
-476
-725
-660
-406
-215
-211
-293
-283
-144
17
108
185
369
645
821
707
333
-56
-236
-207
-152
-211
-342
-413
-385
-359
-417
-475
-352
14
451
695
642
431
281
263
267
181
37
-49
-52
-95
-303
-618
-808
-698
-346
4
174
194
215
306
387
364
279
270
387
489
376
11
-407
-633
-603
-457
-361
-325
-249
-89
59
82
16
33
254
578
764
661
356
64
-93
-170
-273
-397
-431
-329
-197
-201
-354
-475
-367
-26
346
546
548
482
443
391
239
15
-136
-113
-2
-6
-223
-528
-691
-602
-361
-140
3
139
321
473
469
306
146
156
317
434
330
30
-277
-442
-483
-500
-518
-451
-236
37
188
137
9
10
210
472
598
526
360
215
86
-105
-354
-527
-496
-297
-125
-135
-283
-373
-269
-24
206
334
413
508
576
498
239
-63
-212
-153
-33
-41
-214
-415
-493
-440
-351
-280
-165
70
368
555
507
299
132
138
250
297
192
9
-139
-231
-343
-504
-612
-527
-245
64
208
160
70
94
232
360
388
352
336
329
226
-37
-363
-552
-503
-309
-163
-161
-222
-215
-109
13
82
141
280
489
622
535
252
-42
-179
-157
-115
-159
-258
-311
-290
-271
-314
-357
-265
11
339
522
482
324
211
197
200
136
28
-37
-39
-71
-227
-462
-604
-521
-259
3
129
144
160
228
288
271
208
201
288
364
279
8
-302
-469
-447
-339
-267
-241
-184
-66
44
61
12
25
187
426
563
487
262
47
-68
-125
-201
-291
-317
-241
-145
-147
-259
-348
-269
-19
253
399
401
352
324
285
175
11
-99
-82
-1
-4
-162
-384
-502
-437
-262
-102
2
101
233
343
340
221
105
112
229
313
238
22
-200
-319
-347
-360
-373
-324
-170
27
135
98
6
7
150
338
428
376
257
153
62
-75
-253
-376
-353
-212
-89
-96
-201
-265
-191
-17
146
237
292
360
408
352
169
-45
-150
-108
-23
-29
-151
-292
-348
-309
-247
-197
-116
49
258
389
356
209
93
97
175
208
134
6
-97
-161
-239
-351
-426
-367
-170
45
144
111
49
65
161
249
269
244
232
227
156
-26
-250
-381
-346
-213
-112
-111
-153
-148
-75
9
56
96
192
335
425
366
172
-29
-122
-107
-78
-109
-176
-212
-197
-184
-213
-243
-180
7
230
354
326
219
143
133
135
92
19
-25
-26
-48
-153
-311
-406
-350
-173
2
87
97
107
152
193
181
139
134
192
242
186
6
-201
-312
-297
-225
-177
-159
-122
-44
29
40
8
16
124
281
371
321
173
31
-45
-82
-132
-191
-208
-158
-95
-96
-169
-227
-175
-13
165
260
261
229
210
185
113
7
-64
-53
-1
-3
-105
-248
-324
-282
-169
-65
1
65
149
220
218
142
68
72
147
200
152
14
-127
-203
-221
-229
-237
-206
-108
17
86
62
4
4
95
214
270
237
162
97
39
-47
-159
-236
-222
-133
-56
-60
-126
-165
-119
-10
91
148
182
224
253
219
105
-28
-93
-67
-14
-18
-93
-180
-214
-190
-152
-121
-71
30
158
238
218
128
57
59
107
127
82
4
-59
-98
-145
-213
-258
-222
-103
27
87
67
29
39
97
150
161
146
139
136
93
-15
-149
-227
-206
-127
-67
-66
-91
-88
-44
5
33
57
113
197
251
215
101
-17
-72
-63
-46
-64
-103
-124
-115
-107
-124
-141
-104
4
134
205
189
127
82
77
78
53
11
-14
-15
-27
-88
-178
-232
-200
-99
1
49
55
61
87
109
103
78
76
108
137
105
3
-113
-175
-167
-126
-99
-89
-68
-24
16
22
4
9
69
156
206
178
96
17
-25
-45
-73
-105
-114
-87
-52
-53
-93
-124
-96
-7
90
141
142
124
114
100
61
4
-35
-29
0
-1
-56
-133
-173
-151
-90
-35
1
34
79
117
115
75
36
38
77
105
80
7
-67
-106
-116
-120
-124
-107
-56
9
44
32
2
2
49
110
139
122
83
50
20
-24
-81
-120
-113
-67
-28
-30
-64
-84
-60
-5
46
74
91
112
127
109
52
-14
-46
-33
-7
-9
-46
-89
-106
-94
-75
-59
-35
15
77
116
106
62
27
29
52
61
39
2
-28
-47
-70
-102
-123
-106
-49
13
41
32
14
19
46
71
76
69
65
64
44
-7
-70
-106
-96
-59
-31
-30
-42
-40
-20
2
15
26
52
90
114
98
46
-8
-32
-28
-21
-29
-46
-55
-51
-48
-55
-63
-46
2
59
90
83
56
36
34
34
23
5
-6
-6
-12
-38
-76
-100
-86
-42
1
21
23
26
37
46
43
33
32
45
57
44
1
-47
-72
-69
-52
-41
-37
-28
-10
7
9
2
4
28
63
82
71
38
7
-10
-18
-29
-41
-45
-34
-20
-21
-36
-48
-37
-3
35
54
54
47
43
38
23
1
-13
-11
0
-1
-21
-49
-64
-56
-33
-13
0
13
29
43
42
27
13
14
28
38
29
3
-24
-38
-41
-42
-43
-38
-20
3
15
11
1
1
17
38
47
41
28
17
7
-8
-27
-40
-37
-22
-9
-10
-21
-27
-19
-2
15
24
29
36
40
35
16
-4
-14
-10
-2
-3
-14
-27
-32
-29
-23
-18
-10
4
23
35
31
18
8
8
15
18
11
1
-8
-13
-20
-29
-35
-30
-14
4
11
9
4
5
12
19
20
18
17
17
12
-2
-18
-27
-25
-15
-8
-8
-11
-10
-5
1
4
6
13
22
28
24
11
-2
-8
-7
-5
-7
-11
-13
-12
-11
-13
-14
-10
0
13
20
18
12
8
7
7
5
1
-1
-1
-2
-8
-16
-20
-17
-8
0
4
5
5
7
9
8
6
6
8
10
8
0
-8
-13
-12
-9
-7
-6
-5
-2
1
2
0
1
4
10
13
11
6
1
-1
-3
-4
-6
-7
-5
-3
-3
-5
-7
-5
0
5
7
7
6
6
5
3
0
-2
-1
0
0
-2
-6
-7
-6
-4
-1
0
1
3
4
4
3
1
1
3
4
3
0
-2
-3
-4
-4
-4
-3
-2
0
1
1
0
0
1
3
3
3
2
1
0
0
-2
-2
-2
-1
0
-1
-1
-1
-1
0
1
1
1
1
2
1
1
0
-1
0
0
0
0
-1
-1
-1
-1
0
0
0
0
1
1
0
0
0
0
0
0
0
0
0
0
0
0
0
0
0
0
0
0
0
0
0
0
0
0
0
0
0
0
0
0
0
0
0
0
0
0
0
0
0
0
0
0
0
0
0
0
0
0
0
0
0
0
0
0
0
0
0
0
0
0
0
0
0
0
-1
-1
0
0
0
0
-1
0
0
0
1
1
1
1
1
1
0
-1
0
0
0
-1
-1
-2
-2
-1
-1
-1
0
2
2
2
1
1
1
1
2
1
0
-1
-1
-2
-3
-4
-4
-2
0
2
1
1
1
2
3
3
3
3
3
2
0
-4
-6
-5
-3
-2
-2
-3
-3
-1
0
1
2
4
7
8
7
4
-1
-3
-2
-2
-3
-4
-5
-5
-5
-5
-6
-5
0
6
10
9
6
4
4
4
3
1
-1
-1
-2
-5
-11
-14
-13
-6
0
3
4
4
6
8
7
6
6
8
11
8
0
-9
-15
-14
-11
-9
-8
-6
-2
1
2
0
1
7
16
21
18
10
2
-3
-5
-8
-12
-13
-10
-6
-6
-11
-15
-12
-1
12
19
19
17
16
14
9
1
-5
-4
0
0
-9
-21
-27
-24
-15
-6
0
6
14
20
20
13
7
7
14
20
15
1
-13
-21
-23
-25
-26
-23
-12
2
10
7
0
1
11
26
33
29
20
12
5
-6
-21
-31
-30
-18
-8
-8
-18
-23
-17
-2
13
22
27
34
39
34
16
-4
-15
-11
-2
-3
-16
-30
-36
-33
-26
-21
-13
5
29
44
40
24
11
11
21
25
16
1
-12
-20
-30
-44
-54
-47
-22
6
19
15
7
9
22
34
37
34
33
32
22
-4
-37
-56
-52
-32
-17
-17
-24
-23
-12
1
9
16
31
55
70
61
29
-5
-21
-18
-14
-19
-31
-38
-36
-33
-39
-45
-34
1
44
68
63
43
28
26
27
18
4
-5
-5
-10
-32
-66
-87
-75
-38
0
19
21
24
34
44
42
32
31
45
57
44
1
-49
-76
-73
-56
-44
-40
-31
-11
7
10
2
4
33
75
100
87
47
9
-13
-23
-37
-55
-60
-46
-28
-28
-50
-68
-53
-4
50
80
81
72
66
59
36
2
-21
-17
0
-1
-35
-84
-110
-97
-58
-23
0
23
53
79
79
52
25
27
55
75
57
5
-49
-78
-86
-90
-93
-82
-43
7
35
25
2
2
40
90
115
101
70
42
17
-21
-70
-105
-100
-60
-25
-28
-58
-77
-56
-5
43
71
88
109
124
108
52
-14
-47
-34
-7
-9
-48
-94
-113
-101
-81
-65
-38
16
87
132
121
72
32
34
61
73
47
2
-35
-58
-87
-128
-156
-135
-63
17
54
42
19
25
62
97
105
96
92
90
62
-10
-101
-155
-142
-88
-47
-46
-64
-62
-32
4
24
42
83
146
187
162
77
-13
-55
-48
-36
-50
-81
-98
-92
-86
-101
-115
-86
3
111
172
160
108
71
66
68
46
10
-13
-13
-25
-79
-162
-213
-185
-92
1
47
52
58
83
106
100
77
75
108
137
106
3
-116
-181
-173
-132
-105
-95
-73
-26
17
24
5
10
76
175
232
202
109
20
-29
-53
-85
-124
-136
-104
-63
-64
-113
-153
-119
-9
113
179
181
160
147
131
80
5
-46
-38
-1
-2
-77
-183
-240
-210
-127
-49
1
50
115
170
169
111
53
57
117
160
122
11
-103
-166
-182
-189
-197
-172
-91
14
73
53
3
4
83
187
237
210
144
87
35
-43
-144
-216
-204
-123
-52
-56
-118
-157
-113
-10
88
143
177
219
250
217
104
-28
-94
-68
-15
-18
-96
-187
-223
-200
-160
-128
-76
32
171
259
238
141
62
66
119
142
92
4
-67
-112
-168
-248
-302
-261
-122
32
104
80
36
48
118
184
200
182
174
171
118
-20
-191
-292
-267
-165
-88
-87
-120
-117
-60
7
45
78
155
272
348
300
142
-24
-101
-89
-66
-92
-149
-181
-169
-158
-184
-211
-157
6
203
313
290
196
128
120
123
84
17
-23
-24
-44
-142
-291
-382
-331
-165
2
83
93
104
148
189
178
137
133
191
243
187
6
-204
-319
-304
-232
-184
-166
-128
-46
31
43
8
17
133
304
403
350
189
34
-50
-91
-147
-215
-234
-179
-108
-110
-195
-263
-204
-15
193
306
309
272
251
223
137
8
-78
-65
-1
-3
-130
-309
-406
-355
-214
-83
2
83
193
285
284
186
89
95
195
267
204
19
-172
-276
-302
-314
-327
-286
-150
24
120
88
6
6
136
308
390
345
237
142
57
-70
-236
-353
-333
-200
-84
-92
-193
-255
-184
-16
142
232
287
355
404
350
168
-45
-151
-109
-24
-30
-154
-300
-358
-320
-257
-205
-121
51
273
413
379
224
99
104
189
226
146
7
-106
-178
-265
-391
-476
-412
-192
51
164
127
56
75
185
289
313
285
272
268
185
-31
-298
-456
-416
-257
-136
-134
-187
-181
-92
11
69
120
240
420
537
463
219
-37
-156
-138
-101
-141
-229
-277
-259
-243
-282
-323
-240
10
310
478
443
298
195
183
187
127
26
-35
-36
-67
-216
-441
-579
-501
-249
3
126
141
156
224
284
268
206
200
287
364
280
8
-305
-477
-455
-347
-274
-248
-190
-68
45
64
12
26
198
451
598
519
281
51
-74
-135
-218
-317
-346
-264
-159
-163
-287
-386
-299
-21
284
449
453
399
368
326
200
12
-115
-95
-1
-5
-190
-451
-591
-517
-311
-121
2
121
280
414
411
269
129
138
282
386
294
27
-249
-398
-436
-453
-471
-411
-216
34
173
126
8
9
195
441
559
493
339
203
82
-99
-337
-504
-475
-285
-120
-130
-274
-362
-262
-23
202
329
407
503
572
496
238
-63
-213
-154
-33
-42
-218
-423
-505
-451
-361
-289
-170
72
383
579
531
314
139
146
265
316
205
9
-149
-248
-370
-545
-664
-574
-267
70
228
176
78
104
257
401
434
395
377
371
256
-42
-413
-630
-575
-354
-188
-185
-257
-250
-127
15
96
165
330
578
737
636
300
-51
-214
-188
-138
-193
-314
-379
-354
-331
-386
-440
-327
13
422
652
603
406
266
249
254
173
35
-47
-49
-91
-292
-598
-783
-678
-337
4
170
190
211
302
383
361
277
269
387
490
377
11
-410
-640
-611
-465
-368
-332
-255
-92
61
85
16
34
264
603
798
693
375
68
-98
-180
-290
-422
-460
-351
-212
-216
-381
-513
-397
-28
377
595
600
528
487
431
265
16
-151
-126
-2
-6
-250
-595
-779
-680
-410
-159
3
159
368
544
540
353
169
181
369
506
385
35
-325
-521
-570
-592
-615
-537
-282
45
225
165
10
12
254
574
728
642
440
264
106
-129
-438
-654
-616
-370
-156
-169
-355
-469
-339
-30
261
425
526
649
738
640
307
-82
-274
-199
-43
-54
-280
-544
-649
-579
-464
-371
-219
93
491
743
681
402
178
187
339
404
262
12
-190
-317
-472
-696
-847
-731
-341
90
290
224
99
132
327
510
551
502
479
471
325
-54
-523
-799
-729
-449
-238
-235
-326
-316
-161
19
121
209
416
729
930
802
379
-64
-270
-237
-174
-243
-394
-476
-445
-416
-484
-553
-410
17
529
817
756
508
333
311
317
216
44
-59
-62
-114
-365
-746
-977
-845
-420
5
212
237
263
375
476
449
345
335
480
609
468
14
-509
-794
-758
-576
-456
-411
-316
-113
75
105
20
43
326
744
985
855
462
83
-121
-221
-357
-520
-566
-432
-260
-266
-468
-630
-488
-35
462
731
736
648
598
529
324
20
-185
-154
-2
-8
-306
-727
-952
-831
-500
-194
4
194
449
663
659
430
206
220
449
615
469
43
-395
-633
-692
-718
-746
-651
-342
54
273
200
13
14
308
694
880
776
532
319
128
-156
-529
-789
-744
-446
-188
-204
-428
-565
-408
-36
314
512
633
780
888
769
369
-98
-329
-239
-52
-64
-336
-652
-777
-694
-555
-444
-262
111
587
888
814
480
213
223
405
482
312
14
-226
-378
-563
-829
-1008
-871
-405
107
345
266
118
157
389
605
654
595
568
558
385
-64
-620
-946
-863
-531
-282
-278
-385
-374
-190
23
143
246
491
860
1097
946
446
-75
-318
-280
-205
-286
-464
-561
-524
-490
-569
-650
-482
19
621
959
886
596
390
365
372
253
52
-69
-72
-133
-427
-872
-1142
-988
-491
6
247
276
307
438
556
523
402
390
560
709
545
16
-592
-924
-881
-670
-530
-478
-367
-132
87
122
23
49
378
863
1142
991
535
97
-140
-256
-413
-601
-655
-500
-301
-307
-541
-728
-563
-40
533
843
848
747
688
609
373
23
-213
-177
-3
-9
-352
-835
-1094
-955
-574
-223
4
223
515
760
755
493
236
252
514
704
536
49
-452
-724
-791
-821
-853
-744
-390
62
312
228
14
16
351
791
1003
884
606
363
146
-177
-601
-897
-845
-507
-213
-231
-485
-641
-463
-41
356
580
717
884
1006
871
418
-111
-373
-270
-58
-73
-380
-737
-878
-784
-627
-501
-295
125
662
1001
917
541
240
251
456
542
352
16
-255
-425
-633
-932
-1133
-978
-455
120
387
299
132
176
436
678
733
667
637
625
431
-71
-693
-1058
-965
-594
-315
-310
-430
-417
-212
25
159
275
548
959
1223
1054
497
-84
-354
-311
-228
-318
-516
-623
-582
-544
-633
-722
-535
22
690
1064
983
662
432
404
412
280
57
-76
-80
-147
-472
-965
-1263
-1092
-543
7
273
305
339
483
613
577
443
430
617
781
600
18
-652
-1017
-970
-737
-583
-526
-403
-145
96
134
26
54
416
947
1253
1087
587
106
-154
-281
-453
-659
-717
-547
-329
-336
-592
-796
-616
-44
583
921
927
816
752
665
407
25
-233
-193
-3
-10
-383
-910
-1191
-1039
-625
-243
5
242
559
826
820
536
256
273
559
765
582
53
-490
-785
-858
-890
-924
-806
-422
67
337
246
16
17
380
855
1084
955
655
392
157
-192
-649
-968
-912
-547
-230
-249
-523
-691
-499
-44
383
624
772
951
1081
936
449
-119
-401
-290
-63
-78
-408
-790
-942
-841
-672
-537
-316
134
709
1072
982
579
257
269
488
580
376
17
-272
-454
-676
-995
-1210
-1044
-486
128
413
319
141
188
465
722
781
710
678
665
458
-76
-737
-1125
-1025
-631
-334
-329
-457
-443
-225
27
169
291
581
1017
1295
1117
527
-89
-375
-329
-241
-336
-546
-659
-616
-575
-668
-762
-565
23
728
1122
1037
698
456
426
434
295
60
-80
-84
-155
-497
-1015
-1329
-1149
-571
7
287
321
356
508
644
606
465
451
647
819
629
19
-683
-1065
-1016
-772
-610
-550
-422
-151
101
140
27
57
434
989
1309
1135
613
111
-160
-293
-472
-687
-748
-570
-343
-350
-616
-829
-641
-46
606
958
964
848
781
690
423
26
-242
-201
-3
-10
-397
-943
-1235
-1077
-648
-252
5
251
579
855
849
554
265
283
577
790
601
55
-507
-810
-885
-918
-953
-831
-436
69
348
254
16
18
391
881
1116
983
674
403
162
-197
-667
-995
-937
-562
-236
-256
-537
-709
-512
-45
393
640
791
975
1108
959
460
-122
-410
-297
-64
-80
-417
-808
-963
-859
-687
-549
-323
137
724
1094
1002
591
262
274
497
591
383
17
-277
-462
-688
-1013
-1230
-1061
-494
130
420
324
143
191
472
733
792
720
687
674
465
-77
-747
-1140
-1039
-639
-339
-334
-462
-448
-228
27
171
294
587
1027
1308
1128
532
-90
-378
-332
-243
-339
-551
-664
-620
-579
-673
-768
-569
23
733
1129
1043
702
458
428
436
297
61
-81
-85
-155
-499
-1018
-1333
-1152
-572
7
288
321
356
508
644
607
465
451
647
819
629
19
-683
-1064
-1014
-771
-609
-549
-421
-151
100
140
27
57
433
985
1303
1130
610
110
-160
-291
-470
-683
-743
-567
-341
-348
-612
-823
-636
-46
602
950
956
841
774
684
419
26
-239
-199
-3
-10
-393
-933
-1221
-1065
-640
-249
5
248
572
844
838
547
261
279
569
779
593
54
-499
-798
-872
-904
-938
-818
-429
68
342
250
16
18
384
865
1095
965
661
395
159
-193
-654
-975
-918
-551
-231
-251
-526
-694
-501
-44
384
626
773
953
1083
937
449
-119
-400
-290
-62
-78
-407
-788
-939
-837
-669
-535
-315
133
705
1065
975
575
255
266
483
574
372
17
-269
-448
-668
-983
-1194
-1030
-479
126
407
314
138
185
457
710
767
697
665
652
449
-74
-722
-1101
-1004
-617
-327
-322
-446
-433
-220
26
165
284
566
990
1260
1086
512
-86
-364
-320
-234
-326
-529
-639
-596
-557
-647
-737
-547
22
703
1083
1001
673
439
411
418
284
58
-77
-81
-149
-477
-974
-1275
-1101
-547
7
275
307
340
485
615
579
444
431
617
781
600
18
-650
-1014
-966
-734
-579
-523
-401
-144
95
133
25
54
411
936
1238
1072
579
104
-151
-276
-445
-647
-704
-537
-323
-329
-579
-779
-602
-43
569
898
903
795
732
646
396
24
-226
-187
-3
-9
-371
-880
-1151
-1004
-603
-234
5
233
538
794
788
514
246
262
535
732
557
51
-469
-749
-818
-848
-880
-767
-402
64
320
234
15
17
359
809
1025
902
618
370
149
-181
-611
-911
-857
-514
-216
-234
-490
-647
-467
-41
358
583
720
887
1008
872
418
-111
-372
-270
-58
-73
-378
-732
-872
-777
-621
-496
-292
124
654
987
904
533
236
247
447
532
344
15
-249
-415
-617
-908
-1103
-951
-442
116
376
290
128
171
421
655
707
642
613
601
414
-68
-665
-1013
-923
-568
-301
-296
-410
-397
-202
24
151
261
519
908
1156
996
469
-79
-333
-293
-214
-299
-485
-584
-545
-509
-591
-674
-499
20
642
989
914
614
401
375
381
259
53
-70
-74
-135
-435
-887
-1160
-1002
-498
6
250
279
309
441
559
526
403
391
560
708
544
16
-589
-918
-875
-665
-525
-473
-362
-130
86
120
23
49
371
845
1118
968
522
94
-137
-249
-402
-583
-635
-484
-291
-296
-521
-701
-542
-39
512
807
812
714
657
580
355
22
-203
-168
-3
-8
-332
-788
-1031
-899
-540
-210
4
209
482
710
705
460
219
234
478
654
497
45
-418
-668
-729
-756
-784
-683
-358
57
285
208
13
15
320
720
911
802
549
328
132
-160
-542
-808
-760
-456
-191
-207
-434
-573
-414
-36
317
516
637
785
891
771
369
-98
-329
-238
-51
-64
-333
-645
-769
-685
-547
-437
-257
109
575
868
795
468
207
217
393
467
302
13
-218
-364
-541
-796
-967
-834
-387
102
329
254
112
149
368
572
618
561
535
525
361
-60
-580
-884
-805
-495
-262
-258
-357
-346
-176
21
131
227
451
789
1005
865
408
-69
-289
-254
-186
-259
-420
-507
-473
-441
-512
-584
-432
17
556
856
790
531
347
324
329
224
46
-61
-64
-117
-375
-765
-1000
-863
-429
5
215
240
266
379
480
452
346
336
481
608
467
14
-506
-787
-750
-569
-449
-405
-310
-111
74
103
20
42
317
722
954
827
446
80
-117
-213
-342
-497
-541
-412
-248
-252
-444
-596
-461
-33
435
686
690
606
558
493
302
18
-172
-143
-2
-7
-281
-667
-873
-761
-457
-177
4
176
407
600
595
388
185
198
403
551
419
38
-352
-563
-614
-636
-660
-575
-301
48
240
175
11
12
268
604
764
672
460
275
110
-134
-454
-676
-636
-381
-160
-173
-363
-479
-345
-30
264
430
531
654
742
642
308
-81
-274
-198
-43
-53
-277
-536
-638
-569
-454
-363
-213
90
477
720
658
388
172
179
325
386
250
11
-180
-301
-447
-657
-798
-688
-320
84
271
209
92
123
303
471
508
462
440
431
297
-49
-476
-725
-660
-406
-215
-211
-293
-283
-144
17
108
185
369
645
821
707
333
-56
-236
-207
-152
-211
-342
-413
-385
-359
-417
-475
-352
14
451
695
642
431
281
263
267
181
37
-49
-52
-95
-303
-618
-808
-698
-346
4
174
194
215
306
387
364
279
270
387
489
376
11
-407
-633
-603
-457
-361
-325
-249
-89
59
82
16
33
254
578
764
661
356
64
-93
-170
-273
-397
-431
-329
-197
-201
-354
-475
-367
-26
346
546
548
482
443
391
239
15
-136
-113
-2
-6
-223
-528
-691
-602
-361
-140
3
139
321
473
469
306
146
156
317
434
330
30
-277
-442
-483
-500
-518
-451
-236
37
188
137
9
10
210
472
598
526
360
215
86
-105
-354
-527
-496
-297
-125
-135
-283
-373
-269
-24
206
334
413
508
576
498
239
-63
-212
-153
-33
-41
-214
-415
-493
-440
-351
-280
-165
70
368
555
507
299
132
138
250
297
192
9
-139
-231
-343
-504
-612
-527
-245
64
208
160
70
94
232
360
388
352
336
329
226
-37
-363
-552
-503
-309
-163
-161
-222
-215
-109
13
82
141
280
489
622
535
252
-42
-179
-157
-115
-159
-258
-311
-290
-271
-314
-357
-265
11
339
522
482
324
211
197
200
136
28
-37
-39
-71
-227
-462
-604
-521
-259
3
129
144
160
228
288
271
208
201
288
364
279
8
-302
-469
-447
-339
-267
-241
-184
-66
44
61
12
25
187
426
563
487
262
47
-68
-125
-201
-291
-317
-241
-145
-147
-259
-348
-269
-19
253
399
401
352
324
285
175
11
-99
-82
-1
-4
-162
-384
-502
-437
-262
-102
2
101
233
343
340
221
105
112
229
313
238
22
-200
-319
-347
-360
-373
-324
-170
27
135
98
6
7
150
338
428
376
257
153
62
-75
-253
-376
-353
-212
-89
-96
-201
-265
-191
-17
146
237
292
360
408
352
169
-45
-150
-108
-23
-29
-151
-292
-348
-309
-247
-197
-116
49
258
389
356
209
93
97
175
208
134
6
-97
-161
-239
-351
-426
-367
-170
45
144
111
49
65
161
249
269
244
232
227
156
-26
-250
-381
-346
-213
-112
-111
-153
-148
-75
9
56
96
192
335
425
366
172
-29
-122
-107
-78
-109
-176
-212
-197
-184
-213
-243
-180
7
230
354
326
219
143
133
135
92
19
-25
-26
-48
-153
-311
-406
-350
-173
2
87
97
107
152
193
181
139
134
192
242
186
6
-201
-312
-297
-225
-177
-159
-122
-44
29
40
8
16
124
281
371
321
173
31
-45
-82
-132
-191
-208
-158
-95
-96
-169
-227
-175
-13
165
260
261
229
210
185
113
7
-64
-53
-1
-3
-105
-248
-324
-282
-169
-65
1
65
149
220
218
142
68
72
147
200
152
14
-127
-203
-221
-229
-237
-206
-108
17
86
62
4
4
95
214
270
237
162
97
39
-47
-159
-236
-222
-133
-56
-60
-126
-165
-119
-10
91
148
182
224
253
219
105
-28
-93
-67
-14
-18
-93
-180
-214
-190
-152
-121
-71
30
158
238
218
128
57
59
107
127
82
4
-59
-98
-145
-213
-258
-222
-103
27
87
67
29
39
97
150
161
146
139
136
93
-15
-149
-227
-206
-127
-67
-66
-91
-88
-44
5
33
57
113
197
251
215
101
-17
-72
-63
-46
-64
-103
-124
-115
-107
-124
-141
-104
4
134
205
189
127
82
77
78
53
11
-14
-15
-27
-88
-178
-232
-200
-99
1
49
55
61
87
109
103
78
76
108
137
105
3
-113
-175
-167
-126
-99
-89
-68
-24
16
22
4
9
69
156
206
178
96
17
-25
-45
-73
-105
-114
-87
-52
-53
-93
-124
-96
-7
90
141
142
124
114
100
61
4
-35
-29
0
-1
-56
-133
-173
-151
-90
-35
1
34
79
117
115
75
36
38
77
105
80
7
-67
-106
-116
-120
-124
-107
-56
9
44
32
2
2
49
110
139
122
83
50
20
-24
-81
-120
-113
-67
-28
-30
-64
-84
-60
-5
46
74
91
112
127
109
52
-14
-46
-33
-7
-9
-46
-89
-106
-94
-75
-59
-35
15
77
116
106
62
27
29
52
61
39
2
-28
-47
-70
-102
-123
-106
-49
13
41
32
14
19
46
71
76
69
65
64
44
-7
-70
-106
-96
-59
-31
-30
-42
-40
-20
2
15
26
52
90
114
98
46
-8
-32
-28
-21
-29
-46
-55
-51
-48
-55
-63
-46
2
59
90
83
56
36
34
34
23
5
-6
-6
-12
-38
-76
-100
-86
-42
1
21
23
26
37
46
43
33
32
45
57
44
1
-47
-72
-69
-52
-41
-37
-28
-10
7
9
2
4
28
63
82
71
38
7
-10
-18
-29
-41
-45
-34
-20
-21
-36
-48
-37
-3
35
54
54
47
43
38
23
1
-13
-11
0
-1
-21
-49
-64
-56
-33
-13
0
13
29
43
42
27
13
14
28
38
29
3
-24
-38
-41
-42
-43
-38
-20
3
15
11
1
1
17
38
47
41
28
17
7
-8
-27
-40
-37
-22
-9
-10
-21
-27
-19
-2
15
24
29
36
40
35
16
-4
-14
-10
-2
-3
-14
-27
-32
-29
-23
-18
-10
4
23
35
31
18
8
8
15
18
11
1
-8
-13
-20
-29
-35
-30
-14
4
11
9
4
5
12
19
20
18
17
17
12
-2
-18
-27
-25
-15
-8
-8
-11
-10
-5
1
4
6
13
22
28
24
11
-2
-8
-7
-5
-7
-11
-13
-12
-11
-13
-14
-10
0
13
20
18
12
8
7
7
5
1
-1
-1
-2
-8
-16
-20
-17
-8
0
4
5
5
7
9
8
6
6
8
10
8
0
-8
-13
-12
-9
-7
-6
-5
-2
1
2
0
1
4
10
13
11
6
1
-1
-3
-4
-6
-7
-5
-3
-3
-5
-7
-5
0
5
7
7
6
6
5
3
0
-2
-1
0
0
-2
-6
-7
-6
-4
-1
0
1
3
4
4
3
1
1
3
4
3
0
-2
-3
-4
-4
-4
-3
-2
0
1
1
0
0
1
3
3
3
2
1
0
0
-2
-2
-2
-1
0
-1
-1
-1
-1
0
1
1
1
1
2
1
1
0
-1
0
0
0
0
-1
-1
-1
-1
0
0
0
0
1
1
0
0
0
0
0
0
0
0
0
0
0
0
0
0
0
0
0
0
0
0
0
0
0
0
0
0
0
0
0
0
0
0
0
0
0
0
0
0
0
0
0
0
0
0
0
0
0
0
0
0
0
0
0
0
0
0
0
0
0
0
0
0
0
0
0
0
0
0
0
-1
-1
-1
-1
0
0
0
1
1
1
1
1
0
0
-1
-1
-1
-1
-1
-1
-1
0
1
1
2
2
2
1
1
0
-1
-2
-2
-2
-2
-2
-1
0
1
2
3
3
3
2
1
0
-1
-2
-3
-3
-3
-2
-1
0
2
3
4
4
4
3
2
0
-2
-3
-4
-5
-5
-3
-2
0
2
4
5
6
5
4
2
0
-3
-5
-6
-7
-6
-5
-2
0
3
5
7
7
7
5
3
0
-3
-6
-8
-8
-8
-6
-3
0
4
7
9
9
9
7
3
0
-4
-8
-10
-11
-10
-7
-4
0
5
8
11
12
11
8
4
0
-5
-9
-12
-13
-12
-9
-5
0
6
10
13
14
13
10
5
-1
-6
-11
-14
-16
-14
-11
-6
1
7
12
16
17
16
12
6
-1
-7
-13
-17
-18
-17
-13
-7
1
8
14
18
20
18
14
7
-1
-9
-15
-20
-21
-20
-15
-8
1
9
17
21
23
21
16
8
-1
-10
-18
-23
-25
-23
-17
-9
1
11
19
24
26
24
18
9
-1
-11
-20
-26
-28
-26
-20
-10
1
12
22
28
30
28
21
11
-1
-13
-23
-30
-32
-29
-22
-11
1
14
24
31
34
31
23
12
-1
-15
-26
-33
-36
-33
-25
-13
1
15
27
35
38
35
26
14
-1
-16
-29
-37
-40
-37
-28
-14
1
17
30
39
42
39
29
15
-2
-18
-32
-41
-44
-41
-31
-16
2
19
34
43
47
43
32
17
-2
-20
-35
-46
-49
-45
-34
-17
2
21
37
48
51
47
35
18
-2
-22
-39
-50
-54
-49
-37
-19
2
23
41
52
56
52
39
20
-2
-24
-43
-55
-59
-54
-41
-21
2
25
44
57
61
56
42
22
-2
-26
-46
-60
-64
-59
-44
-23
2
27
48
62
67
61
46
24
-2
-28
-50
-65
-70
-64
-48
-25
2
30
52
67
72
66
50
26
-3
-31
-54
-70
-75
-69
-52
-27
3
32
57
73
78
71
54
28
-3
-33
-59
-75
-81
-74
-56
-29
3
34
61
78
84
77
58
30
-3
-36
-63
-81
-87
-79
-60
-31
3
37
65
84
90
82
62
32
-3
-38
-68
-87
-93
-85
-64
-33
3
39
70
90
96
88
66
34
-3
-41
-72
-93
-100
-91
-69
-35
4
42
75
96
103
94
71
36
-4
-44
-77
-99
-106
-97
-73
-38
4
45
79
102
109
100
75
39
-4
-46
-82
-105
-113
-103
-78
-40
4
48
84
109
116
106
80
41
-4
-49
-87
-112
-120
-109
-82
-42
4
51
90
115
123
113
85
44
-4
-52
-92
-118
-127
-116
-87
-45
5
54
95
122
131
119
90
46
-5
-55
-97
-125
-134
-123
-92
-47
5
57
100
129
138
126
95
49
-5
-58
-103
-132
-142
-129
-97
-50
5
60
106
136
145
133
100
51
-5
-61
-108
-139
-149
-136
-102
-53
5
63
111
143
153
140
105
54
-5
-64
-114
-146
-157
-143
-108
-55
6
66
117
150
161
147
110
57
-6
-68
-120
-154
-165
-150
-113
-58
6
69
123
158
169
154
116
60
-6
-71
-126
-161
-173
-158
-119
-61
6
73
129
165
177
161
121
62
-6
-74
-132
-169
-181
-165
-124
-64
6
76
135
173
185
169
127
65
-7
-78
-138
-177
-189
-173
-130
-67
7
80
141
181
193
176
133
68
-7
-81
-144
-185
-198
-180
-136
-70
7
83
147
188
202
184
138
71
-7
-85
-150
-192
-206
-188
-141
-73
7
87
153
197
210
192
144
74
-7
-88
-156
-201
-215
-196
-147
-76
8
90
159
205
219
200
150
77
-8
-92
-163
-209
-224
-204
-153
-79
8
94
166
213
228
208
156
80
-8
-96
-169
-217
-232
-212
-159
-82
8
98
172
221
237
216
162
83
-8
-99
-176
-225
-241
-220
-166
-85
9
101
179
230
246
224
169
87
-9
-103
-182
-234
-250
-228
-172
-88
9
105
186
238
255
233
175
90
-9
-107
-189
-242
-260
-237
-178
-91
9
109
192
247
264
241
181
93
-9
-111
-196
-251
-269
-245
-184
-95
9
113
199
255
273
249
187
96
-10
-115
-203
-260
-278
-254
-191
-98
10
117
206
264
283
258
194
100
-10
-119
-209
-269
-288
-262
-197
-101
10
121
213
273
292
266
200
103
-10
-123
-216
-277
-297
-271
-204
-105
10
124
220
282
302
275
207
106
-11
-126
-223
-286
-306
-279
-210
-108
11
128
227
291
311
284
213
110
-11
-130
-230
-295
-316
-288
-217
-111
11
132
234
300
321
293
220
113
-11
-134
-237
-304
-326
-297
-223
-115
11
136
241
309
331
301
226
116
-12
-138
-244
-313
-335
-306
-230
-118
12
140
248
318
340
310
233
120
-12
-142
-251
-323
-345
-315
-236
-121
12
144
255
327
350
319
240
123
-12
-146
-259
-332
-355
-323
-243
-125
13
149
262
336
360
328
246
127
-13
-151
-266
-341
-365
-332
-250
-128
13
153
269
345
369
337
253
130
-13
-155
-273
-350
-374
-341
-256
-132
13
157
276
355
379
346
260
133
-13
-159
-280
-359
-384
-350
-263
-135
14
161
284
364
389
355
266
137
-14
-163
-287
-368
-394
-359
-270
-139
14
165
291
373
399
364
273
140
-14
-167
-294
-377
-404
-368
-276
-142
14
169
298
382
409
373
280
144
-14
-171
-302
-387
-414
-377
-283
-145
15
173
305
391
419
381
286
147
-15
-175
-309
-396
-423
-386
-290
-149
15
177
312
400
428
390
293
151
-15
-179
-316
-405
-433
-395
-297
-152
15
181
319
410
438
399
300
154
-15
-183
-323
-414
-443
-404
-303
-156
16
185
327
419
448
408
307
157
-16
-187
-330
-423
-453
-413
-310
-159
16
189
334
428
458
417
313
161
-16
-191
-337
-432
-462
-421
-316
-163
16
193
341
437
467
426
320
164
-16
-195
-344
-441
-472
-430
-323
-166
17
197
348
446
477
435
326
168
-17
-199
-351
-451
-482
-439
-330
-169
17
201
355
455
487
443
333
171
-17
-203
-358
-460
-491
-448
-336
-173
17
205
362
464
496
452
339
174
-17
-207
-365
-468
-501
-456
-343
-176
18
209
369
473
506
461
346
178
-18
-211
-372
-477
-510
-465
-349
-179
18
213
376
482
515
469
352
181
-18
-215
-379
-486
-520
-474
-356
-183
18
217
383
490
524
478
359
184
-18
-219
-386
-495
-529
-482
-362
-186
19
221
389
499
534
486
365
187
-19
-223
-393
-504
-538
-490
-368
-189
19
225
396
508
543
495
371
191
-19
-227
-400
-512
-548
-499
-374
-192
19
228
403
516
552
503
378
194
-19
-230
-406
-521
-557
-507
-381
-195
20
232
410
525
561
511
384
197
-20
-234
-413
-529
-566
-515
-387
-199
20
236
416
533
570
519
390
200
-20
-238
-419
-537
-575
-523
-393
-202
20
240
423
541
579
527
396
203
-20
-241
-426
-546
-583
-531
-399
-205
20
243
429
550
588
535
402
206
-21
-245
-432
-554
-592
-539
-405
-208
21
247
435
558
596
543
408
209
-21
-249
-438
-562
-601
-547
-411
-211
21
250
441
566
605
551
413
212
-21
-252
-445
-570
-609
-555
-416
-214
21
254
448
574
613
558
419
215
-22
-256
-451
-577
-617
-562
-422
-217
22
257
454
581
621
566
425
218
-22
-259
-457
-585
-625
-570
-428
-219
22
261
460
589
629
573
430
221
-22
-262
-462
-593
-633
-577
-433
-222
22
264
465
596
637
581
436
224
-22
-266
-468
-600
-641
-584
-438
-225
23
267
471
604
645
588
441
226
-23
-269
-474
-607
-649
-591
-444
-228
23
270
477
611
653
595
446
229
-23
-272
-480
-614
-657
-598
-449
-230
23
274
482
618
660
601
451
232
-23
-275
-485
-621
-664
-605
-454
-233
23
277
488
625
668
608
456
234
-23
-278
-490
-628
-671
-611
-459
-235
24
280
493
632
675
615
461
237
-24
-281
-496
-635
-679
-618
-464
-238
24
283
498
638
682
621
466
239
-24
-284
-501
-641
-686
-624
-468
-240
24
285
503
645
689
627
471
242
-24
-287
-506
-648
-692
-630
-473
-243
24
288
508
651
696
633
475
244
-24
-290
-511
-654
-699
-636
-478
-245
25
291
513
657
702
639
480
246
-25
-292
-515
-660
-705
-642
-482
-247
25
294
518
663
709
645
484
248
-25
-295
-520
-666
-712
-648
-486
-249
25
296
522
669
715
651
488
251
-25
-297
-524
-672
-718
-653
-490
-252
25
299
526
674
721
656
492
253
-25
-300
-529
-677
-724
-659
-494
-254
25
301
531
680
726
661
496
255
-25
-302
-533
-682
-729
-664
-498
-256
26
303
535
685
732
666
500
257
-26
-304
-537
-688
-735
-669
-502
-258
26
306
539
690
737
671
504
258
-26
-307
-541
-693
-740
-674
-505
-259
26
308
543
695
743
676
507
260
-26
-309
-544
-697
-745
-678
-509
-261
26
310
546
700
748
681
511
262
-26
-311
-548
-702
-750
-683
-512
-263
26
312
550
704
752
685
514
264
-26
-313
-551
-706
-755
-687
-515
-264
26
314
553
708
757
689
517
265
-27
-315
-555
-710
-759
-691
-518
-266
27
316
556
712
761
693
520
267
-27
-316
-558
-714
-763
-695
-521
-267
27
317
559
716
765
697
523
268
-27
-318
-561
-718
-767
-698
-524
-269
27
319
562
720
769
700
525
269
-27
-320
-563
-722
-771
-702
-527
-270
27
320
565
723
773
703
528
271
-27
-321
-566
-725
-775
-705
-529
-271
27
322
567
727
776
707
530
272
-27
-323
-569
-728
-778
-708
-531
-272
27
323
570
730
779
710
532
273
-27
-324
-571
-731
-781
-711
-533
-274
27
325
572
732
782
712
534
274
-27
-325
-573
-734
-784
-713
-535
-275
27
326
574
735
785
715
536
275
-28
-326
-575
-736
-787
-716
-537
-275
28
327
576
737
788
717
538
276
-28
-327
-577
-739
-789
-718
-539
-276
28
328
578
740
790
719
539
277
-28
-328
-578
-741
-791
-720
-540
-277
28
329
579
742
792
721
541
277
-28
-329
-580
-742
-793
-722
-541
-278
28
329
580
743
794
723
542
278
-28
-330
-581
-744
-795
-723
-543
-278
28
330
582
745
796
724
543
279
-28
-330
-582
-745
-796
-725
-544
-279
28
331
583
746
797
725
544
279
-28
-331
-583
-747
-797
-726
-544
-279
28
331
583
747
798
726
545
279
-28
-331
-584
-747
-798
-727
-545
-280
28
331
584
748
799
727
545
280
-28
-332
-584
-748
-799
-727
-545
-280
28
332
585
748
799
728
546
280
-28
-332
-585
-749
-800
-728
-546
-280
28
332
585
749
800
728
546
280
-28
-332
-585
-749
-800
-728
-546
-280
28
332
585
749
800
728
546
280
-28
-332
-585
-749
-800
-728
-546
-280
28
332
585
749
800
728
546
280
-28
-332
-585
-749
-800
-728
-546
-280
28
332
585
749
800
728
546
280
-28
-332
-585
-748
-799
-727
-545
-280
28
332
584
748
799
727
545
280
-28
-331
-584
-748
-799
-727
-545
-279
28
331
584
747
798
726
545
279
-28
-331
-583
-747
-798
-726
-544
-279
28
331
583
746
797
725
544
279
-28
-331
-583
-746
-796
-725
-543
-279
28
330
582
745
796
724
543
278
-28
-330
-582
-744
-795
-723
-542
-278
28
330
581
744
794
723
542
278
-28
-329
-580
-743
-793
-722
-541
-278
28
329
580
742
792
721
541
277
-28
-329
-579
-741
-791
-720
-540
-277
28
328
578
740
790
719
539
277
-28
-328
-577
-739
-789
-718
-539
-276
28
327
577
738
788
717
538
276
-28
-327
-576
-737
-787
-716
-537
-275
28
326
575
736
786
715
536
275
-27
-326
-574
-735
-784
-714
-535
-274
27
325
573
733
783
712
534
274
-27
-325
-572
-732
-782
-711
-533
-273
27
324
571
731
780
710
532
273
-27
-323
-570
-729
-779
-708
-531
-272
27
323
568
728
777
707
530
272
-27
-322
-567
-726
-775
-705
-529
-271
27
321
566
724
773
704
528
270
-27
-321
-565
-723
-772
-702
-526
-270
27
320
563
721
770
700
525
269
-27
-319
-562
-719
-768
-699
-524
-269
27
318
561
717
766
697
522
268
-27
-317
-559
-716
-764
-695
-521
-267
27
317
558
714
762
693
520
266
-27
-316
-556
-712
-760
-691
-518
-266
27
315
554
710
758
689
517
265
-26
-314
-553
-708
-755
-687
-515
-264
26
313
551
705
753
685
514
263
-26
-312
-549
-703
-751
-683
-512
-262
26
311
548
701
748
681
510
262
-26
-310
-546
-699
-746
-679
-509
-261
26
309
544
696
744
676
507
260
-26
-308
-542
-694
-741
-674
-505
-259
26
307
540
692
738
672
503
258
-26
-306
-538
-689
-736
-669
-502
-257
26
305
537
687
733
667
500
256
-26
-303
-535
-684
-730
-664
-498
-255
26
302
532
681
728
662
496
254
-25
-301
-530
-679
-725
-659
-494
-253
25
300
528
676
722
656
492
252
-25
-299
-526
-673
-719
-654
-490
-251
25
298
524
671
716
651
488
250
-25
-296
-522
-668
-713
-648
-486
-249
25
295
520
665
710
645
484
248
-25
-294
-517
-662
-707
-643
-482
-247
25
292
515
659
703
640
480
246
-25
-291
-513
-656
-700
-637
-477
-245
24
290
510
653
697
634
475
243
-24
-288
-508
-650
-694
-631
-473
-242
24
287
505
647
690
628
471
241
-24
-286
-503
-643
-687
-625
-468
-240
24
284
500
640
683
622
466
239
-24
-283
-498
-637
-680
-618
-463
-238
24
281
495
634
676
615
461
236
-24
-280
-493
-630
-673
-612
-459
-235
23
278
490
627
669
609
456
234
-23
-277
-487
-624
-666
-605
-454
-232
23
275
485
620
662
602
451
231
-23
-274
-482
-617
-658
-598
-449
-230
23
272
479
613
654
595
446
229
-23
-271
-476
-610
-651
-592
-443
-227
23
269
474
606
647
588
441
226
-23
-267
-471
-602
-643
-585
-438
-224
22
266
468
599
639
581
435
223
-22
-264
-465
-595
-635
-577
-433
-222
22
262
462
591
631
574
430
220
-22
-261
-459
-587
-627
-570
-427
-219
22
259
456
584
623
566
424
217
-22
-257
-453
-580
-619
-563
-422
-216
22
256
450
576
615
559
419
215
-21
-254
-447
-572
-611
-555
-416
-213
21
252
444
568
606
551
413
212
-21
-251
-441
-564
-602
-547
-410
-210
21
249
438
560
598
544
407
209
-21
-247
-435
-556
-594
-540
-404
-207
21
245
432
552
589
536
401
206
-21
-243
-429
-548
-585
-532
-398
-204
20
242
425
544
581
528
395
203
-20
-240
-422
-540
-576
-524
-392
-201
20
238
419
536
572
520
389
200
-20
-236
-416
-532
-567
-516
-386
-198
20
234
412
527
563
512
383
196
-20
-232
-409
-523
-558
-508
-380
-195
19
231
406
519
554
503
377
193
-19
-229
-402
-515
-549
-499
-374
-192
19
227
399
511
545
495
371
190
-19
-225
-396
-506
-540
-491
-368
-188
19
223
392
502
535
487
365
187
-19
-221
-389
-498
-531
-483
-362
-185
18
219
386
493
526
478
358
184
-18
-217
-382
-489
-522
-474
-355
-182
18
215
379
484
517
470
352
180
-18
-213
-375
-480
-512
-466
-349
-179
18
211
372
476
507
461
346
177
-18
-209
-368
-471
-503
-457
-342
-175
18
207
365
467
498
453
339
174
-17
-205
-362
-462
-493
-448
-336
-172
17
203
358
458
488
444
333
170
-17
-201
-355
-453
-484
-440
-329
-169
17
199
351
449
479
435
326
167
-17
-197
-347
-444
-474
-431
-323
-165
17
195
344
440
469
426
319
164
-16
-193
-340
-435
-464
-422
-316
-162
16
191
337
431
459
418
313
160
-16
-189
-333
-426
-455
-413
-309
-158
16
187
330
422
450
409
306
157
-16
-185
-326
-417
-445
-404
-303
-155
15
183
323
412
440
400
299
153
-15
-181
-319
-408
-435
-395
-296
-152
15
179
315
403
430
391
293
150
-15
-177
-312
-399
-425
-386
-289
-148
15
175
308
394
420
382
286
146
-15
-173
-305
-390
-415
-378
-283
-145
14
171
301
385
411
373
279
143
-14
-169
-298
-380
-406
-369
-276
-141
14
167
294
376
401
364
273
140
-14
-165
-290
-371
-396
-360
-269
-138
14
163
287
367
391
355
266
136
-14
-161
-283
-362
-386
-351
-263
-134
13
159
280
357
381
346
259
133
-13
-157
-276
-353
-376
-342
-256
-131
13
155
272
348
371
337
253
129
-13
-153
-269
-344
-366
-333
-249
-128
13
151
265
339
362
328
246
126
-13
-149
-262
-334
-357
-324
-243
-124
12
147
258
330
352
320
239
122
-12
-145
-255
-325
-347
-315
-236
-121
12
143
251
321
342
311
233
119
-12
-141
-247
-316
-337
-306
-229
-117
12
139
244
312
332
302
226
116
-12
-137
-240
-307
-328
-297
-223
-114
11
135
237
303
323
293
219
112
-11
-133
-233
-298
-318
-289
-216
-111
11
131
230
294
313
284
213
109
-11
-129
-226
-289
-308
-280
-210
-107
11
127
223
285
304
276
206
106
-11
-125
-219
-280
-299
-271
-203
-104
10
123
216
276
294
267
200
102
-10
-121
-212
-271
-289
-263
-197
-101
10
119
209
267
285
258
193
99
-10
-117
-206
-263
-280
-254
-190
-97
10
115
202
258
275
250
187
96
-10
-113
-199
-254
-271
-246
-184
-94
9
111
195
250
266
241
181
92
-9
-109
-192
-245
-261
-237
-178
-91
9
107
189
241
257
233
174
89
-9
-105
-185
-237
-252
-229
-171
-88
9
103
182
232
248
225
168
86
-9
-102
-179
-228
-243
-221
-165
-84
8
100
175
224
239
217
162
83
-8
-98
-172
-220
-234
-213
-159
-81
8
96
169
216
230
208
156
80
-8
-94
-165
-211
-225
-204
-153
-78
8
92
162
207
221
200
150
77
-8
-90
-159
-203
-216
-196
-147
-75
7
89
156
199
212
192
144
74
-7
-87
-153
-195
-208
-189
-141
-72
7
85
150
191
203
185
138
71
-7
-83
-146
-187
-199
-181
-135
-69
7
82
143
183
195
177
132
68
-7
-80
-140
-179
-191
-173
-129
-66
7
78
137
175
187
169
127
65
-6
-76
-134
-171
-182
-166
-124
-63
6
75
131
167
178
162
121
62
-6
-73
-128
-164
-174
-158
-118
-60
6
71
125
160
170
154
116
59
-6
-70
-122
-156
-166
-151
-113
-58
6
68
119
152
162
147
110
56
-6
-66
-117
-149
-158
-144
-107
-55
5
65
114
145
154
140
105
54
-5
-63
-111
-141
-151
-137
-102
-52
5
62
108
138
147
133
100
51
-5
-60
-105
-134
-143
-130
-97
-50
5
58
103
131
139
126
94
48
-5
-57
-100
-127
-136
-123
-92
-47
5
55
97
124
132
120
89
46
-5
-54
-94
-121
-128
-116
-87
-44
4
52
92
117
125
113
84
43
-4
-51
-89
-114
-121
-110
-82
-42
4
49
87
111
118
107
80
41
-4
-48
-84
-107
-114
-104
-77
-40
4
46
82
104
111
100
75
38
-4
-45
-79
-101
-107
-97
-73
-37
4
44
77
98
104
94
70
36
-4
-42
-74
-95
-101
-91
-68
-35
3
41
72
92
98
88
66
34
-3
-40
-70
-89
-94
-86
-64
-33
3
38
67
86
91
83
62
32
-3
-37
-65
-83
-88
-80
-60
-30
3
36
63
80
85
77
58
29
-3
-35
-61
-77
-82
-74
-56
-28
3
33
58
74
79
72
54
27
-3
-32
-56
-72
-76
-69
-52
-26
3
31
54
69
73
66
50
25
-3
-30
-52
-66
-71
-64
-48
-24
2
29
50
64
68
61
46
23
-2
-27
-48
-61
-65
-59
-44
-22
2
26
46
59
62
56
42
21
-2
-25
-44
-56
-60
-54
-40
-21
2
24
42
54
57
52
39
20
-2
-23
-40
-52
-55
-50
-37
-19
2
22
39
49
52
47
35
18
-2
-21
-37
-47
-50
-45
-34
-17
2
20
35
45
48
43
32
16
-2
-19
-34
-43
-45
-41
-30
-16
2
18
32
41
43
39
29
15
-1
-17
-30
-38
-41
-37
-27
-14
1
16
29
36
39
35
26
13
-1
-16
-27
-35
-37
-33
-25
-13
1
15
26
33
35
31
23
12
-1
-14
-24
-31
-33
-29
-22
-11
1
13
23
29
31
28
21
11
-1
-12
-21
-27
-29
-26
-19
-10
1
11
20
26
27
24
18
9
-1
-11
-19
-24
-25
-23
-17
-9
1
10
18
22
24
21
16
8
-1
-9
-16
-21
-22
-20
-15
-7
1
9
15
19
20
18
14
7
-1
-8
-14
-18
-19
-17
-13
-6
1
7
13
16
17
16
12
6
-1
-7
-12
-15
-16
-14
-11
-5
1
6
11
14
15
13
10
5
0
-6
-10
-13
-13
-12
-9
-5
0
5
9
12
12
11
8
4
0
-5
-8
-10
-11
-10
-7
-4
0
4
7
9
10
9
7
3
0
-4
-7
-8
-9
-8
-6
-3
0
3
6
7
8
7
5
3
0
-3
-5
-7
-7
-6
-5
-2
0
3
5
6
6
5
4
2
0
-2
-4
-5
-5
-5
-3
-2
0
2
3
4
4
4
3
1
0
-2
-3
-4
-4
-3
-2
-1
0
1
2
3
3
3
2
1
0
-1
-2
-2
-3
-2
-2
-1
0
1
2
2
2
2
1
1
0
-1
-1
-1
-2
-1
-1
0
0
1
1
1
1
1
1
0
0
0
-1
-1
-1
-1
0
0
0
0
0
1
1
0
0
0
0
0
0
0
0
0
0
0
0
0
0
0
0
0
0
0
0
0
0
0
0
0
0
0
0
0
0
0
0
0
0
0
0
0
0
0
0
0
0
0
0
0
0
0
0
0
0
0
0
0
0
0
0
0
0
0
0
0
0
0
0
0
0
0
0
0
0
-1
-1
-1
-1
0
0
0
1
1
1
1
1
0
0
-1
-1
-1
-1
-1
-1
-1
0
1
1
2
2
2
1
1
0
-1
-2
-2
-2
-2
-2
-1
0
1
2
3
3
3
2
1
0
-1
-2
-3
-3
-3
-2
-1
0
2
3
4
4
4
3
2
0
-2
-3
-4
-5
-5
-3
-2
0
2
4
5
6
5
4
2
0
-3
-5
-6
-7
-6
-5
-2
0
3
5
7
7
7
5
3
0
-3
-6
-8
-8
-8
-6
-3
0
4
7
9
9
9
7
3
0
-4
-8
-10
-11
-10
-7
-4
0
5
8
11
12
11
8
4
0
-5
-9
-12
-13
-12
-9
-5
0
6
10
13
14
13
10
5
-1
-6
-11
-14
-16
-14
-11
-6
1
7
12
16
17
16
12
6
-1
-7
-13
-17
-18
-17
-13
-7
1
8
14
18
20
18
14
7
-1
-9
-15
-20
-21
-20
-15
-8
1
9
17
21
23
21
16
8
-1
-10
-18
-23
-25
-23
-17
-9
1
11
19
24
26
24
18
9
-1
-11
-20
-26
-28
-26
-20
-10
1
12
22
28
30
28
21
11
-1
-13
-23
-30
-32
-29
-22
-11
1
14
24
31
34
31
23
12
-1
-15
-26
-33
-36
-33
-25
-13
1
15
27
35
38
35
26
14
-1
-16
-29
-37
-40
-37
-28
-14
1
17
30
39
42
39
29
15
-2
-18
-32
-41
-44
-41
-31
-16
2
19
34
43
47
43
32
17
-2
-20
-35
-46
-49
-45
-34
-17
2
21
37
48
51
47
35
18
-2
-22
-39
-50
-54
-49
-37
-19
2
23
41
52
56
52
39
20
-2
-24
-43
-55
-59
-54
-41
-21
2
25
44
57
61
56
42
22
-2
-26
-46
-60
-64
-59
-44
-23
2
27
48
62
67
61
46
24
-2
-28
-50
-65
-70
-64
-48
-25
2
30
52
67
72
66
50
26
-3
-31
-54
-70
-75
-69
-52
-27
3
32
57
73
78
71
54
28
-3
-33
-59
-75
-81
-74
-56
-29
3
34
61
78
84
77
58
30
-3
-36
-63
-81
-87
-79
-60
-31
3
37
65
84
90
82
62
32
-3
-38
-68
-87
-93
-85
-64
-33
3
39
70
90
96
88
66
34
-3
-41
-72
-93
-100
-91
-69
-35
4
42
75
96
103
94
71
36
-4
-44
-77
-99
-106
-97
-73
-38
4
45
79
102
109
100
75
39
-4
-46
-82
-105
-113
-103
-78
-40
4
48
84
109
116
106
80
41
-4
-49
-87
-112
-120
-109
-82
-42
4
51
90
115
123
113
85
44
-4
-52
-92
-118
-127
-116
-87
-45
5
54
95
122
131
119
90
46
-5
-55
-97
-125
-134
-123
-92
-47
5
57
100
129
138
126
95
49
-5
-58
-103
-132
-142
-129
-97
-50
5
60
106
136
145
133
100
51
-5
-61
-108
-139
-149
-136
-102
-53
5
63
111
143
153
140
105
54
-5
-64
-114
-146
-157
-143
-108
-55
6
66
117
150
161
147
110
57
-6
-68
-120
-154
-165
-150
-113
-58
6
69
123
158
169
154
116
60
-6
-71
-126
-161
-173
-158
-119
-61
6
73
129
165
177
161
121
62
-6
-74
-132
-169
-181
-165
-124
-64
6
76
135
173
185
169
127
65
-7
-78
-138
-177
-189
-173
-130
-67
7
80
141
181
193
176
133
68
-7
-81
-144
-185
-198
-180
-136
-70
7
83
147
188
202
184
138
71
-7
-85
-150
-192
-206
-188
-141
-73
7
87
153
197
210
192
144
74
-7
-88
-156
-201
-215
-196
-147
-76
8
90
159
205
219
200
150
77
-8
-92
-163
-209
-224
-204
-153
-79
8
94
166
213
228
208
156
80
-8
-96
-169
-217
-232
-212
-159
-82
8
98
172
221
237
216
162
83
-8
-99
-176
-225
-241
-220
-166
-85
9
101
179
230
246
224
169
87
-9
-103
-182
-234
-250
-228
-172
-88
9
105
186
238
255
233
175
90
-9
-107
-189
-242
-260
-237
-178
-91
9
109
192
247
264
241
181
93
-9
-111
-196
-251
-269
-245
-184
-95
9
113
199
255
273
249
187
96
-10
-115
-203
-260
-278
-254
-191
-98
10
117
206
264
283
258
194
100
-10
-119
-209
-269
-288
-262
-197
-101
10
121
213
273
292
266
200
103
-10
-123
-216
-277
-297
-271
-204
-105
10
124
220
282
302
275
207
106
-11
-126
-223
-286
-306
-279
-210
-108
11
128
227
291
311
284
213
110
-11
-130
-230
-295
-316
-288
-217
-111
11
132
234
300
321
293
220
113
-11
-134
-237
-304
-326
-297
-223
-115
11
136
241
309
331
301
226
116
-12
-138
-244
-313
-335
-306
-230
-118
12
140
248
318
340
310
233
120
-12
-142
-251
-323
-345
-315
-236
-121
12
144
255
327
350
319
240
123
-12
-146
-259
-332
-355
-323
-243
-125
13
149
262
336
360
328
246
127
-13
-151
-266
-341
-365
-332
-250
-128
13
153
269
345
369
337
253
130
-13
-155
-273
-350
-374
-341
-256
-132
13
157
276
355
379
346
260
133
-13
-159
-280
-359
-384
-350
-263
-135
14
161
284
364
389
355
266
137
-14
-163
-287
-368
-394
-359
-270
-139
14
165
291
373
399
364
273
140
-14
-167
-294
-377
-404
-368
-276
-142
14
169
298
382
409
373
280
144
-14
-171
-302
-387
-414
-377
-283
-145
15
173
305
391
419
381
286
147
-15
-175
-309
-396
-423
-386
-290
-149
15
177
312
400
428
390
293
151
-15
-179
-316
-405
-433
-395
-297
-152
15
181
319
410
438
399
300
154
-15
-183
-323
-414
-443
-404
-303
-156
16
185
327
419
448
408
307
157
-16
-187
-330
-423
-453
-413
-310
-159
16
189
334
428
458
417
313
161
-16
-191
-337
-432
-462
-421
-316
-163
16
193
341
437
467
426
320
164
-16
-195
-344
-441
-472
-430
-323
-166
17
197
348
446
477
435
326
168
-17
-199
-351
-451
-482
-439
-330
-169
17
201
355
455
487
443
333
171
-17
-203
-358
-460
-491
-448
-336
-173
17
205
362
464
496
452
339
174
-17
-207
-365
-468
-501
-456
-343
-176
18
209
369
473
506
461
346
178
-18
-211
-372
-477
-510
-465
-349
-179
18
213
376
482
515
469
352
181
-18
-215
-379
-486
-520
-474
-356
-183
18
217
383
490
524
478
359
184
-18
-219
-386
-495
-529
-482
-362
-186
19
221
389
499
534
486
365
187
-19
-223
-393
-504
-538
-490
-368
-189
19
225
396
508
543
495
371
191
-19
-227
-400
-512
-548
-499
-374
-192
19
228
403
516
552
503
378
194
-19
-230
-406
-521
-557
-507
-381
-195
20
232
410
525
561
511
384
197
-20
-234
-413
-529
-566
-515
-387
-199
20
236
416
533
570
519
390
200
-20
-238
-419
-537
-575
-523
-393
-202
20
240
423
541
579
527
396
203
-20
-241
-426
-546
-583
-531
-399
-205
20
243
429
550
588
535
402
206
-21
-245
-432
-554
-592
-539
-405
-208
21
247
435
558
596
543
408
209
-21
-249
-438
-562
-601
-547
-411
-211
21
250
441
566
605
551
413
212
-21
-252
-445
-570
-609
-555
-416
-214
21
254
448
574
613
558
419
215
-22
-256
-451
-577
-617
-562
-422
-217
22
257
454
581
621
566
425
218
-22
-259
-457
-585
-625
-570
-428
-219
22
261
460
589
629
573
430
221
-22
-262
-462
-593
-633
-577
-433
-222
22
264
465
596
637
581
436
224
-22
-266
-468
-600
-641
-584
-438
-225
23
267
471
604
645
588
441
226
-23
-269
-474
-607
-649
-591
-444
-228
23
270
477
611
653
595
446
229
-23
-272
-480
-614
-657
-598
-449
-230
23
274
482
618
660
601
451
232
-23
-275
-485
-621
-664
-605
-454
-233
23
277
488
625
668
608
456
234
-23
-278
-490
-628
-671
-611
-459
-235
24
280
493
632
675
615
461
237
-24
-281
-496
-635
-679
-618
-464
-238
24
283
498
638
682
621
466
239
-24
-284
-501
-641
-686
-624
-468
-240
24
285
503
645
689
627
471
242
-24
-287
-506
-648
-692
-630
-473
-243
24
288
508
651
696
633
475
244
-24
-290
-511
-654
-699
-636
-478
-245
25
291
513
657
702
639
480
246
-25
-292
-515
-660
-705
-642
-482
-247
25
294
518
663
709
645
484
248
-25
-295
-520
-666
-712
-648
-486
-249
25
296
522
669
715
651
488
251
-25
-297
-524
-672
-718
-653
-490
-252
25
299
526
674
721
656
492
253
-25
-300
-529
-677
-724
-659
-494
-254
25
301
531
680
726
661
496
255
-25
-302
-533
-682
-729
-664
-498
-256
26
303
535
685
732
666
500
257
-26
-304
-537
-688
-735
-669
-502
-258
26
306
539
690
737
671
504
258
-26
-307
-541
-693
-740
-674
-505
-259
26
308
543
695
743
676
507
260
-26
-309
-544
-697
-745
-678
-509
-261
26
310
546
700
748
681
511
262
-26
-311
-548
-702
-750
-683
-512
-263
26
312
550
704
752
685
514
264
-26
-313
-551
-706
-755
-687
-515
-264
26
314
553
708
757
689
517
265
-27
-315
-555
-710
-759
-691
-518
-266
27
316
556
712
761
693
520
267
-27
-316
-558
-714
-763
-695
-521
-267
27
317
559
716
765
697
523
268
-27
-318
-561
-718
-767
-698
-524
-269
27
319
562
720
769
700
525
269
-27
-320
-563
-722
-771
-702
-527
-270
27
320
565
723
773
703
528
271
-27
-321
-566
-725
-775
-705
-529
-271
27
322
567
727
776
707
530
272
-27
-323
-569
-728
-778
-708
-531
-272
27
323
570
730
779
710
532
273
-27
-324
-571
-731
-781
-711
-533
-274
27
325
572
732
782
712
534
274
-27
-325
-573
-734
-784
-713
-535
-275
27
326
574
735
785
715
536
275
-28
-326
-575
-736
-787
-716
-537
-275
28
327
576
737
788
717
538
276
-28
-327
-577
-739
-789
-718
-539
-276
28
328
578
740
790
719
539
277
-28
-328
-578
-741
-791
-720
-540
-277
28
329
579
742
792
721
541
277
-28
-329
-580
-742
-793
-722
-541
-278
28
329
580
743
794
723
542
278
-28
-330
-581
-744
-795
-723
-543
-278
28
330
582
745
796
724
543
279
-28
-330
-582
-745
-796
-725
-544
-279
28
331
583
746
797
725
544
279
-28
-331
-583
-747
-797
-726
-544
-279
28
331
583
747
798
726
545
279
-28
-331
-584
-747
-798
-727
-545
-280
28
331
584
748
799
727
545
280
-28
-332
-584
-748
-799
-727
-545
-280
28
332
585
748
799
728
546
280
-28
-332
-585
-749
-800
-728
-546
-280
28
332
585
749
800
728
546
280
-28
-332
-585
-749
-800
-728
-546
-280
28
332
585
749
800
728
546
280
-28
-332
-585
-749
-800
-728
-546
-280
28
332
585
749
800
728
546
280
-28
-332
-585
-749
-800
-728
-546
-280
28
332
585
749
800
728
546
280
-28
-332
-585
-748
-799
-727
-545
-280
28
332
584
748
799
727
545
280
-28
-331
-584
-748
-799
-727
-545
-279
28
331
584
747
798
726
545
279
-28
-331
-583
-747
-798
-726
-544
-279
28
331
583
746
797
725
544
279
-28
-331
-583
-746
-796
-725
-543
-279
28
330
582
745
796
724
543
278
-28
-330
-582
-744
-795
-723
-542
-278
28
330
581
744
794
723
542
278
-28
-329
-580
-743
-793
-722
-541
-278
28
329
580
742
792
721
541
277
-28
-329
-579
-741
-791
-720
-540
-277
28
328
578
740
790
719
539
277
-28
-328
-577
-739
-789
-718
-539
-276
28
327
577
738
788
717
538
276
-28
-327
-576
-737
-787
-716
-537
-275
28
326
575
736
786
715
536
275
-27
-326
-574
-735
-784
-714
-535
-274
27
325
573
733
783
712
534
274
-27
-325
-572
-732
-782
-711
-533
-273
27
324
571
731
780
710
532
273
-27
-323
-570
-729
-779
-708
-531
-272
27
323
568
728
777
707
530
272
-27
-322
-567
-726
-775
-705
-529
-271
27
321
566
724
773
704
528
270
-27
-321
-565
-723
-772
-702
-526
-270
27
320
563
721
770
700
525
269
-27
-319
-562
-719
-768
-699
-524
-269
27
318
561
717
766
697
522
268
-27
-317
-559
-716
-764
-695
-521
-267
27
317
558
714
762
693
520
266
-27
-316
-556
-712
-760
-691
-518
-266
27
315
554
710
758
689
517
265
-26
-314
-553
-708
-755
-687
-515
-264
26
313
551
705
753
685
514
263
-26
-312
-549
-703
-751
-683
-512
-262
26
311
548
701
748
681
510
262
-26
-310
-546
-699
-746
-679
-509
-261
26
309
544
696
744
676
507
260
-26
-308
-542
-694
-741
-674
-505
-259
26
307
540
692
738
672
503
258
-26
-306
-538
-689
-736
-669
-502
-257
26
305
537
687
733
667
500
256
-26
-303
-535
-684
-730
-664
-498
-255
26
302
532
681
728
662
496
254
-25
-301
-530
-679
-725
-659
-494
-253
25
300
528
676
722
656
492
252
-25
-299
-526
-673
-719
-654
-490
-251
25
298
524
671
716
651
488
250
-25
-296
-522
-668
-713
-648
-486
-249
25
295
520
665
710
645
484
248
-25
-294
-517
-662
-707
-643
-482
-247
25
292
515
659
703
640
480
246
-25
-291
-513
-656
-700
-637
-477
-245
24
290
510
653
697
634
475
243
-24
-288
-508
-650
-694
-631
-473
-242
24
287
505
647
690
628
471
241
-24
-286
-503
-643
-687
-625
-468
-240
24
284
500
640
683
622
466
239
-24
-283
-498
-637
-680
-618
-463
-238
24
281
495
634
676
615
461
236
-24
-280
-493
-630
-673
-612
-459
-235
23
278
490
627
669
609
456
234
-23
-277
-487
-624
-666
-605
-454
-232
23
275
485
620
662
602
451
231
-23
-274
-482
-617
-658
-598
-449
-230
23
272
479
613
654
595
446
229
-23
-271
-476
-610
-651
-592
-443
-227
23
269
474
606
647
588
441
226
-23
-267
-471
-602
-643
-585
-438
-224
22
266
468
599
639
581
435
223
-22
-264
-465
-595
-635
-577
-433
-222
22
262
462
591
631
574
430
220
-22
-261
-459
-587
-627
-570
-427
-219
22
259
456
584
623
566
424
217
-22
-257
-453
-580
-619
-563
-422
-216
22
256
450
576
615
559
419
215
-21
-254
-447
-572
-611
-555
-416
-213
21
252
444
568
606
551
413
212
-21
-251
-441
-564
-602
-547
-410
-210
21
249
438
560
598
544
407
209
-21
-247
-435
-556
-594
-540
-404
-207
21
245
432
552
589
536
401
206
-21
-243
-429
-548
-585
-532
-398
-204
20
242
425
544
581
528
395
203
-20
-240
-422
-540
-576
-524
-392
-201
20
238
419
536
572
520
389
200
-20
-236
-416
-532
-567
-516
-386
-198
20
234
412
527
563
512
383
196
-20
-232
-409
-523
-558
-508
-380
-195
19
231
406
519
554
503
377
193
-19
-229
-402
-515
-549
-499
-374
-192
19
227
399
511
545
495
371
190
-19
-225
-396
-506
-540
-491
-368
-188
19
223
392
502
535
487
365
187
-19
-221
-389
-498
-531
-483
-362
-185
18
219
386
493
526
478
358
184
-18
-217
-382
-489
-522
-474
-355
-182
18
215
379
484
517
470
352
180
-18
-213
-375
-480
-512
-466
-349
-179
18
211
372
476
507
461
346
177
-18
-209
-368
-471
-503
-457
-342
-175
18
207
365
467
498
453
339
174
-17
-205
-362
-462
-493
-448
-336
-172
17
203
358
458
488
444
333
170
-17
-201
-355
-453
-484
-440
-329
-169
17
199
351
449
479
435
326
167
-17
-197
-347
-444
-474
-431
-323
-165
17
195
344
440
469
426
319
164
-16
-193
-340
-435
-464
-422
-316
-162
16
191
337
431
459
418
313
160
-16
-189
-333
-426
-455
-413
-309
-158
16
187
330
422
450
409
306
157
-16
-185
-326
-417
-445
-404
-303
-155
15
183
323
412
440
400
299
153
-15
-181
-319
-408
-435
-395
-296
-152
15
179
315
403
430
391
293
150
-15
-177
-312
-399
-425
-386
-289
-148
15
175
308
394
420
382
286
146
-15
-173
-305
-390
-415
-378
-283
-145
14
171
301
385
411
373
279
143
-14
-169
-298
-380
-406
-369
-276
-141
14
167
294
376
401
364
273
140
-14
-165
-290
-371
-396
-360
-269
-138
14
163
287
367
391
355
266
136
-14
-161
-283
-362
-386
-351
-263
-134
13
159
280
357
381
346
259
133
-13
-157
-276
-353
-376
-342
-256
-131
13
155
272
348
371
337
253
129
-13
-153
-269
-344
-366
-333
-249
-128
13
151
265
339
362
328
246
126
-13
-149
-262
-334
-357
-324
-243
-124
12
147
258
330
352
320
239
122
-12
-145
-255
-325
-347
-315
-236
-121
12
143
251
321
342
311
233
119
-12
-141
-247
-316
-337
-306
-229
-117
12
139
244
312
332
302
226
116
-12
-137
-240
-307
-328
-297
-223
-114
11
135
237
303
323
293
219
112
-11
-133
-233
-298
-318
-289
-216
-111
11
131
230
294
313
284
213
109
-11
-129
-226
-289
-308
-280
-210
-107
11
127
223
285
304
276
206
106
-11
-125
-219
-280
-299
-271
-203
-104
10
123
216
276
294
267
200
102
-10
-121
-212
-271
-289
-263
-197
-101
10
119
209
267
285
258
193
99
-10
-117
-206
-263
-280
-254
-190
-97
10
115
202
258
275
250
187
96
-10
-113
-199
-254
-271
-246
-184
-94
9
111
195
250
266
241
181
92
-9
-109
-192
-245
-261
-237
-178
-91
9
107
189
241
257
233
174
89
-9
-105
-185
-237
-252
-229
-171
-88
9
103
182
232
248
225
168
86
-9
-102
-179
-228
-243
-221
-165
-84
8
100
175
224
239
217
162
83
-8
-98
-172
-220
-234
-213
-159
-81
8
96
169
216
230
208
156
80
-8
-94
-165
-211
-225
-204
-153
-78
8
92
162
207
221
200
150
77
-8
-90
-159
-203
-216
-196
-147
-75
7
89
156
199
212
192
144
74
-7
-87
-153
-195
-208
-189
-141
-72
7
85
150
191
203
185
138
71
-7
-83
-146
-187
-199
-181
-135
-69
7
82
143
183
195
177
132
68
-7
-80
-140
-179
-191
-173
-129
-66
7
78
137
175
187
169
127
65
-6
-76
-134
-171
-182
-166
-124
-63
6
75
131
167
178
162
121
62
-6
-73
-128
-164
-174
-158
-118
-60
6
71
125
160
170
154
116
59
-6
-70
-122
-156
-166
-151
-113
-58
6
68
119
152
162
147
110
56
-6
-66
-117
-149
-158
-144
-107
-55
5
65
114
145
154
140
105
54
-5
-63
-111
-141
-151
-137
-102
-52
5
62
108
138
147
133
100
51
-5
-60
-105
-134
-143
-130
-97
-50
5
58
103
131
139
126
94
48
-5
-57
-100
-127
-136
-123
-92
-47
5
55
97
124
132
120
89
46
-5
-54
-94
-121
-128
-116
-87
-44
4
52
92
117
125
113
84
43
-4
-51
-89
-114
-121
-110
-82
-42
4
49
87
111
118
107
80
41
-4
-48
-84
-107
-114
-104
-77
-40
4
46
82
104
111
100
75
38
-4
-45
-79
-101
-107
-97
-73
-37
4
44
77
98
104
94
70
36
-4
-42
-74
-95
-101
-91
-68
-35
3
41
72
92
98
88
66
34
-3
-40
-70
-89
-94
-86
-64
-33
3
38
67
86
91
83
62
32
-3
-37
-65
-83
-88
-80
-60
-30
3
36
63
80
85
77
58
29
-3
-35
-61
-77
-82
-74
-56
-28
3
33
58
74
79
72
54
27
-3
-32
-56
-72
-76
-69
-52
-26
3
31
54
69
73
66
50
25
-3
-30
-52
-66
-71
-64
-48
-24
2
29
50
64
68
61
46
23
-2
-27
-48
-61
-65
-59
-44
-22
2
26
46
59
62
56
42
21
-2
-25
-44
-56
-60
-54
-40
-21
2
24
42
54
57
52
39
20
-2
-23
-40
-52
-55
-50
-37
-19
2
22
39
49
52
47
35
18
-2
-21
-37
-47
-50
-45
-34
-17
2
20
35
45
48
43
32
16
-2
-19
-34
-43
-45
-41
-30
-16
2
18
32
41
43
39
29
15
-1
-17
-30
-38
-41
-37
-27
-14
1
16
29
36
39
35
26
13
-1
-16
-27
-35
-37
-33
-25
-13
1
15
26
33
35
31
23
12
-1
-14
-24
-31
-33
-29
-22
-11
1
13
23
29
31
28
21
11
-1
-12
-21
-27
-29
-26
-19
-10
1
11
20
26
27
24
18
9
-1
-11
-19
-24
-25
-23
-17
-9
1
10
18
22
24
21
16
8
-1
-9
-16
-21
-22
-20
-15
-7
1
9
15
19
20
18
14
7
-1
-8
-14
-18
-19
-17
-13
-6
1
7
13
16
17
16
12
6
-1
-7
-12
-15
-16
-14
-11
-5
1
6
11
14
15
13
10
5
0
-6
-10
-13
-13
-12
-9
-5
0
5
9
12
12
11
8
4
0
-5
-8
-10
-11
-10
-7
-4
0
4
7
9
10
9
7
3
0
-4
-7
-8
-9
-8
-6
-3
0
3
6
7
8
7
5
3
0
-3
-5
-7
-7
-6
-5
-2
0
3
5
6
6
5
4
2
0
-2
-4
-5
-5
-5
-3
-2
0
2
3
4
4
4
3
1
0
-2
-3
-4
-4
-3
-2
-1
0
1
2
3
3
3
2
1
0
-1
-2
-2
-3
-2
-2
-1
0
1
2
2
2
2
1
1
0
-1
-1
-1
-2
-1
-1
0
0
1
1
1
1
1
1
0
0
0
-1
-1
-1
-1
0
0
0
0
0
1
1
0
0
0
0
0
0
0
0
0
0
0
0
0
0
0
0
0
0
0
0
0
0
0
0
0
0
0
0
0
0
0
0
0
0
0
0
0
0
0
0
0
0
0
0
0
0
0
0
0
0
0
0
0
0
0
0
0
0
0
0
1
0
0
0
-1
-1
0
0
-1
-1
0
0
-1
-1
0
1
2
2
1
1
1
0
0
-1
-1
0
0
-1
-2
-3
-2
-1
0
0
2
3
3
2
1
0
2
2
1
0
-1
-1
-3
-5
-6
-4
-1
1
1
1
1
2
3
3
2
4
6
6
2
-3
-5
-5
-4
-5
-5
-3
-1
0
-2
-4
-1
4
8
9
7
7
6
3
-2
-7
-6
-2
-1
-4
-8
-10
-7
-5
-4
-1
5
12
15
10
4
2
4
5
2
-1
-2
-2
-5
-14
-19
-17
-7
1
4
4
6
10
10
6
4
8
15
16
8
-4
-12
-13
-14
-18
-18
-10
0
4
-1
-7
-3
7
16
18
17
19
19
12
-4
-17
-18
-10
-5
-9
-15
-16
-12
-10
-12
-9
5
25
34
28
15
8
8
7
-1
-8
-6
-1
-5
-22
-37
-36
-20
-5
3
7
17
27
27
14
4
8
22
28
16
-2
-15
-20
-27
-39
-42
-27
-3
11
6
-4
-2
12
24
25
26
34
41
31
2
-28
-37
-28
-19
-21
-26
-22
-11
-10
-19
-21
-1
34
56
52
36
25
21
10
-10
-24
-18
-3
-3
-26
-52
-56
-38
-18
-7
5
29
54
57
34
9
7
25
34
22
0
-13
-19
-36
-63
-77
-57
-15
15
16
7
10
26
34
28
26
44
65
59
18
-31
-54
-50
-44
-48
-49
-30
-5
0
-19
-33
-11
36
72
76
62
54
49
24
-19
-51
-45
-17
-6
-29
-61
-69
-52
-35
-28
-10
34
84
100
69
27
13
26
32
15
-7
-12
-11
-34
-82
-117
-99
-43
6
21
22
35
56
58
34
20
43
82
88
41
-23
-61
-69
-75
-91
-91
-53
0
20
-5
-32
-17
35
79
89
83
89
92
57
-17
-79
-84
-48
-24
-40
-69
-73
-53
-43
-51
-38
24
106
145
118
64
35
36
27
-5
-32
-23
-3
-21
-88
-147
-143
-81
-19
10
29
66
105
103
55
15
32
84
105
62
-8
-54
-72
-100
-141
-152
-98
-9
39
22
-14
-6
43
83
88
89
116
141
107
6
-94
-125
-93
-63
-72
-88
-72
-37
-33
-63
-70
-2
110
180
168
115
81
68
33
-33
-77
-58
-9
-9
-81
-161
-173
-118
-57
-23
15
89
164
172
101
27
22
73
101
64
0
-37
-56
-104
-184
-224
-166
-44
42
47
20
29
74
97
80
74
122
182
165
49
-86
-150
-138
-120
-132
-134
-83
-13
1
-51
-88
-30
97
192
201
164
143
128
64
-50
-133
-118
-44
-14
-75
-159
-179
-135
-90
-71
-26
86
214
253
175
68
32
64
81
38
-17
-29
-27
-84
-204
-287
-244
-105
15
52
53
85
137
139
83
48
102
196
210
99
-56
-146
-163
-177
-214
-214
-124
0
47
-11
-75
-40
82
184
206
193
205
211
130
-38
-180
-193
-109
-54
-90
-157
-164
-120
-98
-114
-86
53
236
324
263
141
78
79
60
-12
-70
-51
-6
-47
-192
-322
-311
-177
-42
22
62
143
227
222
118
32
68
179
223
131
-18
-114
-153
-211
-298
-321
-205
-20
83
45
-29
-13
89
172
183
184
240
292
221
13
-194
-256
-191
-130
-147
-180
-147
-76
-66
-128
-141
-3
222
363
338
230
162
136
65
-66
-154
-115
-18
-18
-161
-319
-342
-233
-112
-45
29
174
322
337
199
52
43
143
197
124
-1
-72
-108
-202
-356
-433
-319
-85
81
90
38
56
141
184
152
141
232
345
313
93
-163
-283
-261
-227
-248
-251
-156
-24
2
-96
-164
-56
181
358
374
305
266
238
119
-92
-246
-218
-80
-27
-138
-291
-329
-246
-164
-129
-48
158
390
460
318
124
58
116
146
68
-31
-53
-48
-150
-366
-516
-438
-188
27
94
94
152
244
248
147
85
182
348
372
174
-98
-257
-288
-312
-377
-375
-218
0
83
-19
-132
-70
143
320
358
335
355
365
225
-66
-311
-333
-188
-92
-156
-270
-282
-206
-168
-196
-147
90
404
554
448
241
133
134
102
-20
-118
-86
-10
-79
-325
-543
-525
-298
-70
37
104
239
381
372
197
54
113
299
373
219
-30
-190
-255
-350
-495
-533
-340
-33
137
75
-48
-22
146
283
301
303
395
480
363
21
-317
-419
-312
-212
-240
-294
-239
-123
-107
-209
-230
-5
359
588
546
373
262
219
105
-106
-248
-186
-29
-29
-258
-511
-549
-373
-179
-72
47
278
513
537
316
83
68
227
313
197
-1
-115
-171
-319
-563
-684
-503
-134
128
142
60
88
221
289
239
221
363
540
489
145
-255
-441
-407
-353
-387
-391
-242
-38
4
-148
-254
-86
280
554
578
472
410
367
183
-142
-379
-336
-124
-41
-211
-447
-504
-377
-252
-198
-73
241
595
701
485
189
89
176
222
104
-47
-80
-73
-228
-553
-780
-662
-284
41
141
142
228
367
373
221
128
273
522
558
261
-147
-385
-431
-467
-563
-561
-325
0
123
-28
-196
-104
212
476
531
497
527
541
333
-97
-460
-492
-278
-136
-230
-398
-416
-303
-247
-288
-216
133
593
813
657
353
195
196
149
-30
-173
-125
-14
-115
-473
-791
-764
-433
-102
54
152
347
553
539
286
78
163
433
539
316
-43
-274
-368
-505
-714
-768
-490
-47
196
108
-69
-31
210
406
431
434
565
686
519
30
-453
-599
-445
-302
-342
-419
-340
-175
-153
-296
-326
-8
510
833
774
528
370
310
149
-150
-351
-262
-41
-41
-364
-720
-772
-525
-252
-101
65
390
720
753
443
116
95
317
438
275
-2
-160
-238
-446
-785
-953
-702
-187
178
198
83
122
307
401
331
307
504
749
678
201
-352
-610
-562
-488
-534
-540
-334
-52
5
-204
-349
-119
385
761
794
648
562
503
251
-194
-519
-460
-169
-56
-288
-610
-688
-515
-343
-270
-99
328
810
955
660
257
121
240
301
141
-63
-108
-98
-309
-749
-1056
-896
-384
56
191
191
308
495
503
298
172
367
703
751
351
-198
-518
-579
-627
-756
-752
-436
1
165
-38
-263
-139
284
636
710
664
703
722
445
-129
-612
-655
-370
-182
-306
-530
-553
-402
-328
-382
-286
176
786
1077
870
467
258
259
197
-39
-229
-165
-19
-152
-624
-1042
-1006
-571
-135
71
200
457
726
708
376
102
214
568
706
414
-56
-359
-481
-660
-933
-1003
-640
-61
256
141
-89
-41
274
528
561
565
735
893
674
39
-588
-777
-577
-391
-443
-543
-440
-227
-198
-383
-422
-10
659
1077
1000
681
478
399
192
-193
-452
-337
-53
-52
-468
-926
-993
-674
-323
-129
84
500
924
965
568
149
122
406
560
352
-2
-205
-305
-569
-1002
-1216
-895
-239
226
252
106
155
390
511
421
390
640
951
860
255
-447
-773
-713
-618
-676
-683
-422
-65
6
-258
-441
-150
486
961
1002
817
709
634
316
-245
-653
-578
-213
-70
-363
-767
-864
-647
-431
-339
-124
411
1016
1196
826
322
151
300
376
176
-79
-135
-123
-385
-935
-1317
-1118
-479
70
238
238
384
616
626
370
214
456
873
932
436
-246
-642
-718
-777
-936
-931
-539
1
204
-47
-325
-172
351
786
877
820
868
891
548
-160
-755
-807
-456
-224
-376
-651
-680
-494
-403
-469
-352
216
964
1321
1067
573
316
317
241
-48
-280
-203
-23
-186
-763
-1274
-1229
-697
-164
86
243
557
886
862
457
124
261
691
859
504
-69
-436
-585
-802
-1133
-1217
-776
-74
311
170
-108
-50
331
639
679
684
889
1079
815
47
-710
-938
-696
-472
-535
-654
-531
-273
-238
-462
-508
-12
793
1295
1202
819
574
480
230
-231
-542
-405
-64
-63
-561
-1110
-1189
-808
-387
-155
100
598
1104
1154
679
178
146
485
668
420
-2
-244
-363
-678
-1193
-1447
-1065
-284
269
300
126
184
464
606
500
463
760
1128
1020
303
-530
-916
-844
-732
-800
-808
-500
-77
7
-305
-521
-177
574
1134
1183
964
836
747
373
-289
-770
-681
-250
-82
-427
-902
-1016
-761
-506
-398
-146
483
1192
1404
969
377
177
351
441
207
-93
-158
-144
-451
-1094
-1540
-1306
-560
81
278
278
448
719
730
432
249
532
1017
1086
508
-286
-747
-835
-903
-1089
-1082
-627
1
237
-55
-377
-199
407
911
1016
950
1005
1032
635
-185
-873
-934
-527
-258
-435
-753
-786
-571
-465
-542
-406
249
1112
1523
1229
660
364
365
277
-56
-322
-233
-26
-214
-877
-1463
-1412
-800
-189
99
279
639
1015
988
524
142
299
791
983
576
-78
-499
-668
-917
-1295
-1391
-886
-85
355
194
-124
-56
378
729
773
779
1012
1229
928
53
-808
-1067
-792
-537
-608
-743
-603
-310
-270
-524
-576
-14
899
1468
1363
928
650
543
261
-262
-613
-458
-72
-71
-634
-1254
-1343
-912
-437
-175
113
675
1245
1301
765
201
164
546
752
473
-3
-275
-408
-762
-1341
-1627
-1196
-319
302
337
141
207
520
680
560
519
851
1263
1142
339
-593
-1025
-944
-818
-895
-904
-558
-86
8
-340
-582
-197
640
1265
1319
1074
932
832
415
-321
-857
-758
-279
-92
-475
-1003
-1130
-845
-562
-442
-162
536
1323
1557
1075
418
197
389
488
229
-103
-175
-159
-499
-1210
-1703
-1444
-619
90
307
307
495
794
805
476
275
586
1121
1196
560
-315
-823
-919
-994
-1198
-1191
-689
1
261
-60
-414
-219
447
1001
1115
1042
1103
1132
696
-202
-957
-1024
-577
-283
-476
-824
-860
-624
-509
-592
-444
272
1215
1664
1343
721
398
399
303
-61
-351
-254
-29
-233
-955
-1594
-1537
-871
-205
108
304
695
1104
1074
570
155
325
859
1067
626
-85
-541
-725
-994
-1403
-1507
-960
-92
384
210
-134
-61
409
788
836
842
1094
1327
1002
57
-872
-1152
-854
-579
-655
-801
-650
-334
-291
-564
-620
-15
968
1579
1466
998
699
584
280
-281
-659
-492
-77
-76
-681
-1345
-1440
-978
-468
-187
121
723
1334
1393
819
215
176
584
805
505
-3
-294
-436
-814
-1432
-1736
-1277
-340
322
359
150
220
554
724
596
552
906
1344
1216
361
-631
-1090
-1004
-870
-951
-960
-593
-92
9
-361
-617
-209
678
1341
1398
1138
987
882
440
-340
-907
-802
-295
-97
-502
-1060
-1194
-893
-594
-466
-171
566
1396
1643
1134
441
207
410
515
241
-108
-185
-168
-525
-1273
-1792
-1519
-650
94
323
323
520
833
846
500
288
615
1176
1255
587
-330
-862
-963
-1041
-1254
-1247
-721
1
273
-63
-433
-229
467
1046
1165
1089
1151
1181
726
-211
-998
-1067
-602
-295
-496
-858
-895
-650
-529
-616
-462
283
1264
1730
1396
749
413
414
314
-63
-364
-263
-30
-242
-990
-1652
-1593
-903
-213
112
315
719
1143
1112
589
160
336
888
1103
646
-88
-559
-748
-1026
-1448
-1555
-990
-95
396
217
-138
-63
421
812
861
867
1126
1366
1031
59
-897
-1184
-878
-595
-673
-823
-667
-343
-299
-579
-636
-15
992
1619
1502
1022
716
598
287
-288
-674
-503
-79
-78
-696
-1375
-1472
-999
-478
-191
124
738
1361
1421
835
219
179
595
820
515
-3
-299
-444
-829
-1457
-1766
-1298
-346
328
365
153
224
563
735
606
561
919
1364
1233
366
-639
-1105
-1017
-881
-963
-972
-600
-93
9
-365
-624
-212
686
1356
1412
1150
997
890
444
-343
-915
-809
-297
-98
-506
-1068
-1203
-899
-598
-470
-172
569
1404
1652
1140
443
208
412
517
242
-109
-185
-168
-527
-1277
-1797
-1523
-652
95
323
323
520
835
846
500
288
615
1176
1254
586
-330
-862
-962
-1040
-1253
-1244
-720
1
272
-63
-432
-228
465
1042
1161
1084
1146
1176
723
-210
-993
-1061
-598
-293
-493
-853
-889
-646
-526
-612
-458
281
1254
1715
1384
743
409
410
311
-62
-361
-261
-30
-239
-979
-1634
-1575
-892
-210
110
311
710
1128
1097
582
158
331
876
1087
637
-87
-550
-737
-1011
-1425
-1530
-974
-93
389
213
-136
-62
413
797
845
851
1105
1340
1011
58
-880
-1161
-861
-583
-659
-806
-653
-336
-293
-567
-622
-15
970
1583
1468
999
700
584
280
-281
-658
-491
-77
-76
-679
-1340
-1435
-973
-466
-186
121
718
1324
1382
812
213
174
578
797
500
-3
-290
-431
-804
-1414
-1714
-1259
-335
318
354
148
217
545
712
586
543
890
1319
1192
354
-618
-1068
-983
-851
-930
-938
-579
-90
9
-353
-602
-204
661
1306
1361
1108
960
857
427
-330
-880
-778
-286
-94
-486
-1026
-1156
-864
-575
-451
-166
546
1347
1585
1093
425
200
395
495
232
-104
-177
-161
-504
-1222
-1719
-1456
-623
90
309
309
497
797
808
477
275
587
1122
1196
559
-314
-821
-916
-991
-1193
-1185
-685
1
259
-59
-410
-217
442
990
1102
1029
1088
1116
686
-199
-942
-1006
-567
-278
-467
-808
-842
-611
-498
-579
-434
266
1185
1622
1308
702
387
387
294
-59
-340
-246
-28
-225
-924
-1540
-1485
-841
-198
104
293
668
1061
1032
547
148
311
823
1022
598
-81
-517
-692
-948
-1337
-1436
-914
-88
365
200
-127
-58
387
746
791
796
1034
1253
946
54
-822
-1084
-804
-544
-616
-752
-609
-313
-273
-528
-580
-14
904
1474
1367
930
651
544
261
-262
-612
-456
-72
-71
-630
-1245
-1332
-904
-432
-173
112
666
1228
1281
753
197
161
535
738
463
-3
-269
-399
-744
-1307
-1584
-1164
-310
293
326
137
200
503
657
541
500
820
1216
1098
326
-569
-983
-904
-783
-855
-863
-533
-82
8
-324
-553
-187
607
1199
1248
1016
880
786
392
-303
-806
-713
-262
-86
-445
-939
-1057
-790
-525
-412
-151
499
1230
1447
998
388
182
360
452
211
-95
-162
-147
-459
-1112
-1564
-1325
-567
82
281
281
452
724
734
433
250
533
1018
1085
507
-285
-744
-830
-897
-1080
-1072
-620
1
234
-54
-371
-196
400
894
996
930
983
1007
619
-180
-849
-907
-511
-250
-421
-727
-758
-550
-448
-521
-390
239
1066
1457
1175
630
347
348
264
-53
-305
-221
-25
-202
-828
-1380
-1330
-753
-177
93
262
598
949
923
489
132
278
735
912
534
-73
-461
-617
-846
-1192
-1279
-814
-78
325
178
-113
-52
344
664
703
708
918
1113
840
48
-729
-962
-713
-483
-546
-667
-540
-277
-242
-468
-513
-12
800
1304
1209
822
575
480
230
-231
-540
-403
-63
-62
-556
-1097
-1174
-796
-381
-152
99
586
1080
1127
662
173
142
470
648
407
-2
-236
-350
-652
-1146
-1388
-1020
-271
257
286
120
175
440
574
473
437
716
1062
959
284
-497
-858
-789
-683
-746
-752
-464
-72
7
-282
-481
-163
528
1043
1085
883
765
682
340
-263
-700
-618
-227
-75
-386
-814
-916
-684
-455
-357
-131
432
1064
1251
863
335
157
311
390
182
-82
-139
-127
-396
-959
-1348
-1141
-488
71
242
242
388
623
631
373
215
458
874
931
435
-245
-638
-712
-769
-925
-919
-531
1
200
-46
-317
-168
342
764
851
794
839
860
528
-153
-724
-774
-436
-213
-359
-620
-645
-468
-381
-443
-332
203
905
1238
998
535
295
295
224
-45
-259
-187
-21
-171
-701
-1168
-1125
-637
-150
79
221
505
802
779
413
112
234
620
769
450
-61
-388
-520
-712
-1003
-1076
-685
-66
273
149
-95
-43
289
557
590
593
770
933
703
40
-611
-805
-597
-404
-456
-557
-451
-232
-202
-390
-428
-10
667
1087
1008
685
479
400
192
-192
-449
-335
-53
-52
-462
-911
-975
-661
-316
-126
82
486
895
934
548
144
117
389
536
336
-2
-195
-289
-539
-946
-1146
-841
-224
212
236
99
144
362
473
389
360
589
873
788
233
-408
-704
-647
-560
-611
-616
-380
-59
6
-231
-394
-133
432
852
887
721
625
557
278
-214
-571
-504
-185
-61
-314
-663
-745
-557
-370
-290
-106
351
864
1016
700
272
128
252
316
148
-66
-113
-102
-320
-776
-1090
-923
-394
57
195
195
313
502
509
300
173
369
704
750
350
-197
-513
-572
-618
-743
-738
-426
1
161
-37
-254
-134
274
612
681
635
671
687
422
-123
-579
-618
-348
-170
-286
-494
-514
-373
-303
-353
-264
162
720
984
793
425
234
234
178
-35
-205
-148
-17
-135
-555
-924
-890
-503
-118
62
175
399
633
615
325
88
185
488
605
354
-48
-305
-408
-559
-788
-845
-537
-51
214
117
-74
-34
226
436
462
464
602
729
550
31
-477
-629
-465
-315
-356
-434
-352
-181
-157
-304
-333
-8
518
845
782
532
372
310
149
-149
-348
-259
-41
-40
-357
-705
-753
-510
-244
-97
63
375
690
719
422
111
90
299
412
258
-2
-150
-222
-413
-726
-878
-645
-171
162
180
75
110
277
361
297
275
450
666
601
178
-311
-536
-493
-426
-465
-469
-289
-45
4
-175
-299
-101
327
646
672
546
473
422
210
-162
-431
-381
-140
-46
-237
-500
-562
-419
-278
-218
-80
264
650
763
526
204
96
189
237
111
-50
-84
-77
-239
-580
-814
-689
-294
43
146
145
234
374
379
223
129
274
523
557
260
-146
-381
-424
-458
-551
-546
-315
0
119
-27
-188
-99
202
451
502
468
494
506
311
-90
-425
-454
-255
-125
-210
-362
-377
-273
-222
-258
-193
118
526
719
579
310
171
171
129
-26
-149
-108
-12
-99
-403
-671
-646
-365
-86
45
127
289
458
445
235
64
134
353
437
256
-35
-220
-294
-403
-567
-608
-386
-37
154
84
-53
-24
162
312
331
332
431
521
393
22
-340
-448
-332
-224
-253
-309
-250
-128
-112
-216
-237
-6
368
599
554
376
263
219
105
-105
-246
-183
-29
-28
-252
-496
-530
-359
-171
-68
44
263
484
504
296
77
63
209
288
181
-1
-104
-155
-288
-506
-612
-449
-119
113
125
52
77
192
251
206
190
311
461
416
123
-215
-370
-340
-294
-320
-323
-199
-31
3
-120
-205
-69
224
443
460
374
323
288
143
-111
-294
-260
-95
-31
-161
-340
-382
-285
-189
-148
-54
179
440
517
356
138
65
128
160
75
-33
-57
-52
-161
-390
-547
-463
-198
29
98
97
156
250
253
149
86
183
349
371
173
-97
-253
-282
-304
-365
-362
-209
0
79
-18
-124
-66
133
298
331
308
325
333
204
-59
-279
-298
-168
-82
-137
-237
-247
-179
-145
-168
-126
77
343
468
377
202
111
111
84
-17
-97
-70
-8
-64
-260
-433
-417
-235
-55
29
81
186
294
285
151
41
85
226
279
163
-22
-140
-188
-256
-361
-386
-245
-23
98
53
-34
-15
103
197
209
210
271
328
247
14
-214
-282
-208
-141
-159
-194
-156
-80
-70
-135
-148
-3
229
372
345
234
163
136
65
-65
-152
-113
-18
-17
-155
-306
-326
-221
-105
-42
27
161
297
309
181
47
39
128
176
110
-1
-63
-94
-175
-307
-371
-272
-72
68
76
32
46
116
151
124
114
187
276
249
74
-128
-221
-203
-175
-191
-192
-118
-18
2
-71
-121
-41
133
261
271
220
190
170
84
-65
-173
-152
-56
-18
-94
-198
-223
-166
-110
-86
-32
104
255
299
206
80
37
74
92
43
-19
-33
-30
-92
-223
-313
-265
-113
16
56
55
89
142
144
85
49
103
197
209
98
-55
-142
-158
-171
-205
-203
-117
0
44
-10
-69
-36
74
165
184
171
180
184
113
-33
-154
-164
-92
-45
-75
-130
-135
-98
-79
-92
-69
42
186
254
204
109
60
60
45
-9
-52
-38
-4
-34
-139
-232
-223
-126
-29
15
43
99
156
151
80
22
45
119
147
86
-12
-74
-98
-134
-189
-202
-128
-12
51
28
-18
-8
53
102
108
108
140
169
127
7
-109
-144
-106
-72
-81
-98
-79
-41
-35
-68
-74
-2
115
187
173
117
82
68
32
-32
-76
-56
-9
-9
-77
-151
-161
-109
-52
-21
13
79
145
150
88
23
19
62
85
53
0
-31
-45
-84
-147
-177
-130
-34
32
36
15
22
55
71
58
54
88
129
116
34
-60
-103
-94
-81
-88
-89
-55
-8
1
-33
-56
-19
61
119
124
100
86
77
38
-29
-78
-68
-25
-8
-42
-88
-99
-74
-49
-38
-14
46
112
131
90
35
16
32
40
19
-8
-14
-13
-40
-96
-134
-113
-48
7
24
24
38
60
61
36
20
43
82
87
41
-23
-59
-65
-70
-84
-83
-48
0
18
-4
-28
-15
30
67
74
69
72
74
45
-13
-61
-65
-36
-18
-30
-51
-53
-38
-31
-36
-27
16
72
97
78
42
23
23
17
-3
-20
-14
-2
-13
-52
-86
-83
-46
-11
6
16
36
57
55
29
8
16
43
53
31
-4
-26
-35
-47
-66
-71
-45
-4
18
10
-6
-3
18
35
37
37
47
57
43
2
-37
-48
-35
-24
-27
-32
-26
-13
-11
-22
-24
-1
37
60
55
37
26
21
10
-10
-24
-17
-3
-3
-24
-46
-49
-33
-16
-6
4
24
43
45
26
7
5
18
25
15
0
-9
-13
-24
-42
-50
-36
-10
9
10
4
6
15
19
16
14
23
34
31
9
-16
-27
-24
-21
-23
-23
-14
-2
0
-8
-14
-5
15
29
30
24
21
18
9
-7
-18
-16
-6
-2
-10
-20
-23
-17
-11
-9
-3
10
25
29
20
8
3
7
8
4
-2
-3
-3
-8
-19
-27
-23
-10
1
5
5
7
11
12
7
4
8
15
16
7
-4
-11
-12
-12
-15
-14
-8
0
3
-1
-5
-2
5
11
12
11
11
11
7
-2
-9
-10
-5
-3
-4
-7
-7
-5
-4
-5
-4
2
10
13
10
5
3
3
2
0
-2
-2
0
-1
-6
-10
-9
-5
-1
1
2
4
6
6
3
1
2
4
5
3
0
-2
-3
-4
-6
-6
-4
0
1
1
0
0
1
2
3
2
3
4
3
0
-2
-3
-2
-1
-1
-2
-1
-1
-1
-1
-1
0
2
3
2
1
1
1
0
0
-1
-1
0
0
-1
-1
-1
-1
0
0
0
0
1
1
0
0
0
0
0
0
0
0
0
0
0
0
0
0
0
0
0
0
0
0
0
0
0
0
0
0
0
0
0
0
0
0
0
0
0
0
0
0
0
0
0
0
0
0
0
0
0
0
0
0
0
0
0
0
0
0
0
0
0
1
0
0
0
-1
-1
0
0
-1
-1
0
0
-1
-1
0
1
2
2
1
1
1
0
0
-1
-1
0
0
-1
-2
-3
-2
-1
0
0
2
3
3
2
1
0
2
2
1
0
-1
-1
-3
-5
-6
-4
-1
1
1
1
1
2
3
3
2
4
6
6
2
-3
-5
-5
-4
-5
-5
-3
-1
0
-2
-4
-1
4
8
9
7
7
6
3
-2
-7
-6
-2
-1
-4
-8
-10
-7
-5
-4
-1
5
12
15
10
4
2
4
5
2
-1
-2
-2
-5
-14
-19
-17
-7
1
4
4
6
10
10
6
4
8
15
16
8
-4
-12
-13
-14
-18
-18
-10
0
4
-1
-7
-3
7
16
18
17
19
19
12
-4
-17
-18
-10
-5
-9
-15
-16
-12
-10
-12
-9
5
25
34
28
15
8
8
7
-1
-8
-6
-1
-5
-22
-37
-36
-20
-5
3
7
17
27
27
14
4
8
22
28
16
-2
-15
-20
-27
-39
-42
-27
-3
11
6
-4
-2
12
24
25
26
34
41
31
2
-28
-37
-28
-19
-21
-26
-22
-11
-10
-19
-21
-1
34
56
52
36
25
21
10
-10
-24
-18
-3
-3
-26
-52
-56
-38
-18
-7
5
29
54
57
34
9
7
25
34
22
0
-13
-19
-36
-63
-77
-57
-15
15
16
7
10
26
34
28
26
44
65
59
18
-31
-54
-50
-44
-48
-49
-30
-5
0
-19
-33
-11
36
72
76
62
54
49
24
-19
-51
-45
-17
-6
-29
-61
-69
-52
-35
-28
-10
34
84
100
69
27
13
26
32
15
-7
-12
-11
-34
-82
-117
-99
-43
6
21
22
35
56
58
34
20
43
82
88
41
-23
-61
-69
-75
-91
-91
-53
0
20
-5
-32
-17
35
79
89
83
89
92
57
-17
-79
-84
-48
-24
-40
-69
-73
-53
-43
-51
-38
24
106
145
118
64
35
36
27
-5
-32
-23
-3
-21
-88
-147
-143
-81
-19
10
29
66
105
103
55
15
32
84
105
62
-8
-54
-72
-100
-141
-152
-98
-9
39
22
-14
-6
43
83
88
89
116
141
107
6
-94
-125
-93
-63
-72
-88
-72
-37
-33
-63
-70
-2
110
180
168
115
81
68
33
-33
-77
-58
-9
-9
-81
-161
-173
-118
-57
-23
15
89
164
172
101
27
22
73
101
64
0
-37
-56
-104
-184
-224
-166
-44
42
47
20
29
74
97
80
74
122
182
165
49
-86
-150
-138
-120
-132
-134
-83
-13
1
-51
-88
-30
97
192
201
164
143
128
64
-50
-133
-118
-44
-14
-75
-159
-179
-135
-90
-71
-26
86
214
253
175
68
32
64
81
38
-17
-29
-27
-84
-204
-287
-244
-105
15
52
53
85
137
139
83
48
102
196
210
99
-56
-146
-163
-177
-214
-214
-124
0
47
-11
-75
-40
82
184
206
193
205
211
130
-38
-180
-193
-109
-54
-90
-157
-164
-120
-98
-114
-86
53
236
324
263
141
78
79
60
-12
-70
-51
-6
-47
-192
-322
-311
-177
-42
22
62
143
227
222
118
32
68
179
223
131
-18
-114
-153
-211
-298
-321
-205
-20
83
45
-29
-13
89
172
183
184
240
292
221
13
-194
-256
-191
-130
-147
-180
-147
-76
-66
-128
-141
-3
222
363
338
230
162
136
65
-66
-154
-115
-18
-18
-161
-319
-342
-233
-112
-45
29
174
322
337
199
52
43
143
197
124
-1
-72
-108
-202
-356
-433
-319
-85
81
90
38
56
141
184
152
141
232
345
313
93
-163
-283
-261
-227
-248
-251
-156
-24
2
-96
-164
-56
181
358
374
305
266
238
119
-92
-246
-218
-80
-27
-138
-291
-329
-246
-164
-129
-48
158
390
460
318
124
58
116
146
68
-31
-53
-48
-150
-366
-516
-438
-188
27
94
94
152
244
248
147
85
182
348
372
174
-98
-257
-288
-312
-377
-375
-218
0
83
-19
-132
-70
143
320
358
335
355
365
225
-66
-311
-333
-188
-92
-156
-270
-282
-206
-168
-196
-147
90
404
554
448
241
133
134
102
-20
-118
-86
-10
-79
-325
-543
-525
-298
-70
37
104
239
381
372
197
54
113
299
373
219
-30
-190
-255
-350
-495
-533
-340
-33
137
75
-48
-22
146
283
301
303
395
480
363
21
-317
-419
-312
-212
-240
-294
-239
-123
-107
-209
-230
-5
359
588
546
373
262
219
105
-106
-248
-186
-29
-29
-258
-511
-549
-373
-179
-72
47
278
513
537
316
83
68
227
313
197
-1
-115
-171
-319
-563
-684
-503
-134
128
142
60
88
221
289
239
221
363
540
489
145
-255
-441
-407
-353
-387
-391
-242
-38
4
-148
-254
-86
280
554
578
472
410
367
183
-142
-379
-336
-124
-41
-211
-447
-504
-377
-252
-198
-73
241
595
701
485
189
89
176
222
104
-47
-80
-73
-228
-553
-780
-662
-284
41
141
142
228
367
373
221
128
273
522
558
261
-147
-385
-431
-467
-563
-561
-325
0
123
-28
-196
-104
212
476
531
497
527
541
333
-97
-460
-492
-278
-136
-230
-398
-416
-303
-247
-288
-216
133
593
813
657
353
195
196
149
-30
-173
-125
-14
-115
-473
-791
-764
-433
-102
54
152
347
553
539
286
78
163
433
539
316
-43
-274
-368
-505
-714
-768
-490
-47
196
108
-69
-31
210
406
431
434
565
686
519
30
-453
-599
-445
-302
-342
-419
-340
-175
-153
-296
-326
-8
510
833
774
528
370
310
149
-150
-351
-262
-41
-41
-364
-720
-772
-525
-252
-101
65
390
720
753
443
116
95
317
438
275
-2
-160
-238
-446
-785
-953
-702
-187
178
198
83
122
307
401
331
307
504
749
678
201
-352
-610
-562
-488
-534
-540
-334
-52
5
-204
-349
-119
385
761
794
648
562
503
251
-194
-519
-460
-169
-56
-288
-610
-688
-515
-343
-270
-99
328
810
955
660
257
121
240
301
141
-63
-108
-98
-309
-749
-1056
-896
-384
56
191
191
308
495
503
298
172
367
703
751
351
-198
-518
-579
-627
-756
-752
-436
1
165
-38
-263
-139
284
636
710
664
703
722
445
-129
-612
-655
-370
-182
-306
-530
-553
-402
-328
-382
-286
176
786
1077
870
467
258
259
197
-39
-229
-165
-19
-152
-624
-1042
-1006
-571
-135
71
200
457
726
708
376
102
214
568
706
414
-56
-359
-481
-660
-933
-1003
-640
-61
256
141
-89
-41
274
528
561
565
735
893
674
39
-588
-777
-577
-391
-443
-543
-440
-227
-198
-383
-422
-10
659
1077
1000
681
478
399
192
-193
-452
-337
-53
-52
-468
-926
-993
-674
-323
-129
84
500
924
965
568
149
122
406
560
352
-2
-205
-305
-569
-1002
-1216
-895
-239
226
252
106
155
390
511
421
390
640
951
860
255
-447
-773
-713
-618
-676
-683
-422
-65
6
-258
-441
-150
486
961
1002
817
709
634
316
-245
-653
-578
-213
-70
-363
-767
-864
-647
-431
-339
-124
411
1016
1196
826
322
151
300
376
176
-79
-135
-123
-385
-935
-1317
-1118
-479
70
238
238
384
616
626
370
214
456
873
932
436
-246
-642
-718
-777
-936
-931
-539
1
204
-47
-325
-172
351
786
877
820
868
891
548
-160
-755
-807
-456
-224
-376
-651
-680
-494
-403
-469
-352
216
964
1321
1067
573
316
317
241
-48
-280
-203
-23
-186
-763
-1274
-1229
-697
-164
86
243
557
886
862
457
124
261
691
859
504
-69
-436
-585
-802
-1133
-1217
-776
-74
311
170
-108
-50
331
639
679
684
889
1079
815
47
-710
-938
-696
-472
-535
-654
-531
-273
-238
-462
-508
-12
793
1295
1202
819
574
480
230
-231
-542
-405
-64
-63
-561
-1110
-1189
-808
-387
-155
100
598
1104
1154
679
178
146
485
668
420
-2
-244
-363
-678
-1193
-1447
-1065
-284
269
300
126
184
464
606
500
463
760
1128
1020
303
-530
-916
-844
-732
-800
-808
-500
-77
7
-305
-521
-177
574
1134
1183
964
836
747
373
-289
-770
-681
-250
-82
-427
-902
-1016
-761
-506
-398
-146
483
1192
1404
969
377
177
351
441
207
-93
-158
-144
-451
-1094
-1540
-1306
-560
81
278
278
448
719
730
432
249
532
1017
1086
508
-286
-747
-835
-903
-1089
-1082
-627
1
237
-55
-377
-199
407
911
1016
950
1005
1032
635
-185
-873
-934
-527
-258
-435
-753
-786
-571
-465
-542
-406
249
1112
1523
1229
660
364
365
277
-56
-322
-233
-26
-214
-877
-1463
-1412
-800
-189
99
279
639
1015
988
524
142
299
791
983
576
-78
-499
-668
-917
-1295
-1391
-886
-85
355
194
-124
-56
378
729
773
779
1012
1229
928
53
-808
-1067
-792
-537
-608
-743
-603
-310
-270
-524
-576
-14
899
1468
1363
928
650
543
261
-262
-613
-458
-72
-71
-634
-1254
-1343
-912
-437
-175
113
675
1245
1301
765
201
164
546
752
473
-3
-275
-408
-762
-1341
-1627
-1196
-319
302
337
141
207
520
680
560
519
851
1263
1142
339
-593
-1025
-944
-818
-895
-904
-558
-86
8
-340
-582
-197
640
1265
1319
1074
932
832
415
-321
-857
-758
-279
-92
-475
-1003
-1130
-845
-562
-442
-162
536
1323
1557
1075
418
197
389
488
229
-103
-175
-159
-499
-1210
-1703
-1444
-619
90
307
307
495
794
805
476
275
586
1121
1196
560
-315
-823
-919
-994
-1198
-1191
-689
1
261
-60
-414
-219
447
1001
1115
1042
1103
1132
696
-202
-957
-1024
-577
-283
-476
-824
-860
-624
-509
-592
-444
272
1215
1664
1343
721
398
399
303
-61
-351
-254
-29
-233
-955
-1594
-1537
-871
-205
108
304
695
1104
1074
570
155
325
859
1067
626
-85
-541
-725
-994
-1403
-1507
-960
-92
384
210
-134
-61
409
788
836
842
1094
1327
1002
57
-872
-1152
-854
-579
-655
-801
-650
-334
-291
-564
-620
-15
968
1579
1466
998
699
584
280
-281
-659
-492
-77
-76
-681
-1345
-1440
-978
-468
-187
121
723
1334
1393
819
215
176
584
805
505
-3
-294
-436
-814
-1432
-1736
-1277
-340
322
359
150
220
554
724
596
552
906
1344
1216
361
-631
-1090
-1004
-870
-951
-960
-593
-92
9
-361
-617
-209
678
1341
1398
1138
987
882
440
-340
-907
-802
-295
-97
-502
-1060
-1194
-893
-594
-466
-171
566
1396
1643
1134
441
207
410
515
241
-108
-185
-168
-525
-1273
-1792
-1519
-650
94
323
323
520
833
846
500
288
615
1176
1255
587
-330
-862
-963
-1041
-1254
-1247
-721
1
273
-63
-433
-229
467
1046
1165
1089
1151
1181
726
-211
-998
-1067
-602
-295
-496
-858
-895
-650
-529
-616
-462
283
1264
1730
1396
749
413
414
314
-63
-364
-263
-30
-242
-990
-1652
-1593
-903
-213
112
315
719
1143
1112
589
160
336
888
1103
646
-88
-559
-748
-1026
-1448
-1555
-990
-95
396
217
-138
-63
421
812
861
867
1126
1366
1031
59
-897
-1184
-878
-595
-673
-823
-667
-343
-299
-579
-636
-15
992
1619
1502
1022
716
598
287
-288
-674
-503
-79
-78
-696
-1375
-1472
-999
-478
-191
124
738
1361
1421
835
219
179
595
820
515
-3
-299
-444
-829
-1457
-1766
-1298
-346
328
365
153
224
563
735
606
561
919
1364
1233
366
-639
-1105
-1017
-881
-963
-972
-600
-93
9
-365
-624
-212
686
1356
1412
1150
997
890
444
-343
-915
-809
-297
-98
-506
-1068
-1203
-899
-598
-470
-172
569
1404
1652
1140
443
208
412
517
242
-109
-185
-168
-527
-1277
-1797
-1523
-652
95
323
323
520
835
846
500
288
615
1176
1254
586
-330
-862
-962
-1040
-1253
-1244
-720
1
272
-63
-432
-228
465
1042
1161
1084
1146
1176
723
-210
-993
-1061
-598
-293
-493
-853
-889
-646
-526
-612
-458
281
1254
1715
1384
743
409
410
311
-62
-361
-261
-30
-239
-979
-1634
-1575
-892
-210
110
311
710
1128
1097
582
158
331
876
1087
637
-87
-550
-737
-1011
-1425
-1530
-974
-93
389
213
-136
-62
413
797
845
851
1105
1340
1011
58
-880
-1161
-861
-583
-659
-806
-653
-336
-293
-567
-622
-15
970
1583
1468
999
700
584
280
-281
-658
-491
-77
-76
-679
-1340
-1435
-973
-466
-186
121
718
1324
1382
812
213
174
578
797
500
-3
-290
-431
-804
-1414
-1714
-1259
-335
318
354
148
217
545
712
586
543
890
1319
1192
354
-618
-1068
-983
-851
-930
-938
-579
-90
9
-353
-602
-204
661
1306
1361
1108
960
857
427
-330
-880
-778
-286
-94
-486
-1026
-1156
-864
-575
-451
-166
546
1347
1585
1093
425
200
395
495
232
-104
-177
-161
-504
-1222
-1719
-1456
-623
90
309
309
497
797
808
477
275
587
1122
1196
559
-314
-821
-916
-991
-1193
-1185
-685
1
259
-59
-410
-217
442
990
1102
1029
1088
1116
686
-199
-942
-1006
-567
-278
-467
-808
-842
-611
-498
-579
-434
266
1185
1622
1308
702
387
387
294
-59
-340
-246
-28
-225
-924
-1540
-1485
-841
-198
104
293
668
1061
1032
547
148
311
823
1022
598
-81
-517
-692
-948
-1337
-1436
-914
-88
365
200
-127
-58
387
746
791
796
1034
1253
946
54
-822
-1084
-804
-544
-616
-752
-609
-313
-273
-528
-580
-14
904
1474
1367
930
651
544
261
-262
-612
-456
-72
-71
-630
-1245
-1332
-904
-432
-173
112
666
1228
1281
753
197
161
535
738
463
-3
-269
-399
-744
-1307
-1584
-1164
-310
293
326
137
200
503
657
541
500
820
1216
1098
326
-569
-983
-904
-783
-855
-863
-533
-82
8
-324
-553
-187
607
1199
1248
1016
880
786
392
-303
-806
-713
-262
-86
-445
-939
-1057
-790
-525
-412
-151
499
1230
1447
998
388
182
360
452
211
-95
-162
-147
-459
-1112
-1564
-1325
-567
82
281
281
452
724
734
433
250
533
1018
1085
507
-285
-744
-830
-897
-1080
-1072
-620
1
234
-54
-371
-196
400
894
996
930
983
1007
619
-180
-849
-907
-511
-250
-421
-727
-758
-550
-448
-521
-390
239
1066
1457
1175
630
347
348
264
-53
-305
-221
-25
-202
-828
-1380
-1330
-753
-177
93
262
598
949
923
489
132
278
735
912
534
-73
-461
-617
-846
-1192
-1279
-814
-78
325
178
-113
-52
344
664
703
708
918
1113
840
48
-729
-962
-713
-483
-546
-667
-540
-277
-242
-468
-513
-12
800
1304
1209
822
575
480
230
-231
-540
-403
-63
-62
-556
-1097
-1174
-796
-381
-152
99
586
1080
1127
662
173
142
470
648
407
-2
-236
-350
-652
-1146
-1388
-1020
-271
257
286
120
175
440
574
473
437
716
1062
959
284
-497
-858
-789
-683
-746
-752
-464
-72
7
-282
-481
-163
528
1043
1085
883
765
682
340
-263
-700
-618
-227
-75
-386
-814
-916
-684
-455
-357
-131
432
1064
1251
863
335
157
311
390
182
-82
-139
-127
-396
-959
-1348
-1141
-488
71
242
242
388
623
631
373
215
458
874
931
435
-245
-638
-712
-769
-925
-919
-531
1
200
-46
-317
-168
342
764
851
794
839
860
528
-153
-724
-774
-436
-213
-359
-620
-645
-468
-381
-443
-332
203
905
1238
998
535
295
295
224
-45
-259
-187
-21
-171
-701
-1168
-1125
-637
-150
79
221
505
802
779
413
112
234
620
769
450
-61
-388
-520
-712
-1003
-1076
-685
-66
273
149
-95
-43
289
557
590
593
770
933
703
40
-611
-805
-597
-404
-456
-557
-451
-232
-202
-390
-428
-10
667
1087
1008
685
479
400
192
-192
-449
-335
-53
-52
-462
-911
-975
-661
-316
-126
82
486
895
934
548
144
117
389
536
336
-2
-195
-289
-539
-946
-1146
-841
-224
212
236
99
144
362
473
389
360
589
873
788
233
-408
-704
-647
-560
-611
-616
-380
-59
6
-231
-394
-133
432
852
887
721
625
557
278
-214
-571
-504
-185
-61
-314
-663
-745
-557
-370
-290
-106
351
864
1016
700
272
128
252
316
148
-66
-113
-102
-320
-776
-1090
-923
-394
57
195
195
313
502
509
300
173
369
704
750
350
-197
-513
-572
-618
-743
-738
-426
1
161
-37
-254
-134
274
612
681
635
671
687
422
-123
-579
-618
-348
-170
-286
-494
-514
-373
-303
-353
-264
162
720
984
793
425
234
234
178
-35
-205
-148
-17
-135
-555
-924
-890
-503
-118
62
175
399
633
615
325
88
185
488
605
354
-48
-305
-408
-559
-788
-845
-537
-51
214
117
-74
-34
226
436
462
464
602
729
550
31
-477
-629
-465
-315
-356
-434
-352
-181
-157
-304
-333
-8
518
845
782
532
372
310
149
-149
-348
-259
-41
-40
-357
-705
-753
-510
-244
-97
63
375
690
719
422
111
90
299
412
258
-2
-150
-222
-413
-726
-878
-645
-171
162
180
75
110
277
361
297
275
450
666
601
178
-311
-536
-493
-426
-465
-469
-289
-45
4
-175
-299
-101
327
646
672
546
473
422
210
-162
-431
-381
-140
-46
-237
-500
-562
-419
-278
-218
-80
264
650
763
526
204
96
189
237
111
-50
-84
-77
-239
-580
-814
-689
-294
43
146
145
234
374
379
223
129
274
523
557
260
-146
-381
-424
-458
-551
-546
-315
0
119
-27
-188
-99
202
451
502
468
494
506
311
-90
-425
-454
-255
-125
-210
-362
-377
-273
-222
-258
-193
118
526
719
579
310
171
171
129
-26
-149
-108
-12
-99
-403
-671
-646
-365
-86
45
127
289
458
445
235
64
134
353
437
256
-35
-220
-294
-403
-567
-608
-386
-37
154
84
-53
-24
162
312
331
332
431
521
393
22
-340
-448
-332
-224
-253
-309
-250
-128
-112
-216
-237
-6
368
599
554
376
263
219
105
-105
-246
-183
-29
-28
-252
-496
-530
-359
-171
-68
44
263
484
504
296
77
63
209
288
181
-1
-104
-155
-288
-506
-612
-449
-119
113
125
52
77
192
251
206
190
311
461
416
123
-215
-370
-340
-294
-320
-323
-199
-31
3
-120
-205
-69
224
443
460
374
323
288
143
-111
-294
-260
-95
-31
-161
-340
-382
-285
-189
-148
-54
179
440
517
356
138
65
128
160
75
-33
-57
-52
-161
-390
-547
-463
-198
29
98
97
156
250
253
149
86
183
349
371
173
-97
-253
-282
-304
-365
-362
-209
0
79
-18
-124
-66
133
298
331
308
325
333
204
-59
-279
-298
-168
-82
-137
-237
-247
-179
-145
-168
-126
77
343
468
377
202
111
111
84
-17
-97
-70
-8
-64
-260
-433
-417
-235
-55
29
81
186
294
285
151
41
85
226
279
163
-22
-140
-188
-256
-361
-386
-245
-23
98
53
-34
-15
103
197
209
210
271
328
247
14
-214
-282
-208
-141
-159
-194
-156
-80
-70
-135
-148
-3
229
372
345
234
163
136
65
-65
-152
-113
-18
-17
-155
-306
-326
-221
-105
-42
27
161
297
309
181
47
39
128
176
110
-1
-63
-94
-175
-307
-371
-272
-72
68
76
32
46
116
151
124
114
187
276
249
74
-128
-221
-203
-175
-191
-192
-118
-18
2
-71
-121
-41
133
261
271
220
190
170
84
-65
-173
-152
-56
-18
-94
-198
-223
-166
-110
-86
-32
104
255
299
206
80
37
74
92
43
-19
-33
-30
-92
-223
-313
-265
-113
16
56
55
89
142
144
85
49
103
197
209
98
-55
-142
-158
-171
-205
-203
-117
0
44
-10
-69
-36
74
165
184
171
180
184
113
-33
-154
-164
-92
-45
-75
-130
-135
-98
-79
-92
-69
42
186
254
204
109
60
60
45
-9
-52
-38
-4
-34
-139
-232
-223
-126
-29
15
43
99
156
151
80
22
45
119
147
86
-12
-74
-98
-134
-189
-202
-128
-12
51
28
-18
-8
53
102
108
108
140
169
127
7
-109
-144
-106
-72
-81
-98
-79
-41
-35
-68
-74
-2
115
187
173
117
82
68
32
-32
-76
-56
-9
-9
-77
-151
-161
-109
-52
-21
13
79
145
150
88
23
19
62
85
53
0
-31
-45
-84
-147
-177
-130
-34
32
36
15
22
55
71
58
54
88
129
116
34
-60
-103
-94
-81
-88
-89
-55
-8
1
-33
-56
-19
61
119
124
100
86
77
38
-29
-78
-68
-25
-8
-42
-88
-99
-74
-49
-38
-14
46
112
131
90
35
16
32
40
19
-8
-14
-13
-40
-96
-134
-113
-48
7
24
24
38
60
61
36
20
43
82
87
41
-23
-59
-65
-70
-84
-83
-48
0
18
-4
-28
-15
30
67
74
69
72
74
45
-13
-61
-65
-36
-18
-30
-51
-53
-38
-31
-36
-27
16
72
97
78
42
23
23
17
-3
-20
-14
-2
-13
-52
-86
-83
-46
-11
6
16
36
57
55
29
8
16
43
53
31
-4
-26
-35
-47
-66
-71
-45
-4
18
10
-6
-3
18
35
37
37
47
57
43
2
-37
-48
-35
-24
-27
-32
-26
-13
-11
-22
-24
-1
37
60
55
37
26
21
10
-10
-24
-17
-3
-3
-24
-46
-49
-33
-16
-6
4
24
43
45
26
7
5
18
25
15
0
-9
-13
-24
-42
-50
-36
-10
9
10
4
6
15
19
16
14
23
34
31
9
-16
-27
-24
-21
-23
-23
-14
-2
0
-8
-14
-5
15
29
30
24
21
18
9
-7
-18
-16
-6
-2
-10
-20
-23
-17
-11
-9
-3
10
25
29
20
8
3
7
8
4
-2
-3
-3
-8
-19
-27
-23
-10
1
5
5
7
11
12
7
4
8
15
16
7
-4
-11
-12
-12
-15
-14
-8
0
3
-1
-5
-2
5
11
12
11
11
11
7
-2
-9
-10
-5
-3
-4
-7
-7
-5
-4
-5
-4
2
10
13
10
5
3
3
2
0
-2
-2
0
-1
-6
-10
-9
-5
-1
1
2
4
6
6
3
1
2
4
5
3
0
-2
-3
-4
-6
-6
-4
0
1
1
0
0
1
2
3
2
3
4
3
0
-2
-3
-2
-1
-1
-2
-1
-1
-1
-1
-1
0
2
3
2
1
1
1
0
0
-1
-1
0
0
-1
-1
-1
-1
0
0
0
0
1
1
0
0
0
0
0
0
0
0
0
0
0
0
0
0
0
0
0
0
0
0
0
0
0
0
0
0
0
0
0
0
0
0
